{"type": "FeatureCollection", "features": [{"type": "Feature", "properties": {"dpto_ccdgo": "05", "dpto_cnmbr": "ANTIOQUIA", "dpto_ano_c": 1886, "dpto_act_a": "Constitucion Politica de 1886", "dpto_narea": 62806.9827292, "dpto_nano": 2024, "shape_Leng": 21.4793456685, "shape_Area": 5.13510165453}, "geometry": {"type": "Polygon", "coordinates": [[[-76.41354568616998, 8.873828895129506], [-76.38116683457167, 8.794208979517173], [-76.41956591164256, 8.754994156959327], [-76.36788788434052, 8.720674675103933], [-76.34562620530102, 8.639821540507072], [-76.31400316893735, 8.656489664529035], [-76.26605742362955, 8.638807096502816], [-76.26921397220451, 8.62364854939961], [-76.25071510532683, 8.610307220105854], [-76.26544227300246, 8.584190249968064], [-76.24406344724969, 8.572086903428598], [-76.22281106935532, 8.573270137415939], [-76.22385997006643, 8.561772593627296], [-76.23680258719395, 8.554440042565064], [-76.2099963697313, 8.522922530484557], [-76.2096819770976, 8.476781850568877], [-76.21866846266346, 8.443560472886759], [-76.18044527317045, 8.397311060802428], [-76.24287729193861, 8.36998624551386], [-76.30343039296122, 8.311179062063362], [-76.30327582242205, 8.284522207602855], [-76.324119900423, 8.264744126165418], [-76.32804125278244, 8.242091656310436], [-76.35335615878546, 8.19423902145756], [-76.34958237099875, 8.172130406482035], [-76.33114775886793, 8.15145939175405], [-76.34926511633029, 8.15516198530272], [-76.35733513182805, 8.14624227875199], [-76.36815124274392, 8.152946084971097], [-76.37485222375943, 8.1115444459604], [-76.40852664106598, 8.099717150131042], [-76.40872379807178, 8.073925119755112], [-76.42497153715573, 8.074293808404455], [-76.42764859519258, 8.019794602638163], [-76.41157371097165, 8.006952016590901], [-76.41549251121529, 7.95452462216816], [-76.42293247571848, 7.950497502981393], [-76.4211173851213, 7.911825226456528], [-76.43772273212682, 7.905191005591443], [-76.4481277987939, 7.87969046079121], [-76.46353985606265, 7.873088240636987], [-76.46516835025693, 7.848732389372756], [-76.4812725420374, 7.821720748601328], [-76.4834973401891, 7.758035070568318], [-76.49663120430142, 7.74971559990414], [-76.48556311484924, 7.68931944636673], [-76.49229868282737, 7.640469143560985], [-76.51121954712073, 7.613402158439143], [-76.51453012814352, 7.586664648676609], [-76.4943636894273, 7.541824172474653], [-76.48031535040678, 7.537826677952877], [-76.45254228172155, 7.50112587087442], [-76.45573018781306, 7.483870593141852], [-76.43883669786572, 7.469737479142522], [-76.41628621023227, 7.4185046105392916], [-76.38612688995897, 7.3936131644112475], [-75.8454960136263, 7.3470872686284014], [-75.83373334803957, 7.371340718156857], [-75.83210975595568, 7.402072374417413], [-75.81765888063723, 7.415823578352534], [-75.82746759124461, 7.426034582712181], [-75.82508112495901, 7.442187750680418], [-75.80120755889311, 7.446399686706073], [-75.78777923577917, 7.459836913927848], [-75.77512562487516, 7.501377449660119], [-75.7872538592598, 7.512223404429815], [-75.76678166342163, 7.529083543496771], [-75.77639834461093, 7.544913898017176], [-75.77387344423647, 7.56488046052448], [-75.76089425576629, 7.577312092154559], [-75.7652537231271, 7.601943784821305], [-75.748629597724, 7.613541763932045], [-75.7118687570844, 7.58128682155222], [-75.68279033463978, 7.583446756797088], [-75.67129619007846, 7.5979699708076085], [-75.61938526716693, 7.582678508869093], [-75.60518048192341, 7.5855171991070955], [-75.60259930115325, 7.601092160592075], [-75.57089853530266, 7.624923534551298], [-75.55522432876387, 7.624305805757257], [-75.55102694635553, 7.6683994687493335], [-75.53386720363068, 7.689331111000017], [-75.53459315255321, 7.721743720414231], [-75.49570127818942, 7.721711545430096], [-75.47932004575455, 7.749008066459618], [-75.4772883936277, 7.773308402693334], [-75.45616179344808, 7.792756247897814], [-75.4655698865605, 7.827691736475458], [-75.45865801059267, 7.833844361149809], [-75.42243627094427, 7.819389263746624], [-75.4161458374088, 7.839057196371114], [-75.40537832808349, 7.841833868669092], [-75.40434810336205, 7.857527887566807], [-75.34675432473824, 7.874967567116276], [-75.329145997139, 7.92693550165118], [-75.32987310758415, 7.9372114641390565], [-75.33734567736485, 7.938782706857975], [-75.336715725185, 7.948100172462136], [-75.30928456994246, 7.9474359926461045], [-75.29179049376535, 7.960168667934112], [-75.26685873390937, 7.9993218031322195], [-75.24402757642486, 8.007604295516591], [-75.23581608514019, 8.029131049659355], [-75.24705961301225, 8.042105460884695], [-75.22676154944241, 8.062976713842248], [-75.21948123365877, 8.068053315848879], [-75.18765586509079, 8.04428864454759], [-75.15913972288513, 8.055540666895403], [-75.13354406708089, 8.053926693979342], [-75.12550815435344, 8.04013706637394], [-75.10075085824445, 8.055701064810465], [-75.0929976473588, 8.070596875144897], [-75.08195923377565, 8.063612853622681], [-75.08089259401856, 8.05321965730355], [-75.04740590678966, 8.042404003630855], [-75.02386950387142, 8.055088398925426], [-75.0134362184038, 8.070625151437666], [-74.98991255091147, 8.07483349060608], [-74.96835927758138, 8.090578644345458], [-74.95443507595058, 8.078604634648686], [-74.92792783781573, 8.07459763235041], [-74.86711042527645, 8.159158406336878], [-74.86513896571148, 8.199782244727235], [-74.83385996371447, 8.201932673992154], [-74.81645024300303, 8.190049979015155], [-74.81236595498586, 8.167525409595584], [-74.79863011405058, 8.1595135223298], [-74.77356100077986, 8.121778833485504], [-74.76069820441887, 8.130456261516098], [-74.73825826085738, 8.116521690624145], [-74.72858598828071, 8.118374935396721], [-74.71808106570535, 8.098132567419562], [-74.67394269082968, 8.07789507190832], [-74.66768108874618, 8.060034020171058], [-74.65025860116776, 8.051513440809009], [-74.63091895363328, 8.054645816598532], [-74.62568016067269, 8.035816279601923], [-74.61463070498928, 8.031822737670558], [-74.60257088814785, 8.037378417888133], [-74.5911702519939, 8.004327613346474], [-74.55862712894196, 7.960312024794633], [-74.53984755358567, 7.948378450097699], [-74.53661508922391, 7.916082727764699], [-74.52045062133817, 7.903287836008861], [-74.52754520579725, 7.851831360383559], [-74.51722382175711, 7.801741590805445], [-74.52529909420014, 7.782569428899833], [-74.51358117193672, 7.781025399765842], [-74.50703840862337, 7.722627095622487], [-74.49790020377333, 7.711531944401138], [-74.47532153057705, 7.70555226352316], [-74.47646716285334, 7.682159137516087], [-74.53060667121684, 7.671204667970213], [-74.56412940157861, 7.640252022380416], [-74.56838353689687, 7.518105557834653], [-74.58976027675988, 7.511876212482359], [-74.58791288631261, 7.482272249127515], [-74.59850962127479, 7.465657039511234], [-74.5887060966457, 7.445478094440253], [-74.58318390295341, 7.448647800649501], [-74.57913820659161, 7.433598000088043], [-74.56323850297383, 7.43285708342432], [-74.55901989515507, 7.4144762624561755], [-74.5181137870116, 7.38488226951062], [-74.49096935357494, 7.3434600204359475], [-74.46988595700509, 7.347617743091045], [-74.46789617269201, 7.360732924925081], [-74.45226892741874, 7.366186820550032], [-74.44811952766122, 7.377715653583319], [-74.41940567059555, 7.388585668848735], [-74.41187665333234, 7.439584230588037], [-74.42229996479739, 7.4422045159518975], [-74.41244871713081, 7.460350819850167], [-74.37981496567255, 7.46596404888569], [-74.3700943681867, 7.479960931466938], [-74.3199309492714, 7.441663765652552], [-74.36124681078348, 7.394137767480495], [-74.37384168529582, 7.364225166104263], [-74.39762351533182, 7.348115039150541], [-74.40291107157981, 7.330232802426993], [-74.40165173675246, 7.313899192418815], [-74.38630271970732, 7.2992606409221095], [-74.38700357596906, 7.2788679559320375], [-74.40864624162259, 7.219196253824398], [-74.4037633192404, 7.209964371683902], [-74.40909940521368, 7.194124391707533], [-74.39955469081406, 7.188891286884026], [-74.37001640334103, 7.125205812768778], [-74.37201027319526, 7.098079352839528], [-74.35144496600532, 7.081589765529271], [-74.35569575509646, 7.009898842378935], [-74.329484180605, 7.010714086606815], [-74.32215888344427, 7.018860238876957], [-74.30581463108587, 6.999159856383622], [-74.28674807610696, 7.001674358750289], [-74.27720960141028, 7.012199929118608], [-74.24576897889017, 7.002673942811251], [-73.91585233530992, 7.2955837895167415], [-73.92454779433956, 7.2675652937147], [-73.92239731836213, 7.218552697547089], [-73.93876801265196, 7.17676936047472], [-73.93134409297085, 7.1593517049385875], [-73.9311002370078, 7.119065792366212], [-73.888175250791, 7.070210070918316], [-73.88128210201683, 7.019807045974574], [-73.88570790013273, 7.002032470627059], [-73.9340347533086, 6.955847134524672], [-74.01064647813422, 6.913279397802622], [-74.02296036928323, 6.891313163218135], [-74.07723499874618, 6.841886664360296], [-74.08123923512966, 6.821495272046926], [-74.11514600905616, 6.765573502046281], [-74.14261450639651, 6.756588657704036], [-74.1773108039672, 6.724945430790918], [-74.22917779114152, 6.711423022551159], [-74.25901325771702, 6.6733677085567935], [-74.31222182234512, 6.654311719571295], [-74.33022578717544, 6.629572731143178], [-74.35939388670971, 6.632838418823787], [-74.40680612573834, 6.591356235003928], [-74.40673399455676, 6.542633674529953], [-74.39379523210323, 6.5004606434852645], [-74.4046812661399, 6.470891262601504], [-74.36949796271955, 6.412217322770052], [-74.39025347844097, 6.394085117043122], [-74.42353263760589, 6.38997770277896], [-74.44039386094079, 6.3710541525213165], [-74.45038759499971, 6.3318787049503955], [-74.53591790168474, 6.267952350992997], [-74.57341573334713, 6.21566124188729], [-74.57492607742785, 6.192109185813506], [-74.61171003533133, 6.12664456002935], [-74.5845133315816, 6.088208060911786], [-74.56174784458995, 6.078295787046385], [-74.57163125825753, 6.034521128642365], [-74.56331740925464, 5.997633861705124], [-74.5689774154011, 5.986948755805132], [-74.59411056512783, 5.985965580384193], [-74.61237676097494, 5.969879922659998], [-74.60660669494882, 5.942475962138589], [-74.58570502321413, 5.92501912295688], [-74.58538663666752, 5.9030618041586775], [-74.5903762457529, 5.894692423057515], [-74.62407820991956, 5.882350299633694], [-74.6380415907044, 5.866365644068889], [-74.6517758874345, 5.82822462084669], [-74.65045044732938, 5.793015641759544], [-74.66496042555241, 5.768536585557616], [-74.68056026410284, 5.779162468178692], [-74.71367492543845, 5.772378031810357], [-74.7129680935787, 5.755808273390419], [-74.72034918424782, 5.7576214218283335], [-74.72713064988534, 5.743787236851053], [-74.72944348570002, 5.70646776762834], [-74.75240522599154, 5.696477291761809], [-74.76557638099769, 5.699741047164702], [-74.77154407205222, 5.689813935813932], [-74.79733964359065, 5.702322766026128], [-74.80570546736072, 5.698640870576389], [-74.8110768409831, 5.709267097252473], [-74.82905520111245, 5.713065508778943], [-74.84079997943104, 5.738209580230834], [-74.86512118534284, 5.7472074789011405], [-74.93157689442586, 5.733514115736664], [-74.970545143616, 5.715091599431395], [-74.99330102760962, 5.715334121395187], [-74.9915301602108, 5.7060633718163185], [-75.00895971124794, 5.682035391519039], [-75.04792888300864, 5.660875497952535], [-75.06446341306889, 5.665998027262963], [-75.09365279191258, 5.655369819800061], [-75.09918258176492, 5.642128485653513], [-75.08902284968894, 5.6154095476759895], [-75.09628698320819, 5.608256009433029], [-75.0873789942911, 5.598221951765805], [-75.0916233415582, 5.585212499029984], [-75.12984004431138, 5.553236625702096], [-75.13760889218366, 5.527219586032861], [-75.18140726702978, 5.523468707100861], [-75.2207268197597, 5.5029362064119525], [-75.27592951385537, 5.418558388851975], [-75.28619904709598, 5.450210200971066], [-75.28258062306145, 5.475688820572677], [-75.31773334870354, 5.462543965564518], [-75.31082341040332, 5.508665876065707], [-75.32884782719395, 5.524572573073022], [-75.3269323605636, 5.541776077261253], [-75.3338559972845, 5.5500542191012485], [-75.32778837216819, 5.557820779860697], [-75.34582706589504, 5.58710956725031], [-75.34020931743157, 5.60300942358128], [-75.36528883230324, 5.6015698479368305], [-75.38311099683972, 5.621509730458876], [-75.36839402864399, 5.640842852625354], [-75.3768925588401, 5.674191474972157], [-75.40662824676252, 5.681229082840413], [-75.41271967096463, 5.694287562968498], [-75.42893172444548, 5.696602869152095], [-75.47816141125247, 5.664284378101859], [-75.51989426206865, 5.695120346816313], [-75.5354901543169, 5.690976257004815], [-75.54337074281807, 5.720071071020542], [-75.57258375815235, 5.723106890416526], [-75.59844156142998, 5.737454049762423], [-75.59959904968082, 5.680911988970514], [-75.57235897972623, 5.66470785773895], [-75.58976235293682, 5.643035726422982], [-75.569125484996, 5.539935356810353], [-75.56930394624919, 5.522803239099665], [-75.57822692536541, 5.515694597792085], [-75.59643514299955, 5.518102795239953], [-75.6166248687615, 5.532308178761425], [-75.62734434063873, 5.52587173474017], [-75.67047090806761, 5.5294738920684825], [-75.68945043598904, 5.51941258039213], [-75.73026679877086, 5.5640989765354405], [-75.76475946607064, 5.548318390518098], [-75.77149215135273, 5.53729197125053], [-75.78567968713236, 5.539968863997151], [-75.83249416693167, 5.488838933424403], [-75.85232864015666, 5.493564043244826], [-75.86227499613142, 5.506332880243463], [-75.86802412600485, 5.49024212547426], [-75.90502306530027, 5.4798592184665145], [-75.93079979106727, 5.5088746168562785], [-75.95926791019792, 5.505081593429149], [-75.98285912027364, 5.518872461608898], [-76.00825426026853, 5.563683030176283], [-76.01218392205095, 5.592364755376027], [-76.00191683402647, 5.600120348595491], [-76.00515047338558, 5.621918151624938], [-76.08695399038032, 5.688642278424835], [-76.06306159830604, 5.727421777947385], [-76.07094276981434, 5.743528400570432], [-76.06118167624317, 5.757955677127073], [-76.08110587686349, 5.7670216088613255], [-76.07094438229154, 5.7806520791260105], [-76.08588001856799, 5.793031374865961], [-76.08141588391845, 5.815699241857144], [-76.09927240904199, 5.831112900822872], [-76.09902440016407, 5.849198835190913], [-76.08157089014088, 5.882772820767625], [-76.0604902675708, 5.886344125432906], [-76.06104828440198, 5.924128042892241], [-76.05112799216766, 5.951328246480274], [-76.06727946681076, 5.961372541356598], [-76.06678196413856, 5.9781177453829635], [-76.08584901768285, 5.98741951111836], [-76.10485258094718, 6.018401827187338], [-76.12199608301711, 6.020075873189281], [-76.13148236465588, 6.000111285180556], [-76.1438207259327, 5.997631204486349], [-76.17265157967427, 6.0173911956361765], [-76.1747414301015, 6.043577750229624], [-76.190906460333, 6.0577297405430155], [-76.19695652426986, 6.080175259052906], [-76.20578836473629, 6.147345670139929], [-76.20120759273726, 6.1603023171662965], [-76.2146619867782, 6.173986700764012], [-76.20946804583718, 6.184548608014537], [-76.22427739774866, 6.188250943746517], [-76.2376736419983, 6.20834531146774], [-76.25888264470456, 6.20966888846547], [-76.28518559230628, 6.193406707155681], [-76.32640514895331, 6.202591712472352], [-76.33278932266171, 6.196162548403959], [-76.38981234723173, 6.19149480414494], [-76.40517388770024, 6.1855857686337625], [-76.41987194275094, 6.165732955389979], [-76.46867794240978, 6.176573804131533], [-76.47546449071916, 6.160058127928012], [-76.49896741789166, 6.174172849805563], [-76.55286367575712, 6.178513393241367], [-76.58351411257416, 6.193451433410962], [-76.61803217436898, 6.1868974141983974], [-76.6438886912581, 6.168326266121024], [-76.6725537239509, 6.174348210071877], [-76.68426370869412, 6.171213168080451], [-76.68688327720196, 6.16150918944088], [-76.716942690363, 6.1714851790635565], [-76.71749171774599, 6.215861851121466], [-76.72702807421354, 6.225312299832954], [-76.72306865122204, 6.236981177635702], [-76.75647628394796, 6.252152620065053], [-76.7593506723656, 6.261442035752123], [-76.74897622300267, 6.279602082088494], [-76.78190796294615, 6.288815354714792], [-76.79024540711714, 6.320236732610217], [-76.77765256729054, 6.32788029055306], [-76.79078719137823, 6.338657419944093], [-76.78900076514628, 6.349873833045654], [-76.77138543158054, 6.3632427424372215], [-76.78737541056643, 6.377900221452034], [-76.76917436508722, 6.37978914823447], [-76.76507437001476, 6.389292349654784], [-76.79204611837008, 6.409234546238879], [-76.79526314876466, 6.419970674691027], [-76.77089746812595, 6.420770173236065], [-76.76177937387627, 6.432153514111665], [-76.76876547140694, 6.440167539369552], [-76.78938112112382, 6.433010119503142], [-76.79583421992396, 6.443651069578436], [-76.78176684558741, 6.462648687786914], [-76.78228080990027, 6.47456502649479], [-76.77057386056674, 6.46485682666833], [-76.76798500817796, 6.477991453450537], [-76.80036517670749, 6.507960544530056], [-76.81998878013297, 6.487249712843742], [-76.81935671960548, 6.525476529735544], [-76.84110135580312, 6.521451173044733], [-76.85128271843007, 6.5607200805139785], [-76.86392214761935, 6.571496095094846], [-76.88298963415195, 6.559968933827645], [-76.89451679362287, 6.570152703941093], [-76.89892728982409, 6.5866734179007365], [-76.88970741637155, 6.605267221507612], [-76.86307648820832, 6.609036286846988], [-76.8579939600109, 6.618439917125231], [-76.87244204695645, 6.629918438174332], [-76.90902863764825, 6.629385437647111], [-76.91235988532895, 6.639855065386497], [-76.89610340742695, 6.659119181612786], [-76.89808311802437, 6.668218244139445], [-76.90935224610575, 6.670159881409746], [-76.92484729609481, 6.64689827066173], [-76.93748699298226, 6.654588691953668], [-76.9389678965527, 6.686344162552638], [-76.95228450239398, 6.675123777996091], [-76.96412257891399, 6.680883391217095], [-76.93364812130307, 6.71091879418708], [-76.94017684303896, 6.723164525609212], [-76.95732243638855, 6.724780306835396], [-76.96716388702083, 6.743130709925474], [-76.96526735689173, 6.780394155670868], [-76.95785012966485, 6.792514987032976], [-76.9721696900487, 6.79812313698988], [-76.97030494683128, 6.812734933042841], [-76.93352719718962, 6.811847695075757], [-76.9165783413323, 6.845472007908041], [-76.9002514022182, 6.8365643387916855], [-76.899881650861, 6.829034874167313], [-76.8777006684461, 6.85216442797181], [-76.85507292204335, 6.846158849541826], [-76.8352853247439, 6.828684088057554], [-76.8343232112399, 6.838473696873175], [-76.81793948777477, 6.837682637108658], [-76.83055740678748, 6.858589209156419], [-76.79804438540634, 6.861634287495462], [-76.7855379384261, 6.877529085409041], [-76.79670236867605, 6.901599712360138], [-76.8000940370909, 6.94856463313841], [-76.80831495081208, 6.950246906816641], [-76.81338292718863, 6.963514637080534], [-76.8287667216394, 6.95597086318065], [-76.81883829695028, 6.973834027757156], [-76.83029028803327, 6.972402111154886], [-76.83184559462643, 6.989140184348815], [-76.84252066543871, 6.988321922677458], [-76.83463708105364, 6.9992686011286525], [-76.70665981623148, 7.024915205822319], [-76.68401874600579, 7.0213385813296485], [-76.67556801700067, 7.029853724981609], [-76.64548733441171, 7.008360916403854], [-76.61560779914817, 7.016789559411547], [-76.60318535818868, 7.000489473658141], [-76.59293738183709, 7.0116256051570405], [-76.58404592642597, 6.98312265921434], [-76.57130874428617, 6.979676932837636], [-76.5478105763919, 7.001996050201459], [-76.54944867627916, 7.016716096027366], [-76.53061055407585, 7.060098948518111], [-76.53875538043184, 7.068741166154751], [-76.5248662122267, 7.106260732571534], [-76.51408498831103, 7.111150049166934], [-76.5082646246737, 7.138619408889789], [-76.48424956844792, 7.132855554718977], [-76.49850854999403, 7.152246650606766], [-76.50844436512887, 7.184072747707979], [-76.50444642234731, 7.19455305642462], [-76.53036570996522, 7.254962212187755], [-76.56267506514286, 7.27347517813447], [-76.5789502522722, 7.30417790143327], [-76.58553749660058, 7.29791115199934], [-76.61786238995, 7.315115033480309], [-76.66069908428045, 7.448136988527514], [-76.80116077027293, 7.572092594123487], [-76.82523734317834, 7.581743944920192], [-76.94295760267488, 7.588860167116569], [-76.96037382988914, 7.640718706525577], [-77.00323702184659, 7.671539843144572], [-77.12167702290213, 7.787407648382812], [-77.12771033234725, 7.8269890719036255], [-77.12167702290213, 7.832681789328731], [-77.09520831623541, 7.825067170635837], [-77.0806116020093, 7.84517414352719], [-77.05837723896275, 7.851543487834855], [-77.03139415296118, 7.8800970188498685], [-77.01231087493164, 7.933825247604129], [-77.02142421080151, 7.948792058140289], [-77.00008044632222, 7.958428874184111], [-77.00555320478668, 7.9823186638362085], [-76.99565464730796, 8.021151465836965], [-76.98715997088749, 8.031026229619469], [-76.95991514434962, 8.03690349888025], [-76.93907106634867, 8.062839622735837], [-76.95559982113537, 8.12273371913895], [-76.94933258571228, 8.172336840397113], [-76.96651136734641, 8.191789281386262], [-76.9801897519904, 8.255281793631509], [-76.96228386440265, 8.256126837696076], [-76.94841619918759, 8.252749445319186], [-76.94178951699018, 8.248512859502425], [-76.94582529324839, 8.244566883403287], [-76.95046973069896, 8.251960638531191], [-76.95584209965551, 8.235491205838724], [-76.9685193147107, 8.24331773008955], [-76.95735867086273, 8.184764904814406], [-76.9413641158551, 8.179949083044256], [-76.9347334145919, 8.188838595397588], [-76.94369579294954, 8.210625186545059], [-76.92781125380418, 8.201444214667193], [-76.93232887508668, 8.207419134470417], [-76.92657255060038, 8.207783457304005], [-76.92620822686848, 8.192336108793352], [-76.91957752560529, 8.196197945921005], [-76.91258249971185, 8.193356215781648], [-76.91025082531235, 8.19080594696342], [-76.92693687612893, 8.189858705080848], [-76.92810271332871, 8.181333515561093], [-76.90944931094623, 8.177617409543128], [-76.93168175788475, 8.173635923910814], [-76.92620556515817, 8.162824289303904], [-76.93245042442805, 8.158471980623434], [-76.94323955532116, 8.16665167691127], [-76.95033640263824, 8.144764710628927], [-76.95274287262453, 8.126583757784278], [-76.93510295843811, 8.110908209161835], [-76.94098760467006, 8.101819363183047], [-76.93186905138083, 8.091529185742726], [-76.90277093695119, 8.101105555001228], [-76.88862995909318, 8.114379745953787], [-76.89356208403933, 8.132302874919963], [-76.82933623511877, 8.141120292024437], [-76.83592340039536, 8.135040576473248], [-76.82205784262965, 8.138276705964183], [-76.81270599577692, 8.131658560463936], [-76.85405158885368, 8.119979843406039], [-76.85717432930596, 8.112377540625472], [-76.8472949787216, 8.099202327926406], [-76.85466802137773, 8.091269093616289], [-76.82157241422283, 8.094375314037237], [-76.83451896238114, 8.08116047392444], [-76.8731552344019, 8.068060687429973], [-76.829970449808, 8.050386741440764], [-76.83745198298578, 8.042436705028205], [-76.85340559095346, 8.0568475217408], [-76.87163785560864, 8.05317289366753], [-76.85786534721086, 8.043536631884681], [-76.85971795238248, 8.03524820073319], [-76.83418913218702, 8.019827307628745], [-76.86426216831018, 8.020178895934723], [-76.86661111912298, 8.026292510338473], [-76.87451002428742, 8.021356313326008], [-76.87954198358227, 8.038440024380714], [-76.8904792072579, 8.04547366259058], [-76.91196753683278, 8.041719896470939], [-76.92482717920632, 8.024643583048492], [-76.92895027627134, 8.005721675810817], [-76.92046878533313, 7.998936247701663], [-76.92803245513602, 7.98872374674756], [-76.93275213373812, 7.9436775346220125], [-76.92224800078247, 7.91759394680513], [-76.86248647066623, 7.900559466162196], [-76.77946621159896, 7.907844414561235], [-76.7483666437314, 7.922084051770137], [-76.74786960189533, 7.9311665673160485], [-76.7625568367298, 7.944038379176053], [-76.74089881885578, 7.945636224625001], [-76.74457248662941, 7.9619332507140905], [-76.72602813891098, 7.983472668417566], [-76.7361698687343, 8.005270176799337], [-76.74714973367378, 8.00533905877193], [-76.74737731933743, 8.020745719855954], [-76.72929263632295, 8.026575986528655], [-76.73823974061366, 8.041551359812932], [-76.71956072185213, 8.040275734923306], [-76.71476101407421, 8.061643606610083], [-76.73288822336815, 8.088986602017899], [-76.72805599834771, 8.09064334914861], [-76.7360469252065, 8.092514053590964], [-76.73900289239504, 8.074228362490631], [-76.73321665757925, 8.070871036696547], [-76.7430642338283, 8.063090490953563], [-76.74028825413188, 8.112989073734063], [-76.74774965155649, 8.10899516528975], [-76.76253008667595, 8.11992039285321], [-76.74515738826182, 8.138538183293896], [-76.7390211749223, 8.166190459019008], [-76.7544629314163, 8.237602599680232], [-76.77432177595438, 8.266530890164091], [-76.75361698274753, 8.32492694582248], [-76.7610262158604, 8.351100234085234], [-76.75863115538561, 8.395033247633759], [-76.77332623701034, 8.420312981869637], [-76.78805819899844, 8.42115080167687], [-76.80374321856698, 8.469886813534652], [-76.825077410591, 8.496617266126671], [-76.84802956495253, 8.510554486152548], [-76.89390895708465, 8.52568608108075], [-76.90291835779334, 8.531144626389304], [-76.91124379237772, 8.534987888138707], [-76.91365898860562, 8.535096570001672], [-76.91574512719114, 8.546185647708521], [-76.9282919894082, 8.541956351726158], [-76.93492288919924, 8.547700318977332], [-76.92263812504825, 8.527456927818237], [-76.91528137964099, 8.534594873092118], [-76.90727967568512, 8.532258973912507], [-76.91499435779753, 8.531365177340335], [-76.92159281400791, 8.527277087649994], [-76.92728871596341, 8.526346347832321], [-76.93826178873564, 8.553369862544637], [-76.8914260161522, 8.592095609532729], [-76.88524518525361, 8.623096324909998], [-76.78442248238093, 8.634246250051163], [-76.64967430623591, 8.671171763690435], [-76.63420345508325, 8.690347557487614], [-76.6409384759869, 8.710552144988814], [-76.628521548891, 8.72005913281105], [-76.63176934571027, 8.731315175122951], [-76.5240547247563, 8.773565872772409], [-76.5133656231464, 8.781838834024004], [-76.51030209429496, 8.803937630405668], [-76.42860379525666, 8.853904976581012], [-76.41354568616998, 8.873828895129506]]]}}, {"type": "Feature", "properties": {"dpto_ccdgo": "08", "dpto_cnmbr": "ATL\u00c1NTICO", "dpto_ano_c": 1910, "dpto_act_a": "Ley 21 de 1910", "dpto_narea": 3314.56085126, "dpto_nano": 2024, "shape_Leng": 2.56960876862, "shape_Area": 0.27383189699}, "geometry": {"type": "Polygon", "coordinates": [[[-74.85457021059773, 11.10537038698048], [-74.83642371895093, 11.055243658885482], [-74.76316937471671, 10.994271077530387], [-74.7538496139149, 10.936128187083721], [-74.71838811191077, 10.909236330462651], [-74.73650231987722, 10.888761198030082], [-74.74164515292608, 10.84063497924274], [-74.72511400322895, 10.77172806673373], [-74.72284167697427, 10.672575687244588], [-74.74705868002678, 10.64919885579146], [-74.72665074612195, 10.623682728801795], [-74.7242105749126, 10.608704047918044], [-74.7382098479132, 10.582076165046876], [-74.73891923997354, 10.542295216559255], [-74.76706556344834, 10.52813721741011], [-74.79839908963328, 10.496174783787817], [-74.80997106519112, 10.475273210868549], [-74.81806411979937, 10.424832653383978], [-74.86190661274088, 10.386521716385264], [-74.86122790086688, 10.352653582624269], [-74.89531605198027, 10.295442659993228], [-74.90812362706015, 10.253286072622865], [-74.98319329096205, 10.343352720594748], [-75.04596171290257, 10.376285258241753], [-75.07427899309869, 10.409353653607425], [-75.13002892513185, 10.397587516029636], [-75.16828335356377, 10.451791990604658], [-75.19041313286499, 10.467892925989103], [-75.23374570301729, 10.479513751970686], [-75.24121944240545, 10.519547726431057], [-75.22296410360553, 10.552837823490478], [-75.23704498412314, 10.56971930834228], [-75.2268782730302, 10.58763946478079], [-75.22362393197886, 10.630810391950737], [-75.24195902417165, 10.654441823226337], [-75.24952656122491, 10.722965118870695], [-75.22096556160977, 10.773569619923551], [-75.22994765800365, 10.785182211940706], [-75.20909113563113, 10.817347494298904], [-75.15718172009383, 10.831485611918367], [-75.1308047584402, 10.862783948369675], [-75.10389624075151, 10.866429998316004], [-75.08122280240372, 10.886629031529385], [-75.05077109644208, 10.89582590000722], [-75.02605565826548, 10.944263822768411], [-75.033191973096, 10.951811940924479], [-75.05836342611866, 10.93124870525186], [-75.05074431943876, 10.946263781408401], [-75.00880063655234, 10.977386491691817], [-74.96310981262673, 10.986149905631622], [-74.95409172699897, 11.006685787582038], [-74.92163528874607, 11.028787976903219], [-74.92128938408541, 11.045503624536579], [-74.88456241624726, 11.044344063870735], [-74.84680773537917, 11.058423650812918], [-74.85457021059773, 11.10537038698048]]]}}, {"type": "Feature", "properties": {"dpto_ccdgo": "11", "dpto_cnmbr": "BOGOT\u00c1, D.C.", "dpto_ano_c": 1538, "dpto_act_a": "Constitucion Politica de 1886", "dpto_narea": 1622.85297942, "dpto_nano": 2024, "shape_Leng": 3.76537100517, "shape_Area": 0.13220788536}, "geometry": {"type": "Polygon", "coordinates": [[[-74.0705922286075, 4.828561852130108], [-74.06594393827964, 4.835579338618274], [-74.06057149027129, 4.827666160111181], [-74.04991530834951, 4.835303454096552], [-74.0331084834383, 4.820766417697785], [-74.00358497595846, 4.818559121436779], [-74.00095046396399, 4.803163869864213], [-74.01324859865036, 4.797482031944217], [-74.01837573362707, 4.768095324517355], [-74.00716676936145, 4.742340567068943], [-74.01482632721081, 4.697251834053869], [-74.00200611372316, 4.674608249442481], [-74.00843964899747, 4.661802133228224], [-74.02489494758646, 4.662499874130038], [-74.03138607120457, 4.646030170146126], [-74.00935845199211, 4.6388643402452985], [-74.00921117488059, 4.626173756451844], [-73.98612579306973, 4.629074973975038], [-74.00178457462454, 4.5938964864278695], [-74.00534559177504, 4.560592184297561], [-74.02959781689958, 4.557873900742879], [-74.04227898095189, 4.512401837425998], [-74.07255042633341, 4.513124280221201], [-74.07590071921157, 4.463157376017364], [-74.10106006203625, 4.452591164934924], [-74.11214742665487, 4.433134908797749], [-74.11444341904456, 4.385657286738896], [-74.09619654327963, 4.379441172682963], [-74.09822521120077, 4.34561924829702], [-74.15271100960251, 4.254555422852924], [-74.13607173769327, 4.22984825277756], [-74.13855173125091, 4.214914555067502], [-74.12387935815633, 4.195393568974314], [-74.12332075562313, 4.181093073551373], [-74.11004852299902, 4.181912748273722], [-74.10959005305534, 4.132493363180328], [-74.12852560212036, 4.125743608097854], [-74.13059216999352, 4.115985796075348], [-74.13152354492064, 4.102825357081243], [-74.12008768130477, 4.097571626024078], [-74.13265733290046, 4.080419494731216], [-74.12692213590816, 4.04847785263285], [-74.15067459819744, 4.00484907266241], [-74.16025853487025, 4.017847856997408], [-74.17559334774279, 4.018025454070563], [-74.18389878132143, 4.00877883325949], [-74.19551482466903, 4.01651670180589], [-74.2173829811133, 4.010896176647834], [-74.24427084022898, 3.9544339842331593], [-74.26014055805871, 3.9482519801340206], [-74.2564258031079, 3.9278656291700837], [-74.27358716459821, 3.9249045658349875], [-74.29752175596491, 3.8832847680887963], [-74.31032208612623, 3.888400374976126], [-74.31675894606803, 3.8812823130285787], [-74.30410495337975, 3.8511519257180153], [-74.30707660786055, 3.840342539596041], [-74.294257807424, 3.8317341696079885], [-74.2966166343229, 3.8189038464724856], [-74.3167652495514, 3.815160483750452], [-74.32627572104337, 3.8267165860642325], [-74.33562582875635, 3.821664898851863], [-74.33694711055671, 3.8109620395327637], [-74.35359597378584, 3.807092856875194], [-74.3633122009644, 3.786147374269871], [-74.3938930281729, 3.7699145741815467], [-74.38715890558524, 3.752702313208879], [-74.3973730315933, 3.7537270959320126], [-74.4015638491083, 3.7374222185610333], [-74.4228535951516, 3.742002919592951], [-74.43958715700307, 3.7306330992714503], [-74.45067485489693, 3.74986418890999], [-74.43366092502856, 3.764625066791332], [-74.43169794197337, 3.7838711942396834], [-74.39526881709321, 3.823803950944692], [-74.38571748390132, 3.8654814448326014], [-74.35955724008437, 3.9137447376582686], [-74.35689156101631, 3.970980327148281], [-74.37458191744281, 3.98587475497436], [-74.36255574343386, 4.009532966846471], [-74.3661404527706, 4.0362669219725795], [-74.35060751630425, 4.057303429141531], [-74.32988660820666, 4.1305402580079456], [-74.29968372859054, 4.105616779727945], [-74.26565272564608, 4.091665981655816], [-74.24564163361401, 4.103247642856411], [-74.24145033819491, 4.180840611721005], [-74.23175961510594, 4.216688180296351], [-74.21732296282471, 4.236302329843574], [-74.2042691377697, 4.239706635767798], [-74.20552942571032, 4.268892236293449], [-74.22188456026873, 4.282058170286514], [-74.21373566903287, 4.30729698892352], [-74.21795784136953, 4.360812533279936], [-74.20854269378157, 4.407035101885537], [-74.19443336179955, 4.4266751876123145], [-74.178069562085, 4.486343493187049], [-74.18153343444499, 4.50387198923947], [-74.17457276644365, 4.5071298040786445], [-74.18773380730988, 4.529172266165646], [-74.17363259071465, 4.540850216061616], [-74.18378102556858, 4.596452106514488], [-74.20427645096026, 4.599683094942962], [-74.22256867281851, 4.6294017930139155], [-74.19421432630759, 4.655092540057471], [-74.1837468158987, 4.652735821506294], [-74.18517639059121, 4.646960931523367], [-74.15850000674004, 4.662848382110416], [-74.1748476161053, 4.67664065345973], [-74.16755922625742, 4.68818682758508], [-74.16924865232767, 4.700972470279387], [-74.17697773714053, 4.702908756281297], [-74.1580994126013, 4.725475611231601], [-74.12609827323655, 4.729396763266417], [-74.13199912239423, 4.740562830247717], [-74.11663731961744, 4.762027080461562], [-74.11294807773936, 4.790133287837808], [-74.10073333821884, 4.7991878900106455], [-74.09364077227582, 4.790717723244226], [-74.0872891885736, 4.7959792256331415], [-74.0795433070482, 4.809304397815302], [-74.08648141384327, 4.820895043972548], [-74.07889207555894, 4.821536880873047], [-74.08670057779443, 4.8324355946397555], [-74.07466277418655, 4.83689824616943], [-74.0705922286075, 4.828561852130108]]]}}, {"type": "Feature", "properties": {"dpto_ccdgo": "13", "dpto_cnmbr": "BOL\u00cdVAR", "dpto_ano_c": 1886, "dpto_act_a": "Constitucion Politica de 1886", "dpto_narea": 26720.3069642, "dpto_nano": 2024, "shape_Leng": 16.272240105, "shape_Area": 2.19566715181}, "geometry": {"type": "MultiPolygon", "coordinates": [[[[-76.17607171033325, 9.398861845409987], [-76.1787387350787, 9.378030410309124], [-76.19063117588638, 9.384905576593395], [-76.17607171033325, 9.398861845409987]]], [[[-75.7525375427171, 9.738885366837126], [-75.74647314525015, 9.736737246244303], [-75.73968501231133, 9.737606334634908], [-75.74770432595574, 9.734384137126812], [-75.7525375427171, 9.738885366837126]]], [[[-75.87547031673625, 9.783176653060993], [-75.86889348568695, 9.78061635184966], [-75.87594691829008, 9.779899537004207], [-75.87547031673625, 9.783176653060993]]], [[[-75.8592084183955, 9.786494210405763], [-75.85923433391378, 9.785300489477372], [-75.85994932966935, 9.786280607928942], [-75.8592084183955, 9.786494210405763]]], [[[-75.85475070311207, 9.794857440737228], [-75.8539442533978, 9.794375001027781], [-75.85443680095892, 9.79408232698007], [-75.85475070311207, 9.794857440737228]]], [[[-75.85748590195709, 9.795751577771183], [-75.85667646893535, 9.795389245605884], [-75.85717181295422, 9.794942561568162], [-75.85748590195709, 9.795751577771183]]], [[[-75.85603443081209, 9.796146569113036], [-75.85455116377221, 9.79586112291583], [-75.85585689302775, 9.795411999950174], [-75.85603443081209, 9.796146569113036]]], [[[-75.853687895571, 9.797664039534487], [-75.85383066313625, 9.796480258472675], [-75.85404243484504, 9.79761764061477], [-75.853687895571, 9.797664039534487]]], [[[-75.85123526112545, 9.804563519639622], [-75.84741242438679, 9.793273935106615], [-75.84282973088989, 9.798805259282547], [-75.82784543193736, 9.790430151416848], [-75.8560627026132, 9.788392706050175], [-75.8500261430608, 9.796913439922584], [-75.85617197826303, 9.799998652325536], [-75.85123526112545, 9.804563519639622]]], [[[-75.72761237290729, 10.14594099282347], [-75.72884109492202, 10.146286000066377], [-75.72811061309687, 10.147397270857338], [-75.72761237290729, 10.14594099282347]]], [[[-75.690734373895, 10.150346942647205], [-75.69113386310505, 10.149427456932434], [-75.6909106468504, 10.150475205104037], [-75.690734373895, 10.150346942647205]]], [[[-75.68988951488353, 10.149750533586836], [-75.69054824910802, 10.150164354530371], [-75.69007559026312, 10.150647081700964], [-75.68988951488353, 10.149750533586836]]], [[[-75.6916284947593, 10.150692869765784], [-75.69130374005056, 10.149726900689542], [-75.69169107684172, 10.149741677089434], [-75.6916284947593, 10.150692869765784]]], [[[-75.68905810815414, 10.150870910607042], [-75.68966827672074, 10.151359689732564], [-75.68917876995926, 10.151399418655966], [-75.68905810815414, 10.150870910607042]]], [[[-75.6743844495694, 10.16126111194069], [-75.6757401431608, 10.160657334892464], [-75.67782225818894, 10.160820718809942], [-75.6743844495694, 10.16126111194069]]], [[[-75.77589784874982, 10.162720588877857], [-75.77631976801212, 10.16271666593191], [-75.77597911760171, 10.162858930440171], [-75.77589784874982, 10.162720588877857]]], [[[-75.66664385373537, 10.163953688386382], [-75.66715926972688, 10.163136338505803], [-75.66716340467542, 10.163972611412907], [-75.66664385373537, 10.163953688386382]]], [[[-75.65971402761716, 10.164110415782277], [-75.6600925186907, 10.164088186952851], [-75.65984451520274, 10.164342954760356], [-75.65971402761716, 10.164110415782277]]], [[[-75.67242630304753, 10.163591571816916], [-75.67161245210775, 10.163293946251365], [-75.67235030731058, 10.160973049847318], [-75.67242630304753, 10.163591571816916]]], [[[-75.66406649529972, 10.164602047061077], [-75.66340920287246, 10.165043227116648], [-75.66326900269434, 10.164762772861424], [-75.66406649529972, 10.164602047061077]]], [[[-75.65476189268207, 10.165053597276533], [-75.65531449895605, 10.16473922710077], [-75.65532120219001, 10.16512262836954], [-75.65476189268207, 10.165053597276533]]], [[[-75.66190324257383, 10.165411189028335], [-75.66147376757567, 10.165427313800516], [-75.66170941742206, 10.16515929673039], [-75.66190324257383, 10.165411189028335]]], [[[-75.66294177492165, 10.166720999333391], [-75.6635735830223, 10.166649761077903], [-75.66333886293302, 10.167244710374836], [-75.66294177492165, 10.166720999333391]]], [[[-75.66722918476285, 10.166000543613189], [-75.66636006493115, 10.16705571456991], [-75.66606439679617, 10.166882241665453], [-75.66722918476285, 10.166000543613189]]], [[[-75.7960750906143, 10.169340381889672], [-75.78623752519871, 10.167449982767353], [-75.78340961834584, 10.159159022856336], [-75.79020001324437, 10.157553963929901], [-75.7960750906143, 10.169340381889672]]], [[[-75.65297840394351, 10.171274120267437], [-75.65361437843382, 10.167086437875401], [-75.6630114141746, 10.169359945415554], [-75.66814502061976, 10.167870442266077], [-75.66926563210052, 10.163550191788696], [-75.66913509690426, 10.166928166274301], [-75.66770858457096, 10.168743124818992], [-75.65297840394351, 10.171274120267437]]], [[[-75.76876162644584, 10.175438959381909], [-75.76656734858022, 10.174331856777188], [-75.76800827080046, 10.173911789842581], [-75.76876162644584, 10.175438959381909]]], [[[-75.7588588298139, 10.176424573730726], [-75.75839675043653, 10.176086925492475], [-75.75892322290139, 10.176384239342372], [-75.7588588298139, 10.176424573730726]]], [[[-75.77130880505712, 10.177860766317165], [-75.77049563414255, 10.177848078501993], [-75.77099552992854, 10.176679438556366], [-75.77130880505712, 10.177860766317165]]], [[[-75.77204546999121, 10.177383774894233], [-75.77144151238144, 10.17822623360534], [-75.77149873690729, 10.177217613383748], [-75.77204546999121, 10.177383774894233]]], [[[-75.77002664671517, 10.178408179426276], [-75.7703355847741, 10.178767100685741], [-75.77010853630338, 10.178841503708462], [-75.77002664671517, 10.178408179426276]]], [[[-75.76562409162739, 10.178970240476092], [-75.76568743638012, 10.178699507796663], [-75.76574889916083, 10.178951262652296], [-75.76562409162739, 10.178970240476092]]], [[[-75.75909626910573, 10.177815444478366], [-75.75827859223813, 10.177058989642797], [-75.75906011278505, 10.177079583537038], [-75.75909626910573, 10.177815444478366]]], [[[-75.75784422231612, 10.175207564858411], [-75.7511349579288, 10.17607623463374], [-75.75478726284962, 10.173387724864615], [-75.75784422231612, 10.175207564858411]]], [[[-75.77789906143903, 10.18020973329957], [-75.77671084898435, 10.17906092278135], [-75.77823647342024, 10.179969240631678], [-75.77789906143903, 10.18020973329957]]], [[[-75.74973470427057, 10.180184949659502], [-75.74857797779168, 10.180513454837493], [-75.7495429829749, 10.178784206419008], [-75.74909775959895, 10.177399033689829], [-75.74929447463325, 10.175227896444444], [-75.74964585991984, 10.174982012083866], [-75.74973470427057, 10.180184949659502]]], [[[-75.77555622007338, 10.17871848562046], [-75.77633313315755, 10.178453126667339], [-75.77688158471994, 10.181169986391131], [-75.77555622007338, 10.17871848562046]]], [[[-75.77496981196498, 10.181267512965979], [-75.7749323602726, 10.181089994046271], [-75.77504220186154, 10.181147613831179], [-75.77496981196498, 10.181267512965979]]], [[[-75.74887808270938, 10.182234386646456], [-75.74900387300056, 10.1819524636446], [-75.74896469564317, 10.182300418262322], [-75.74887808270938, 10.182234386646456]]], [[[-75.71824454231796, 10.1831523245628], [-75.71644300012275, 10.182491839520445], [-75.71856866461223, 10.182815937560187], [-75.71824454231796, 10.1831523245628]]], [[[-75.72288737357951, 10.183118608068353], [-75.72117938291086, 10.183005998767909], [-75.72258271060645, 10.181792242697767], [-75.72288737357951, 10.183118608068353]]], [[[-75.74887860193604, 10.1826892696143], [-75.72374673500451, 10.181271745831], [-75.74749375529547, 10.172372563105899], [-75.74811241564322, 10.180367550352775], [-75.74887860193604, 10.1826892696143]]], [[[-75.71755863583115, 10.184341243992115], [-75.71799234998247, 10.184195600917374], [-75.71771643132473, 10.184519787890412], [-75.71755863583115, 10.184341243992115]]], [[[-75.72627037773657, 10.184481367813378], [-75.72674290632563, 10.184295435266018], [-75.72678113416299, 10.184723521467632], [-75.72627037773657, 10.184481367813378]]], [[[-75.72823287031122, 10.18480287061818], [-75.72784891298483, 10.184198084761105], [-75.72842801419085, 10.18472030908959], [-75.72823287031122, 10.18480287061818]]], [[[-75.73664457287606, 10.185358733287602], [-75.73656168975032, 10.185180049252036], [-75.73669493426763, 10.18530832877683], [-75.73664457287606, 10.185358733287602]]], [[[-75.73739642294385, 10.185311929227383], [-75.73756499643281, 10.185280030924552], [-75.73747394042812, 10.185385567783145], [-75.73739642294385, 10.185311929227383]]], [[[-75.58263289225732, 10.30971137209782], [-75.57820778494641, 10.306113298514061], [-75.57992248873057, 10.30494785657338], [-75.58263289225732, 10.30971137209782]]], [[[-75.57840823787359, 10.312138123364319], [-75.57811551441847, 10.313636359043649], [-75.57522535336847, 10.312709583494476], [-75.57840823787359, 10.312138123364319]]], [[[-75.57537253525857, 10.381356956341357], [-75.57019891422544, 10.373545540867362], [-75.54060558962607, 10.362860302016562], [-75.5374551531932, 10.35702446668299], [-75.55164744735276, 10.355862100576315], [-75.53829986128761, 10.34916510808409], [-75.54894839494693, 10.336112194820206], [-75.55809634472894, 10.345931511844276], [-75.55981431568841, 10.337131471764526], [-75.56638400692214, 10.345159773060292], [-75.57445513902672, 10.341542992045847], [-75.58075595170527, 10.334728216851236], [-75.57491911025755, 10.327697334674925], [-75.58212681875222, 10.318005477911399], [-75.59144100819822, 10.32342019258572], [-75.59341055794334, 10.34767270966214], [-75.57537253525857, 10.381356956341357]]], [[[-75.26176003602393, 10.800689218515261], [-75.22220806469022, 10.796604342999547], [-75.23036363041393, 10.783157283709167], [-75.21988959373931, 10.77720257421932], [-75.24952656122491, 10.722965118870695], [-75.24195902417165, 10.654441823226337], [-75.22362393197886, 10.630810391950737], [-75.2268782730302, 10.58763946478079], [-75.23704498412314, 10.56971930834228], [-75.22296410360553, 10.552837823490478], [-75.24121944240545, 10.519547726431057], [-75.23374570301729, 10.479513751970686], [-75.19041313286499, 10.467892925989103], [-75.16828335356377, 10.451791990604658], [-75.13002892513185, 10.397587516029636], [-75.07432476679048, 10.409374174738117], [-75.04596171290257, 10.376285258241753], [-75.00287987262732, 10.359145742898784], [-74.96459544313598, 10.325544360480688], [-74.91074631721602, 10.25444940531754], [-74.92885104884704, 10.213568728501313], [-74.93161017613534, 10.180423826256945], [-74.94602914506606, 10.14488850244168], [-74.94366739774188, 10.124427454705652], [-74.92669299467576, 10.108120633378855], [-74.89259370174904, 10.10624235433595], [-74.84847632141657, 10.085029282258883], [-74.78829696925732, 10.011257989508385], [-74.82039499200266, 9.967333129075861], [-74.85293278893909, 9.954389226458577], [-74.87262537405013, 9.936749178423565], [-74.87172380255299, 9.90193885311255], [-74.88236986404667, 9.872851248980972], [-74.873290636337, 9.848504208400039], [-74.81559729914756, 9.78989428166838], [-74.80523041809698, 9.761811293963989], [-74.81528884797592, 9.731168807244522], [-74.78764598390666, 9.696864822238423], [-74.80575276729138, 9.675530603265592], [-74.77697453869774, 9.626194693288083], [-74.77358049423708, 9.587267881619614], [-74.80705403730622, 9.547422054055579], [-74.7757590246232, 9.500481670778743], [-74.8067705826756, 9.465303786899888], [-74.80569882880548, 9.447455071736213], [-74.80078654316816, 9.442087110816484], [-74.7787440738939, 9.461771939866603], [-74.76333732118115, 9.463752472423097], [-74.74275015706462, 9.447165622642904], [-74.7320748760464, 9.418828271373263], [-74.69889072188334, 9.426862109888887], [-74.67240618688874, 9.413078677070633], [-74.66018044030227, 9.385967377122181], [-74.61844712056518, 9.371501502621962], [-74.61528059529275, 9.340995333558821], [-74.56568066125817, 9.314363190873229], [-74.56081415470248, 9.292947544944855], [-74.53372486798679, 9.260986189301853], [-74.5305606181488, 9.241968041877831], [-74.5167789011137, 9.234521721789175], [-74.46383315140781, 9.271320158748816], [-74.4355747791817, 9.274291699143424], [-74.40303060779496, 9.213748526311143], [-74.34889916990238, 9.23328126866589], [-74.29645385137883, 9.202676296520872], [-74.29100438804488, 9.192158098631987], [-74.29824690897948, 9.159834908490673], [-74.28388639706412, 9.157466211793935], [-74.2664599479121, 9.1695821545204], [-74.24827782456111, 9.164652782014594], [-74.22007533298012, 9.136127052083117], [-74.22843910858967, 9.124046038577706], [-74.1765868951203, 9.089289781110027], [-74.17738888200068, 9.077109892657493], [-74.15755763013686, 9.070863398452735], [-74.15729310931255, 9.057377077363263], [-74.13466072400598, 9.064402751103424], [-74.11793922743664, 9.04888141369379], [-74.14069453471143, 9.040799773987185], [-74.13746760128129, 9.028731709706925], [-74.12660361191922, 9.028558406584208], [-74.11328094244493, 9.040996687549324], [-74.09799583519333, 9.015818200713195], [-74.07750791702847, 9.02628256342249], [-74.05709585087004, 9.018505769047177], [-74.03559382736603, 9.044391840531867], [-74.02696927421493, 9.026165734731743], [-74.00320120458343, 9.029646765825579], [-73.984738398805, 9.009678255769176], [-74.00168484178556, 9.010144373975242], [-74.00386089192125, 8.998821162779384], [-73.97766558683082, 8.983928362701825], [-73.95913625895594, 8.995924506904846], [-73.92097333568671, 8.978352647342493], [-73.89395999260563, 8.977930376838698], [-73.86632792629473, 8.952659439811397], [-73.87336489815544, 8.911815276845617], [-73.86655674624456, 8.887049171850693], [-73.79527715570015, 8.816771946555852], [-73.78927067715733, 8.74920532511213], [-73.81571689538129, 8.721492233393805], [-73.8088836840472, 8.696108988001873], [-73.81981501207497, 8.65301769205376], [-73.81450673257513, 8.625722461904333], [-73.77490443308756, 8.560550084366081], [-73.78020328925254, 8.514579920996864], [-73.77430153279573, 8.497054660678678], [-73.74600431289417, 8.46205796174711], [-73.7484741986002, 8.362683996446947], [-73.75763235774349, 8.334247862756726], [-73.746749943022, 8.31685121973018], [-73.76032724106477, 8.299872526307405], [-73.75026665073585, 8.271879639697861], [-73.7621893126904, 8.260323423297958], [-73.77955551717821, 8.208128716075462], [-73.77370566092827, 8.147235045492819], [-73.78397636916623, 8.135255787834035], [-73.8067711843787, 8.130394321729577], [-73.8235734054204, 8.105633033505052], [-73.86147219234454, 8.07850126452826], [-73.87168018375263, 8.018769997781664], [-73.8656501684323, 7.976920538363496], [-73.83158918958128, 7.935872869992779], [-73.83536677544805, 7.8962266617186705], [-73.82121154401005, 7.864886882357113], [-73.82162745713151, 7.8230281388430685], [-73.79813688360065, 7.774987191803772], [-73.83185068128404, 7.729819637847905], [-73.8109439044195, 7.706175996661267], [-73.81566609561145, 7.6881568610709765], [-73.79775938516627, 7.650859330521531], [-73.81842576997423, 7.642814403193273], [-73.81031148276901, 7.616571711934686], [-73.82871180977133, 7.602441177898918], [-73.83053748073434, 7.5757018589279665], [-73.84070375973732, 7.566162771580087], [-73.84923438496747, 7.5346661597196745], [-73.86657741919066, 7.533136508133209], [-73.88154155993215, 7.506280773696903], [-73.91308097655099, 7.4935966487954], [-73.91735069316024, 7.472630128527705], [-73.895357304279, 7.431371639764888], [-73.91585233530992, 7.2955837895167415], [-74.24729313008783, 7.001971002456399], [-74.27720960141028, 7.012199929118608], [-74.28674807610696, 7.001674358750289], [-74.30581463108587, 6.999159856383622], [-74.32215888344427, 7.018860238876957], [-74.329484180605, 7.010714086606815], [-74.35569575509646, 7.009898842378935], [-74.35144496600532, 7.081589765529271], [-74.37201027319526, 7.098079352839528], [-74.37001640334103, 7.125205812768778], [-74.39955469081406, 7.188891286884026], [-74.40909940521368, 7.194124391707533], [-74.4037633192404, 7.209964371683902], [-74.40864624162259, 7.219196253824398], [-74.38700357596906, 7.2788679559320375], [-74.38630271970732, 7.2992606409221095], [-74.40337534464481, 7.319493867635656], [-74.3977275196633, 7.347909257412855], [-74.37384168529582, 7.364225166104263], [-74.36124681078348, 7.394137767480495], [-74.31938876705635, 7.439867493877326], [-74.32291059606968, 7.446816856571622], [-74.3700943681867, 7.479960931466938], [-74.37981496567255, 7.46596404888569], [-74.41244871713081, 7.460350819850167], [-74.42229996479739, 7.4422045159518975], [-74.41187665333234, 7.439584230588037], [-74.41940567059555, 7.388585668848735], [-74.44811952766122, 7.377715653583319], [-74.45226892741874, 7.366186820550032], [-74.46789617269201, 7.360732924925081], [-74.46988595700509, 7.347617743091045], [-74.49096935357494, 7.3434600204359475], [-74.5181137870116, 7.38488226951062], [-74.55901989515507, 7.4144762624561755], [-74.56323850297383, 7.43285708342432], [-74.57913820659161, 7.433598000088043], [-74.58318390295341, 7.448647800649501], [-74.5887060966457, 7.445478094440253], [-74.59842158720511, 7.461902738893611], [-74.58791288631261, 7.482272249127515], [-74.59022970076887, 7.511040884603638], [-74.56838353689687, 7.518105557834653], [-74.57052870921666, 7.577677268388347], [-74.56108381928419, 7.646454134384862], [-74.53060667121684, 7.671204667970213], [-74.47646716285334, 7.682159137516087], [-74.47532153057705, 7.70555226352316], [-74.49790020377333, 7.711531944401138], [-74.50703840862337, 7.722627095622487], [-74.51358117193672, 7.781025399765842], [-74.52529909420014, 7.782569428899833], [-74.51722382175711, 7.801741590805445], [-74.52754520579725, 7.851831360383559], [-74.51979795703494, 7.900795848136063], [-74.53661508922391, 7.916082727764699], [-74.5389156989578, 7.946922180148613], [-74.57410597331034, 7.979395866966017], [-74.60313637896814, 8.03784137581856], [-74.61463070498928, 8.031822737670558], [-74.62568016067269, 8.035816279601923], [-74.63091895363328, 8.054645816598532], [-74.65025860116776, 8.051513440809009], [-74.66768108874618, 8.060034020171058], [-74.67394269082968, 8.07789507190832], [-74.71808106570535, 8.098132567419562], [-74.72858598828071, 8.118374935396721], [-74.73825826085738, 8.116521690624145], [-74.76069820441887, 8.130456261516098], [-74.77356100077986, 8.121778833485504], [-74.78481051233479, 8.13149546939749], [-74.79863011405058, 8.1595135223298], [-74.81236595498586, 8.167525409595584], [-74.8112952889764, 8.182537159287968], [-74.83064992671001, 8.200011883042942], [-74.83323049393033, 8.2123097105048], [-74.82583417860161, 8.230044178737934], [-74.81707198187968, 8.224695784937278], [-74.79491971323745, 8.246557221078923], [-74.80727058356456, 8.25894044066318], [-74.80877299820992, 8.274282126550936], [-74.7951313510971, 8.268924324686859], [-74.77088239314793, 8.2794096936175], [-74.7643504949666, 8.294539112824388], [-74.73475429665433, 8.298181816543657], [-74.72747280587333, 8.281022453807019], [-74.724895604643, 8.29869161536525], [-74.71272340038513, 8.304056774437338], [-74.684047137844, 8.292005055915032], [-74.66803850083483, 8.295327871103348], [-74.6534878513549, 8.278995641806805], [-74.6492510975529, 8.313462779863093], [-74.61401396074962, 8.347002819874817], [-74.61453594702436, 8.406543810716219], [-74.59677565400233, 8.403251710748602], [-74.58691205808395, 8.384121139975496], [-74.5774207108413, 8.38561245682497], [-74.56106404465413, 8.39007293892153], [-74.55564212009546, 8.411607488650578], [-74.53973208404705, 8.426392519554188], [-74.53540630173956, 8.480637178498773], [-74.55633385755146, 8.508562217097502], [-74.5686878665947, 8.50755452932785], [-74.57654894007908, 8.544230559952736], [-74.56394426404091, 8.54916207134895], [-74.56258199926793, 8.569054795874276], [-74.59471095732135, 8.592295992391232], [-74.58670792655278, 8.630780519075424], [-74.59913511062075, 8.655309480324469], [-74.59066737559544, 8.66877433076321], [-74.59481106296147, 8.694639478671654], [-74.60913029096844, 8.725738044017577], [-74.59992576524479, 8.744225690029475], [-74.61073381826611, 8.755937903494322], [-74.57147383826003, 8.773037246145776], [-74.57517590898891, 8.78554939294063], [-74.53965931595945, 8.805290829373494], [-74.56465404686872, 8.83695639740553], [-74.58601096269427, 8.841172966945171], [-74.57944396012033, 8.872765656396805], [-74.5895366311102, 8.871822909687463], [-74.59471395320526, 8.90099117810421], [-74.60856984059922, 8.919465887467403], [-74.6060268607169, 8.93101121627741], [-74.6233594412368, 8.930498907560914], [-74.63936084770052, 8.977455863869613], [-74.68382741064875, 9.011506880395121], [-74.70494316366262, 9.007847615322126], [-74.73685757600742, 9.015829403612003], [-74.75049141405924, 9.042356199882004], [-74.78185125461476, 9.037660867440335], [-74.78563934359221, 9.046815546507183], [-74.82376495261138, 9.057419909070147], [-74.82909840202723, 9.086473941336152], [-74.86325603698492, 9.148477618779072], [-74.90302754956247, 9.16348223494407], [-74.90222439666792, 9.193227703730184], [-74.90989170967936, 9.209748582979987], [-74.90466929032448, 9.229612942279322], [-74.91044769541804, 9.244934816706069], [-74.93099874004486, 9.254840198691156], [-74.92572111018865, 9.278960976827898], [-74.93123937823998, 9.29167475873376], [-74.94451122638486, 9.295801294552305], [-74.93287121057654, 9.3284044897908], [-74.95051410537548, 9.34794744330347], [-74.93234705486861, 9.366968362032376], [-74.91510808606245, 9.413943384374095], [-74.88842472499095, 9.422958445371615], [-74.8907783290806, 9.430964062391748], [-74.9356618552817, 9.448166120291233], [-74.94576416610062, 9.437065448019757], [-74.96687882766054, 9.434422380463793], [-75.03222927119504, 9.466568755066843], [-75.0364694844119, 9.47679061288038], [-75.02585421988562, 9.495504418928453], [-75.02894884484368, 9.509836700364799], [-75.01239443235545, 9.528293674275211], [-75.02700665061735, 9.528991025307857], [-75.03988565978557, 9.540426696683763], [-75.0778526783015, 9.532755737407916], [-75.10347514793995, 9.56584413737255], [-75.13197124691908, 9.579991743903873], [-75.133387012698, 9.596426073102029], [-75.15418543468655, 9.600444934069857], [-75.16721738664535, 9.6134184442842], [-75.18105950734656, 9.601913083349661], [-75.18933258717618, 9.629266062641493], [-75.18132227286145, 9.627704767873935], [-75.16450565810243, 9.646466147839067], [-75.18017322608603, 9.63895665727097], [-75.20021172394263, 9.652028309406647], [-75.23267622727656, 9.646671534317692], [-75.27055949219857, 9.670003010694357], [-75.26723263997803, 9.683549869299016], [-75.27645712538492, 9.686258789706025], [-75.299788166079, 9.6699534047865], [-75.30072494886844, 9.657171566460477], [-75.31472835142773, 9.652764226043494], [-75.32708239191203, 9.61670761933494], [-75.33432901994735, 9.619935881374337], [-75.33097115157034, 9.631863521795815], [-75.3562458327795, 9.647309142844817], [-75.36289915543625, 9.64700747036571], [-75.36254651160897, 9.630689168560451], [-75.37437777080885, 9.63076987596483], [-75.3744327612228, 9.6451676832651], [-75.38350708772037, 9.650607013594403], [-75.37142756541914, 9.674629472841582], [-75.38075080180556, 9.68220967165867], [-75.37011651274304, 9.692423674597116], [-75.37795970794241, 9.720356970516514], [-75.35997418913286, 9.737500230040556], [-75.33560480922887, 9.811901828009091], [-75.33826145303465, 9.828226992948572], [-75.37676829478784, 9.849402360906527], [-75.39358453764396, 9.880814634369349], [-75.42178151356472, 9.884455492947533], [-75.3966963455905, 9.893831778486721], [-75.42759242961267, 9.892876220892914], [-75.43085376585066, 9.912734033265304], [-75.44609644024774, 9.913207662291429], [-75.44973990214584, 9.894749853845449], [-75.46550715086602, 9.8917699698918], [-75.46382638456203, 9.905876745266038], [-75.4820489033869, 9.929895498959697], [-75.46918593544757, 9.924713811049106], [-75.47775063560022, 9.935089343780769], [-75.46418014679273, 9.961382157478901], [-75.48009600033555, 9.978449511995876], [-75.47018244816616, 10.00401336651456], [-75.4844191371024, 10.006868579478803], [-75.47610976171313, 10.018560556579162], [-75.49082343937738, 10.038253769612535], [-75.51554564816172, 10.025131778543143], [-75.54332273681104, 10.040149365492926], [-75.4974775875865, 10.145482636965912], [-75.57362449406929, 10.08642805998395], [-75.58074341031556, 10.125492894312538], [-75.56412369833896, 10.12358726334415], [-75.5294868989319, 10.166443550843496], [-75.54463154818876, 10.159681288507374], [-75.54301142719788, 10.1735580177304], [-75.55449318308325, 10.178277514872534], [-75.54216614328294, 10.179122796092493], [-75.53815105075063, 10.187716507360085], [-75.53613916157576, 10.172825026010434], [-75.52085011700507, 10.173352248569154], [-75.5246438015929, 10.22112126188053], [-75.53733602661015, 10.227214398272737], [-75.54622595308746, 10.216778631656652], [-75.5468474161811, 10.228788990812019], [-75.52657905902305, 10.234021669833758], [-75.52319464900148, 10.236981608477258], [-75.54325251095776, 10.244287363671495], [-75.60260986355274, 10.200181692889414], [-75.62004165409172, 10.196775833776803], [-75.63759088417629, 10.17700472596649], [-75.63721452480661, 10.187980750604732], [-75.63866141004843, 10.175348601368702], [-75.66904340938339, 10.137605189876053], [-75.67948799297136, 10.142632397079078], [-75.69040812528675, 10.130284517246297], [-75.70439520185101, 10.14161737635599], [-75.6939521570784, 10.149895652045085], [-75.6973278435533, 10.143940898537743], [-75.69119312321493, 10.142652384610079], [-75.68146136415277, 10.160489246494159], [-75.67923509186448, 10.157342246120098], [-75.65412233301265, 10.163818423556366], [-75.6490214477277, 10.171031469844458], [-75.6540220611841, 10.177494077319242], [-75.64776670419343, 10.1773452793587], [-75.63864220135741, 10.188724763763725], [-75.6302408366131, 10.19007759981191], [-75.6049405623811, 10.23655960836658], [-75.58618582097063, 10.226180821934335], [-75.58825280566242, 10.235730357595598], [-75.6222176278705, 10.251406879992597], [-75.61284020236798, 10.260186389958514], [-75.5839350210623, 10.261569931345853], [-75.5946042150913, 10.267656934036392], [-75.58848948228399, 10.296087625728362], [-75.57862387683275, 10.299947512611974], [-75.58095947687315, 10.279088087781126], [-75.56149438400087, 10.26330076080049], [-75.55643276410831, 10.27488921147342], [-75.53189071798766, 10.279576748328886], [-75.53503050937593, 10.285546510899982], [-75.5444611852543, 10.281419093833433], [-75.52821553116172, 10.291282082489843], [-75.53047570409922, 10.304184808996647], [-75.52602884676128, 10.294113987747139], [-75.50312615996694, 10.301087943638606], [-75.51138485955397, 10.337314018558875], [-75.5040179317349, 10.342695871037245], [-75.51180414944531, 10.355132654509564], [-75.50898115638097, 10.37417787627955], [-75.51670332775387, 10.38633924325283], [-75.52631443758736, 10.385903314752564], [-75.52452989692074, 10.392082509817591], [-75.52743913640592, 10.385487689092265], [-75.52423923689747, 10.381170871080291], [-75.53744584035127, 10.393854468670245], [-75.52467142391157, 10.392169668029135], [-75.53031903419554, 10.397766506390981], [-75.52408087905803, 10.396557070322507], [-75.52402330329062, 10.404870278825891], [-75.53966831366114, 10.405856235433147], [-75.54909581129749, 10.422250091902201], [-75.54596796391877, 10.411899616797022], [-75.55456633026017, 10.397918002892789], [-75.5448405234398, 10.390337209390484], [-75.56642402510329, 10.396584404281732], [-75.55211734297762, 10.409033461445649], [-75.55404100584315, 10.425464315059147], [-75.51056539683418, 10.456364890660373], [-75.49222112564854, 10.486403878809627], [-75.5024303216984, 10.501484528440885], [-75.49451876914299, 10.534989764097487], [-75.51532438215116, 10.560499404347256], [-75.51267069021173, 10.57108151562293], [-75.46145941712354, 10.58970294604009], [-75.4515351291796, 10.627606892890187], [-75.39864376532103, 10.662792519354694], [-75.39424458879972, 10.68266889003725], [-75.31585253012128, 10.69470615106194], [-75.27771657968827, 10.712877519773206], [-75.26516587357702, 10.739787997586603], [-75.27012628110418, 10.757141751414117], [-75.27228431102088, 10.746090003228575], [-75.27122837829216, 10.779312861335491], [-75.26176003602393, 10.800689218515261]]]]}}, {"type": "Feature", "properties": {"dpto_ccdgo": "15", "dpto_cnmbr": "BOYAC\u00c1", "dpto_ano_c": 1886, "dpto_act_a": "Constitucion Politica de 1886", "dpto_narea": 23137.9976371, "dpto_nano": 2024, "shape_Leng": 15.9067665703, "shape_Area": 1.888386709}, "geometry": {"type": "Polygon", "coordinates": [[[-72.17367700132382, 7.053076988416263], [-72.1530627143523, 7.035047797076589], [-72.12212912473876, 7.027676095606495], [-72.07569392383618, 7.045367526418349], [-72.00958483627005, 7.033380919636348], [-71.94885388215414, 7.011323087362586], [-71.96015410005401, 7.001604440121079], [-71.99293653538672, 6.929419843819684], [-72.03454534493295, 6.829704955919512], [-72.03773849988488, 6.795887099108435], [-72.05060356539207, 6.7688958492119236], [-72.0769286879243, 6.750900784897138], [-72.09234833596327, 6.753877407065361], [-72.10012238867841, 6.747193736599436], [-72.09142714883791, 6.645960285925511], [-72.11281631330951, 6.612115458973156], [-72.13089513660873, 6.520588905567511], [-72.17788401008636, 6.496758420941151], [-72.1747464420302, 6.4630056677855245], [-72.21375443811013, 6.465485814955099], [-72.21889720558187, 6.438634944001586], [-72.23508261411189, 6.421961236945679], [-72.24597092627795, 6.420487607039951], [-72.25996922191075, 6.441830315098968], [-72.26787216680219, 6.441579419931778], [-72.26881321389772, 6.419170179913569], [-72.27950760030063, 6.4210388667381615], [-72.28666130563062, 6.403408288750467], [-72.28271603021784, 6.379385894182085], [-72.29513160175486, 6.374590624085388], [-72.30210824091643, 6.359269950707175], [-72.31549284927888, 6.357713134943178], [-72.32164917771024, 6.331840171685616], [-72.33961562616946, 6.346110866373528], [-72.35402006843219, 6.34354241384287], [-72.39614714073338, 6.2741570474526], [-72.38724316728877, 6.261007194214207], [-72.40253656779373, 6.207603952832502], [-72.41855332018969, 6.185394031168423], [-72.39252884066644, 6.188325490499755], [-72.39310468368035, 6.161569469139392], [-72.37391213089927, 6.147698649937385], [-72.38917830703951, 6.123736822528606], [-72.36408147982195, 6.099325887425609], [-72.37537915728416, 6.092501593674737], [-72.36663860728288, 6.07683482878615], [-72.32120409267503, 6.088204322120612], [-72.31802723587026, 6.077561160391291], [-72.32532266312569, 6.0639268489274], [-72.3655056798898, 6.036703418480869], [-72.3397825189092, 5.998492617665033], [-72.34266523920775, 5.965965384925861], [-72.33867071901011, 5.948672653704279], [-72.32506198619558, 5.935037152870011], [-72.32670619373329, 5.906575943586934], [-72.33568511458009, 5.889566467569869], [-72.41554955809835, 5.904011359204949], [-72.45089407240977, 5.8783715556618015], [-72.46306759988715, 5.849102678547982], [-72.43493760330563, 5.848561748585462], [-72.40140018098572, 5.836672447392519], [-72.39192797236541, 5.818948801172339], [-72.30759574523802, 5.792798588850981], [-72.30719369762403, 5.779523330698995], [-72.29627204086631, 5.767573572839315], [-72.30046747213231, 5.758265914150952], [-72.28038479958644, 5.749550322063419], [-72.27694184361616, 5.730841247445718], [-72.24787782207534, 5.695355515165288], [-72.2496697361197, 5.685253601402398], [-72.23570723927782, 5.687400174196733], [-72.22190447469887, 5.67258145464645], [-72.27213809341629, 5.662216045037798], [-72.26268896882226, 5.633537192652605], [-72.28747128303183, 5.605640444719738], [-72.28516981540616, 5.574627368514264], [-72.29578577522904, 5.553339530494852], [-72.30089610720495, 5.505972368964664], [-72.31759228383953, 5.498027348748605], [-72.33809956520571, 5.500800712548773], [-72.3755387251552, 5.537956750243381], [-72.38742984903166, 5.563445178557373], [-72.3968298447237, 5.570328681214141], [-72.42090449613119, 5.5632379496326285], [-72.44239468072863, 5.5192635973784645], [-72.4898570161456, 5.481831436210139], [-72.50343391533607, 5.443027438711968], [-72.58397811996144, 5.381988633501513], [-72.56723763478851, 5.3733726188442406], [-72.57975046071067, 5.350334191113167], [-72.59127180358547, 5.358028048463803], [-72.60937523535318, 5.3484013618311765], [-72.62031404096331, 5.351217524100566], [-72.63740067064725, 5.337036592740586], [-72.6547815769747, 5.304399831924797], [-72.70077681683648, 5.279268665680567], [-72.70056665221506, 5.273278446657568], [-72.72025823839874, 5.288556389838623], [-72.72558184496614, 5.318019246614444], [-72.75688995060489, 5.33137454292538], [-72.7782832401436, 5.36587834125765], [-72.79832219434468, 5.380142862718052], [-72.8095660492038, 5.383579704749474], [-72.82070650160301, 5.370132954479834], [-72.84176427640398, 5.363594531829642], [-72.85954502228469, 5.340390428576969], [-72.88271031469361, 5.363227945239739], [-72.88574530763901, 5.351645668692701], [-72.87840544518264, 5.349918037243023], [-72.90067818878032, 5.295342090137478], [-72.89168828242714, 5.285532390484534], [-72.89620702211306, 5.262083710819421], [-72.92622493576988, 5.210413586004886], [-72.94606788909789, 5.1953806935471905], [-72.96295843167042, 5.1565086764597625], [-72.9738906687939, 5.150364405225896], [-72.96500838698574, 5.132899618642564], [-72.9426441651749, 5.120248473616418], [-72.92859167234116, 5.0996730118630955], [-72.90844017800987, 5.102479662762629], [-72.90382123386911, 5.067931974507248], [-72.92847103029902, 5.047235816812804], [-72.9260683556978, 5.02962837764868], [-72.95283314192818, 5.009647944244048], [-72.97528364429593, 4.974758154797947], [-73.01654036607255, 5.002663960451077], [-73.03051301837678, 4.982305618081678], [-73.04912913615368, 4.922256656491826], [-73.04148365222107, 4.878326794235898], [-73.0615585902662, 4.855116947150731], [-73.07771915317227, 4.810741989079767], [-73.04498984334953, 4.750483136854796], [-73.0621091941938, 4.731848808416554], [-73.07184782178007, 4.739188134577999], [-73.07874264411697, 4.725807890235135], [-73.07209028714999, 4.718665359956428], [-73.10420664542318, 4.660494027028618], [-73.12168766637387, 4.67155925983557], [-73.14902588723294, 4.655244906129156], [-73.2075495208332, 4.680499456974282], [-73.22243362970391, 4.67737777294174], [-73.23465594741822, 4.695153026517863], [-73.21972608731363, 4.724911678989541], [-73.22303683003327, 4.733288925745589], [-73.2685123949874, 4.740731744198452], [-73.28320416541936, 4.722278313246398], [-73.30401764228577, 4.729588655242108], [-73.32085050758121, 4.779294445934229], [-73.37183636443893, 4.80082302545507], [-73.36516400377121, 4.82476935062459], [-73.39449949910215, 4.85329400257681], [-73.40200349017994, 4.87993349887719], [-73.42485537989944, 4.879154203459048], [-73.44588773774746, 4.889813402823893], [-73.45260850237622, 4.883144721658741], [-73.46961638388296, 4.892720183618063], [-73.52087070157893, 4.878956318817301], [-73.52495512164859, 4.892657219751314], [-73.53867728841772, 4.896568796635902], [-73.54879063774365, 4.925149050755274], [-73.54467951163764, 4.9441861786980175], [-73.50699497487614, 4.996357717452547], [-73.51842435175217, 5.004572155213404], [-73.52240361225586, 5.029223524593768], [-73.4962482831258, 5.039308011026287], [-73.47985807381917, 5.0631439646004885], [-73.48179429604073, 5.084592306536223], [-73.49453516576767, 5.106353610986614], [-73.48845778583791, 5.137510670178831], [-73.47720362459938, 5.148094482864979], [-73.48241821602863, 5.154271853450136], [-73.50502376683966, 5.151920936223689], [-73.51194094017694, 5.162297359186545], [-73.50831809103778, 5.185204729799752], [-73.52236575721963, 5.192967775448698], [-73.52454293114863, 5.214020199878839], [-73.51479130313317, 5.232694448581863], [-73.52779878765904, 5.24451081280376], [-73.53418075420501, 5.282298948755039], [-73.54803434460496, 5.2996382711360095], [-73.57761422770199, 5.30161686871984], [-73.59936607737717, 5.318812744408598], [-73.59068494828438, 5.343995597958806], [-73.59945618206524, 5.37030099347081], [-73.59272405194247, 5.398848535413047], [-73.6381098625518, 5.417474374765084], [-73.65054412894307, 5.415121961842485], [-73.6553369133996, 5.426222876659301], [-73.6784296209774, 5.434323504969486], [-73.67671817089376, 5.459455869567234], [-73.69627673893581, 5.44663603876262], [-73.71953141827828, 5.458814276110336], [-73.72024561992254, 5.47807057519078], [-73.74316181110129, 5.468552080838917], [-73.74707680607838, 5.489626504129575], [-73.76883104257917, 5.486596283038881], [-73.78541768484888, 5.505566543033546], [-73.78946523443659, 5.552991041379092], [-73.8046705451763, 5.571397784153696], [-73.8197928838569, 5.552883957620304], [-73.84786398055326, 5.545654468556201], [-73.85727130470718, 5.5309240408922715], [-73.87046525538011, 5.532867484676093], [-73.88987068210372, 5.51241627889019], [-73.89770046275027, 5.528363481864263], [-73.9067986943349, 5.528175820956937], [-73.91168863256507, 5.521434545079184], [-73.90120068995873, 5.447743072196962], [-73.9125170982079, 5.432232338509333], [-73.9254452767023, 5.439997958731953], [-73.94217901013218, 5.434081865152005], [-73.947973278588, 5.417556347896753], [-73.97268514506027, 5.419559903394002], [-73.99138839320096, 5.374647048075307], [-74.0209686787436, 5.366294196886866], [-74.02227788178703, 5.3868883382231205], [-74.03979293543938, 5.392009266734431], [-74.04518428221974, 5.404535496429219], [-74.07357519558178, 5.408165564435583], [-74.09275324864427, 5.4289459078140165], [-74.09693180863741, 5.4706352945074865], [-74.11729757918249, 5.472976495548038], [-74.11311864728651, 5.466521626167301], [-74.12547328335432, 5.42896988925793], [-74.13868619927462, 5.446336718074762], [-74.16062983133094, 5.447757509033364], [-74.18238713108929, 5.463738197634669], [-74.20192375057644, 5.497010590682365], [-74.21907703530758, 5.496147569518018], [-74.2439594668354, 5.476346197441674], [-74.25387355709609, 5.487615957038858], [-74.2564184773409, 5.4998384858570075], [-74.24029167943837, 5.539196022979427], [-74.25962585982165, 5.559761791004838], [-74.2977752436721, 5.574968362081324], [-74.31495709575034, 5.620507804488115], [-74.30569425135195, 5.637640842074415], [-74.3084567769697, 5.647668435459676], [-74.28515264533138, 5.663710018207694], [-74.27597746489647, 5.692185245711885], [-74.30398703413334, 5.709234396753433], [-74.28716685575478, 5.746492562197395], [-74.31298310113766, 5.782246934081005], [-74.30102451193295, 5.79765987169897], [-74.31684595426083, 5.797007956591225], [-74.31523434032249, 5.815169962154826], [-74.33380090698887, 5.826887477480718], [-74.3330965553796, 5.837042840147369], [-74.34594123540182, 5.831572074147912], [-74.34610898244006, 5.8229014885903245], [-74.38469338210172, 5.784391721921502], [-74.40443196278864, 5.779066532521471], [-74.41185913257704, 5.765270316666583], [-74.42405683733125, 5.768457968534559], [-74.43091355310344, 5.75801370474743], [-74.44222867765899, 5.766800735414837], [-74.46123639563484, 5.76581666347456], [-74.4664540530166, 5.775924357002659], [-74.48598635699369, 5.770862469412091], [-74.49354614157988, 5.7839724490982025], [-74.50088059078405, 5.779146214947263], [-74.5163917897998, 5.791422759506517], [-74.53859052473553, 5.786088096465949], [-74.55400025626415, 5.760553598015821], [-74.57775131268886, 5.75155339247001], [-74.58744009811022, 5.759036880383189], [-74.59737060689247, 5.743395920520025], [-74.62708056075644, 5.762456077691767], [-74.63844036126164, 5.754915591628423], [-74.64291956875542, 5.735407752389886], [-74.65201562102544, 5.740502974690552], [-74.65401071079276, 5.7537342800372455], [-74.66102470013698, 5.7523781238131715], [-74.66496042555241, 5.768536585557616], [-74.65045044732938, 5.793015641759544], [-74.6517758874345, 5.82822462084669], [-74.6380415907044, 5.866365644068889], [-74.62407820991956, 5.882350299633694], [-74.5903762457529, 5.894692423057515], [-74.58538663666752, 5.9030618041586775], [-74.58570502321413, 5.92501912295688], [-74.60660669494882, 5.942475962138589], [-74.61237676097494, 5.969879922659998], [-74.59411056512783, 5.985965580384193], [-74.5689774154011, 5.986948755805132], [-74.56272437337077, 6.00189147889604], [-74.57163125825753, 6.034521128642365], [-74.56174784458995, 6.078295787046385], [-74.5845133315816, 6.088208060911786], [-74.60931543120108, 6.119701242103383], [-74.61069479002919, 6.133197177869011], [-74.57492607742785, 6.192109185813506], [-74.57341573334713, 6.21566124188729], [-74.52657102162118, 6.273641080793387], [-74.52885331828509, 6.262847293928779], [-74.50841812228629, 6.216470541059873], [-74.48286059101315, 6.199806322017535], [-74.46962850682598, 6.201394079377801], [-74.47947584681799, 6.159641996515795], [-74.45262554270101, 6.135675445761504], [-74.45169464657636, 6.099285650055318], [-74.43017165817355, 6.0866944002484695], [-74.40798644558862, 6.0864566564274725], [-74.40193763300601, 6.066317878658179], [-74.3808331152303, 6.048117930023353], [-74.38305881169805, 6.040277892404987], [-74.36696561440709, 6.046866590208461], [-74.34755227531622, 6.038518749826695], [-74.33732563127467, 6.064977650475069], [-74.31534928793957, 6.067740565961849], [-74.29807339295587, 6.084108162857582], [-74.2755346966182, 6.080424081805049], [-74.27763387875206, 6.073664327567231], [-74.25871623042997, 6.065524406915199], [-74.26557556120002, 6.0525188564641095], [-74.26008464956578, 6.0124815249968835], [-74.22222488998028, 5.967910212116329], [-74.23889663331795, 5.943694758659731], [-74.22449041508446, 5.923237040981174], [-74.23114068975502, 5.905005996239723], [-74.27498091804188, 5.868483359360086], [-74.26608114242794, 5.8345907896072795], [-74.23182234271559, 5.835812437383454], [-74.21474874669849, 5.853837279975348], [-74.19730385601736, 5.852941547532166], [-74.20007265188076, 5.876657088134738], [-74.18963105339685, 5.884212853654963], [-74.18041643868617, 5.911088567537418], [-74.13333312434918, 5.875921147243374], [-74.10307663503079, 5.876997637035416], [-74.07962584072902, 5.834489448782691], [-74.07925943919219, 5.818500395062839], [-74.05581100207166, 5.8196869833621285], [-74.02603033367046, 5.806822432590368], [-74.02506369175552, 5.780755361211497], [-74.01103431798236, 5.774725815710623], [-74.01406685313515, 5.7643114658462915], [-73.98261122065298, 5.720910168233153], [-73.96243084815728, 5.739438012089429], [-73.94386663507885, 5.736090102443666], [-73.92451572176344, 5.743026232943256], [-73.88623067602725, 5.735796844490518], [-73.88414408738544, 5.722771383763573], [-73.87454942392128, 5.727865180436765], [-73.8831444179844, 5.7083116232020625], [-73.87434514955783, 5.708007828002239], [-73.8611431041594, 5.711508600488472], [-73.84290621227854, 5.736574995454135], [-73.82440745589378, 5.740557321910196], [-73.82016617008759, 5.716054268992971], [-73.81253161686402, 5.714967980370051], [-73.76360922509599, 5.772915101709046], [-73.72672186293607, 5.770441102614181], [-73.71438250093519, 5.781700865750929], [-73.69336221555591, 5.757226351434734], [-73.67232785985311, 5.747687251510437], [-73.65176340875831, 5.7123941855540865], [-73.6440097235618, 5.7152057780899765], [-73.62960544209767, 5.745854127219603], [-73.62432537780506, 5.812293882208277], [-73.60017153265562, 5.868990527014074], [-73.61126682042135, 5.887144223154705], [-73.6315040123024, 5.895242667658681], [-73.63590028277144, 5.911162379468165], [-73.60298855281684, 5.937484854662325], [-73.5847918291359, 6.008185209251035], [-73.53964673667184, 6.0374256968842195], [-73.52436637073208, 6.059400826593768], [-73.52664913092707, 6.076869227102396], [-73.51389056257824, 6.087263914626129], [-73.51520286032036, 6.099078778660332], [-73.49741541659552, 6.10803216038295], [-73.43807888876205, 6.071378101669148], [-73.41483270479392, 6.073094708086543], [-73.41908093458278, 6.068374577631665], [-73.37070869758435, 6.005232175064318], [-73.37387456978104, 5.969414447648186], [-73.40740769365885, 5.889543720412124], [-73.44448609708928, 5.902000821995732], [-73.45690332691765, 5.890356060384334], [-73.44887988820614, 5.879766480509466], [-73.45108873496065, 5.867043890615199], [-73.47347757961313, 5.816830868488655], [-73.43589321496705, 5.798198038441454], [-73.42712588436922, 5.776365582872321], [-73.43080930875288, 5.767068564736954], [-73.41712301084328, 5.768642791661631], [-73.39048013777222, 5.751068437475777], [-73.37903027390149, 5.763402487733723], [-73.34574940164799, 5.8422488625400835], [-73.35147171319556, 5.872571855089272], [-73.32924004419874, 5.851541376519014], [-73.31263154230743, 5.856184232933289], [-73.29006960473822, 5.850360196082041], [-73.28347235496625, 5.86022814074782], [-73.27048027925474, 5.853546006402241], [-73.26527981743783, 5.834937148815814], [-73.2468909053369, 5.815959385187617], [-73.20495327171045, 5.826582487520673], [-73.18398077943732, 5.850447154867436], [-73.20725182699567, 5.888838828914942], [-73.22098261580174, 5.890703180466544], [-73.22175013878882, 5.90954287112889], [-73.20830580139551, 5.921504988020155], [-73.22473870137338, 5.94113991381981], [-73.21630119468148, 5.962283184947052], [-73.21875676841694, 5.980575586467943], [-73.1993145403818, 6.003134278420732], [-73.17551371006414, 5.994537466166292], [-73.14263910391662, 5.961076946883531], [-73.10077675456085, 5.9622609588125615], [-73.06781644996522, 5.982041703756949], [-73.06219704680365, 6.011052394072528], [-73.03200938466051, 6.023000190908437], [-73.01124344667681, 5.963105015627848], [-72.98297150538752, 6.010017516972579], [-72.96265532727557, 6.027425194014581], [-72.95273591539092, 6.067449350779333], [-72.9227723498521, 6.087929397000407], [-72.91597507025978, 6.107376271125273], [-72.90091430036108, 6.111785898654769], [-72.89500233633959, 6.123868668367952], [-72.87251881277399, 6.125122362669081], [-72.86843404775101, 6.144522181205243], [-72.83127065464384, 6.14878329284539], [-72.8037375683831, 6.21596797547874], [-72.77501609808928, 6.210482882237442], [-72.7446775350279, 6.229182198448393], [-72.74585651099744, 6.274878988987465], [-72.75464397465345, 6.279644115192457], [-72.75791633143217, 6.315094798775856], [-72.74963668491262, 6.324381055983822], [-72.74838029027353, 6.3476287491220855], [-72.73144194381507, 6.356927713908196], [-72.72558927403946, 6.372056533040027], [-72.73797620726242, 6.440268768802977], [-72.7248835363286, 6.4567018170024895], [-72.73682438019904, 6.473029359784412], [-72.73592265868308, 6.490688268862092], [-72.7653771799857, 6.499138643032131], [-72.77844890398706, 6.528686290956947], [-72.80857913768659, 6.538807342443889], [-72.8088637403651, 6.559205823368801], [-72.78186639000376, 6.579749465871098], [-72.76460303730806, 6.582838993784116], [-72.74273729913045, 6.568905045425155], [-72.74342940669266, 6.5589234044965625], [-72.71913719662467, 6.5526977655960295], [-72.69521671780228, 6.524907674721825], [-72.66277255413922, 6.446572785774458], [-72.6490698098603, 6.436400568004735], [-72.60561346344127, 6.448836782843047], [-72.58809886882841, 6.472072553531347], [-72.56809531276929, 6.483649796813861], [-72.53923745475049, 6.487973173430932], [-72.53438528621649, 6.496050494932513], [-72.5446239398446, 6.502979014000651], [-72.5494686200164, 6.521468814174344], [-72.53632280919959, 6.540418788397079], [-72.54590690307771, 6.567152706692255], [-72.54266503155083, 6.582811495433041], [-72.5270478698746, 6.591630952613139], [-72.5188382569687, 6.6200989899961264], [-72.49702481066379, 6.633891268531985], [-72.48553524661577, 6.657101121007051], [-72.49110945999092, 6.6818281654256255], [-72.48470642344319, 6.702568230111229], [-72.49889420266652, 6.7282596805361665], [-72.48755187710248, 6.74364738266107], [-72.4985835937398, 6.764375163773643], [-72.49888917389353, 6.795241513535271], [-72.48403867371934, 6.808145092543907], [-72.47705870719534, 6.842202642521723], [-72.50157021596186, 6.874249798122548], [-72.49719946485374, 6.92073841648629], [-72.4877957546251, 6.924524023416476], [-72.42901087456238, 6.88141287917636], [-72.38728140410927, 6.873908938404565], [-72.37054519402221, 6.889853772519309], [-72.3500457010557, 6.892893168111325], [-72.31342579990832, 6.93222380336449], [-72.28142958870518, 7.010064290626555], [-72.25250988791794, 7.007483551827923], [-72.25541734155092, 6.983979265504116], [-72.23410395632209, 6.97926417280535], [-72.20096781804756, 7.006687168642788], [-72.20580378185923, 7.022428752474384], [-72.19965955464266, 7.041193449920448], [-72.18569570314025, 7.053927364884527], [-72.17367700132382, 7.053076988416263]]]}}, {"type": "Feature", "properties": {"dpto_ccdgo": "17", "dpto_cnmbr": "CALDAS", "dpto_ano_c": 1905, "dpto_act_a": "11 de Abril de 1905", "dpto_narea": 7425.22016086, "dpto_nano": 2024, "shape_Leng": 6.66450213021, "shape_Area": 0.605497678698}, "geometry": {"type": "Polygon", "coordinates": [[[-74.68149301165681, 5.779181504393011], [-74.66496042555241, 5.768536585557616], [-74.65195895615045, 5.709524042577942], [-74.63371814132358, 5.708052054793895], [-74.62745595713142, 5.696037734963289], [-74.63704377183439, 5.651273004766409], [-74.62851241268004, 5.63173663860503], [-74.64458908814305, 5.619443246129186], [-74.65305136410205, 5.574720973939806], [-74.64101453876032, 5.540218213162557], [-74.67457259719538, 5.514650658480278], [-74.66045247104836, 5.451245312531483], [-74.64934778060905, 5.442932351963354], [-74.67640012228264, 5.438085982957648], [-74.66669332023554, 5.405912861894035], [-74.68483850842591, 5.400236049153726], [-74.6778428851523, 5.377821526139156], [-74.68508834807182, 5.367185332647028], [-74.69440393529749, 5.363687524603631], [-74.70661057560096, 5.370968684804108], [-74.70107721673912, 5.353180184660244], [-74.7342757583312, 5.286864726961539], [-74.7430809107276, 5.291098153400902], [-74.754465438279, 5.281705116963285], [-74.77445760728449, 5.299162620898818], [-74.80540183655273, 5.302941653054231], [-74.82667113872049, 5.319335664931974], [-74.85413309721866, 5.315009013054752], [-74.8728151963058, 5.294913988664543], [-74.93937696416901, 5.313030420860809], [-74.98634668465121, 5.288688820481636], [-75.01011044595913, 5.293377342789729], [-75.02817336457355, 5.288788264961167], [-75.0358107160514, 5.276599617029257], [-75.05662692469679, 5.275524317505899], [-75.06274576370657, 5.252196588903689], [-75.10541273919512, 5.198465800847117], [-75.11623492991367, 5.160564423180864], [-75.13068736021711, 5.155879771716395], [-75.15493496081086, 5.171432864596676], [-75.1715782419044, 5.170964781773489], [-75.19841142501667, 5.162063218511047], [-75.21133189685816, 5.138763537130928], [-75.23501705192285, 5.126000107994676], [-75.2758206352612, 5.1408049458678065], [-75.28790829361049, 5.138306511679429], [-75.34475243112553, 5.0807849468840605], [-75.34879275735432, 5.0572949087503565], [-75.31941216476349, 5.032937608502379], [-75.3180082810103, 5.015353392603463], [-75.33556870501053, 4.974640814965445], [-75.35272461821427, 4.966741006993681], [-75.35246287767802, 4.940566934501125], [-75.33894753738804, 4.905017784704343], [-75.31872212242979, 4.888072056783858], [-75.32481155686196, 4.863300878998527], [-75.35235158620708, 4.842127689456903], [-75.3754990703996, 4.802684967723203], [-75.40553666436335, 4.804059401982943], [-75.42686677264282, 4.8163908731756235], [-75.43874710325252, 4.855231645035903], [-75.45634952622072, 4.886899300754319], [-75.4729462673589, 4.890789717805502], [-75.47427281598601, 4.903948141876854], [-75.48404645184519, 4.9106760669822], [-75.48008524120485, 4.916464207126097], [-75.51193141836461, 4.924286891075956], [-75.53745761278242, 4.91653321216793], [-75.54338247302843, 4.928460260599178], [-75.55737013439642, 4.924111793117915], [-75.5645941778692, 4.937803213224837], [-75.58757241663244, 4.934562712528263], [-75.59497491866347, 4.926196528533747], [-75.61706107933298, 4.931405170415928], [-75.62307886677593, 4.9709598591542425], [-75.63950501321409, 4.974998157883712], [-75.65553959808096, 4.945802033586107], [-75.70238478501608, 4.9455003000215285], [-75.7137879481329, 4.9562656327268355], [-75.71990894310107, 4.99271937326085], [-75.74681297100648, 5.046819019748403], [-75.77242631824595, 5.020078296709605], [-75.77061721133168, 5.007478611715468], [-75.78139178591232, 5.010384384599143], [-75.78561035779848, 4.996047637633976], [-75.77853404329016, 4.993165879431994], [-75.79324701397974, 4.980117921279152], [-75.79624084428934, 4.966341520478579], [-75.78836707580325, 4.9493832592532785], [-75.792188903733, 4.937768377428673], [-75.80274562231062, 4.936486135543371], [-75.81480708576532, 4.919438477503028], [-75.8671185138823, 4.93329365702351], [-75.86072690121915, 4.942129236280882], [-75.89216009286929, 4.961530422952297], [-75.90442621337007, 4.995729226832863], [-75.90386704040617, 5.023616511904971], [-75.92203422476206, 5.042051382750218], [-75.91225197135753, 5.073666490575859], [-75.9173516681704, 5.0786863504523545], [-75.89891890567225, 5.1066598334362485], [-75.89987578199396, 5.118437496408273], [-75.88837846637716, 5.116562187198115], [-75.8918282540406, 5.130996997931043], [-75.87503403340116, 5.132230477427199], [-75.84584852090956, 5.105580898428087], [-75.8365688214081, 5.114781864125139], [-75.83382269544722, 5.150083376048491], [-75.802375204403, 5.200359328804122], [-75.80831433889023, 5.207404913718416], [-75.80497942608025, 5.235080546557788], [-75.82060058795759, 5.243741786035782], [-75.82366414375849, 5.270118110782483], [-75.78694587880574, 5.284818182552113], [-75.76314459843178, 5.2733689573844185], [-75.74927234102535, 5.284523874467554], [-75.73480751126613, 5.264365800870557], [-75.69263834657215, 5.255185182030923], [-75.66622917669667, 5.268471334061048], [-75.6619932691084, 5.290434517066047], [-75.64814603519244, 5.307572011197986], [-75.65990094561721, 5.318888608093108], [-75.66617087239501, 5.354000321117085], [-75.68034770114627, 5.356270327919701], [-75.69778274269083, 5.376454770684576], [-75.69843357712443, 5.38779449292847], [-75.71244974026246, 5.386248632128136], [-75.72522650939175, 5.397141540078517], [-75.73941607177233, 5.397644673395347], [-75.74210962468754, 5.3838342830123205], [-75.76310139482206, 5.3868941817686995], [-75.78845441188139, 5.366818857448349], [-75.80917475763312, 5.362126563111368], [-75.82834369368658, 5.367408964821956], [-75.83313117179046, 5.361079598271298], [-75.83893967675823, 5.36983909824827], [-75.86067798521799, 5.371708953781977], [-75.85064151287702, 5.412476716768566], [-75.86467124238334, 5.44506332280542], [-75.86540230002896, 5.501869118395154], [-75.86107218694008, 5.506199235077195], [-75.85232864015666, 5.493564043244826], [-75.83249416693167, 5.488838933424403], [-75.78567968713236, 5.539968863997151], [-75.77149215135273, 5.53729197125053], [-75.76475946607064, 5.548318390518098], [-75.73026679877086, 5.5640989765354405], [-75.68910779491046, 5.519317401116983], [-75.67047090806761, 5.5294738920684825], [-75.62734434063873, 5.52587173474017], [-75.61679143092096, 5.532308178761425], [-75.59594735202165, 5.517948129479257], [-75.5710290552276, 5.520572496791084], [-75.58976235293682, 5.641865032926938], [-75.57235897972623, 5.66470785773895], [-75.59959904968082, 5.680911988970514], [-75.59926247223524, 5.737311282197164], [-75.57258375815235, 5.723106890416526], [-75.54337074281807, 5.720071071020542], [-75.5354901543169, 5.690976257004815], [-75.51989426206865, 5.695120346816313], [-75.47816141125247, 5.664284378101859], [-75.42893172444548, 5.696602869152095], [-75.41271967096463, 5.694287562968498], [-75.40662824676252, 5.681229082840413], [-75.3768925588401, 5.674191474972157], [-75.36839402864399, 5.640842852625354], [-75.38311099683972, 5.621509730458876], [-75.36528883230324, 5.6015698479368305], [-75.34020931743157, 5.60300942358128], [-75.34582706589504, 5.58710956725031], [-75.32778837216819, 5.557820779860697], [-75.3338559972845, 5.5500542191012485], [-75.3269323605636, 5.541776077261253], [-75.32884782719395, 5.524572573073022], [-75.31082341040332, 5.508665876065707], [-75.31773334870354, 5.462543965564518], [-75.28258062306145, 5.475688820572677], [-75.28619904709598, 5.450210200971066], [-75.27592951385537, 5.418558388851975], [-75.2207268197597, 5.5029362064119525], [-75.18140726702978, 5.523468707100861], [-75.13760889218366, 5.527219586032861], [-75.12984004431138, 5.553236625702096], [-75.0916233415582, 5.585212499029984], [-75.0873789942911, 5.598221951765805], [-75.09628698320819, 5.608256009433029], [-75.08902284968894, 5.6154095476759895], [-75.09918258176492, 5.642319513449232], [-75.08709747642973, 5.6608141474612905], [-75.07684725518646, 5.6566517266135445], [-75.06025890701471, 5.6660372863671], [-75.04792888300864, 5.660875497952535], [-75.01055669161866, 5.681097335815853], [-74.9915301602108, 5.7060633718163185], [-74.99330102760962, 5.715334121395187], [-74.95194416515864, 5.72006559039462], [-74.93157689442586, 5.733514115736664], [-74.88696199974311, 5.738890783135086], [-74.87336000429855, 5.7477110730540995], [-74.84109126827548, 5.738430957632601], [-74.82905520111245, 5.713065508778943], [-74.8110768409831, 5.709267097252473], [-74.80570546736072, 5.698640870576389], [-74.79733964359065, 5.702322766026128], [-74.77154407205222, 5.689813935813932], [-74.76557638099769, 5.699741047164702], [-74.75240522599154, 5.696477291761809], [-74.72944348570002, 5.70646776762834], [-74.72713064988534, 5.743787236851053], [-74.72034918424782, 5.7576214218283335], [-74.7129680935787, 5.755808273390419], [-74.71393190310329, 5.772178155602073], [-74.68149301165681, 5.779181504393011]]]}}, {"type": "Feature", "properties": {"dpto_ccdgo": "18", "dpto_cnmbr": "CAQUET\u00c1", "dpto_ano_c": 1981, "dpto_act_a": "Ley 78 del 29 de Diciembre de 1981", "dpto_narea": 92831.2825946, "dpto_nano": 2024, "shape_Leng": 21.2186395297, "shape_Area": 7.54024098637}, "geometry": {"type": "Polygon", "coordinates": [[[-76.08048687964725, 1.0643512639299828], [-76.10081225112515, 1.0681143680444312], [-76.1029545416472, 1.0787299245230524], [-76.1240774802908, 1.0876054159602486], [-76.123571146274, 1.1007590367359255], [-76.14792455322117, 1.0996035696961237], [-76.15950694834635, 1.1161632615869952], [-76.16484015072524, 1.1066667059084854], [-76.18380274628845, 1.1048183192288037], [-76.20374213563565, 1.1158418728683], [-76.21363612427922, 1.116359208561131], [-76.21482099589673, 1.1083445697534104], [-76.2336068953976, 1.12266341956887], [-76.26034815113871, 1.1226112543587197], [-76.28045947816838, 1.1379112143666197], [-76.28508151880442, 1.1712292616300435], [-76.29266934971446, 1.1789881031601344], [-76.3027226412259, 1.1767157212099428], [-76.28945474117984, 1.2060215253995619], [-76.30621517076457, 1.2286305805405615], [-76.30314994319758, 1.2362445829886577], [-76.27680630367769, 1.2646582695586799], [-76.25369085702698, 1.2759155443600867], [-76.24637887560431, 1.3013280443108322], [-76.23240043994161, 1.307985826208005], [-76.2246398700513, 1.3232071359551314], [-76.21411377596445, 1.320557871815374], [-76.22300622401474, 1.3378856382592519], [-76.20344641180509, 1.3541348990899937], [-76.1956309952314, 1.4098921038876855], [-76.20116653610279, 1.4222695850292626], [-76.19273126082783, 1.4211453847761855], [-76.17583129941204, 1.4510550486590104], [-76.17849035789123, 1.4598318187610935], [-76.18647809303332, 1.459567053594841], [-76.1837874901878, 1.4882042896946872], [-76.149168851137, 1.5368618237683218], [-76.15718588305879, 1.575520037156103], [-76.16974681470106, 1.5879815782174167], [-76.12437813407956, 1.5660689165042485], [-76.11981589613629, 1.5521251711110118], [-76.07457936857816, 1.5848320562703264], [-76.03437752939891, 1.5827672571814562], [-76.0060270968508, 1.6147510015541495], [-75.98084779883447, 1.6243559327698465], [-75.97999357308208, 1.6575898662145971], [-75.95265118673171, 1.6638002562010104], [-75.91223660476408, 1.711959046129737], [-75.84402044695122, 1.7226488439341723], [-75.8303202502965, 1.7474009873017589], [-75.81644967633429, 1.7536195402856944], [-75.79940296422012, 1.7499874609497548], [-75.78672043293079, 1.7631339832324049], [-75.77364823192369, 1.7621602868419022], [-75.7371492432116, 1.7824643978744057], [-75.73066979770152, 1.8233489679920902], [-75.70791263181093, 1.8396815916493285], [-75.7019735027136, 1.8662078156920077], [-75.6896216819681, 1.879438003533627], [-75.65175862286793, 1.9010538373858534], [-75.6412686877967, 1.9225439330492937], [-75.64737902783884, 1.9357744613526944], [-75.64103852576278, 1.9580310667026781], [-75.62392716633764, 1.9748044095794093], [-75.61613604921178, 1.9970074178035766], [-75.58805904698602, 2.0111183730420614], [-75.58436028834825, 2.0311655109012734], [-75.56982975755346, 2.041384450086165], [-75.55414013321712, 2.0803269822845962], [-75.54099361093404, 2.0897496442855554], [-75.53498428113625, 2.117660721256949], [-75.50137201292381, 2.1229883361101756], [-75.48662728676368, 2.135240575831703], [-75.44236401182798, 2.1470153102935354], [-75.42627104989583, 2.1881266548955223], [-75.43965742614421, 2.2207114112997477], [-75.41040519572329, 2.245648226877359], [-75.3885568722996, 2.3126244067737867], [-75.371772092063, 2.3260503241970603], [-75.34808738615635, 2.323784419105277], [-75.32962409977881, 2.3653083845005822], [-75.31014718686458, 2.3616131652279595], [-75.28982344762687, 2.3891733761394343], [-75.27954463837523, 2.4227124729193292], [-75.27053535624424, 2.422461940671733], [-75.25058991943371, 2.4444540979610196], [-75.25334452639589, 2.4529634322034055], [-75.23109796781131, 2.4809133218158976], [-75.22710328322188, 2.5116703581983626], [-75.18055808801665, 2.5077083381754566], [-75.17263145363393, 2.523832734878831], [-75.18139363328783, 2.5310790134689922], [-75.1575563511035, 2.563633337622122], [-75.1541315384215, 2.581194712938409], [-75.13269170084266, 2.5951513877938255], [-75.15552010678527, 2.6450468381463876], [-75.13333209414935, 2.6914888905035768], [-75.15409344622987, 2.704123760738775], [-75.14681156827464, 2.7223721142328734], [-75.12282660293994, 2.7294748041970167], [-75.11438546435647, 2.7247158835589538], [-75.09628292192156, 2.7375677501087288], [-75.08785963018204, 2.730334188079851], [-75.07471860469457, 2.745459186673688], [-75.07034433488269, 2.7421463212334323], [-75.02648572615215, 2.7931545829887927], [-75.02027666387659, 2.8149552965620854], [-74.98895538173878, 2.8580048082397216], [-74.95579305395955, 2.879709918532685], [-74.93569541097759, 2.9086431749073722], [-74.92041778310494, 2.9033334311526637], [-74.91062545239151, 2.8835418237712136], [-74.87833404197431, 2.9149999526725128], [-74.84541321207871, 2.9166667546542566], [-74.8368759204455, 2.908541554706542], [-74.80000305261422, 2.938333515837155], [-74.76937484462661, 2.8731249505372505], [-74.72583007786204, 2.877500055782852], [-74.69208526671707, 2.8933331905912625], [-74.67292022755845, 2.8883333209407214], [-74.66166686582113, 2.8420832135598637], [-74.67166900182963, 2.831666706838791], [-74.66666411867732, 2.804999826273513], [-74.65666962194814, 2.8037500369520028], [-74.6433334301231, 2.755833392592621], [-74.61750031167082, 2.753750081905919], [-74.6295852687839, 2.7366666762786513], [-74.62708282361444, 2.7216668140019533], [-74.63749695339175, 2.7008333181641597], [-74.61583710744463, 2.696250204255473], [-74.61583710744463, 2.683333403831932], [-74.58583069313096, 2.665416708604981], [-74.59791564934568, 2.6383335609817458], [-74.61333466227524, 2.6224999437776306], [-74.62416839186284, 2.625833269263105], [-74.64791869729538, 2.6016666886885464], [-74.64583587080097, 2.587499859093148], [-74.68166350844035, 2.558333391800015], [-74.67749785724811, 2.5237500637556765], [-74.65708160044551, 2.512500042855958], [-74.64749908131535, 2.4937498577048713], [-74.66291808526177, 2.488333221532634], [-74.6729202293551, 2.4250001909202155], [-74.69291686927932, 2.4200000715378325], [-74.70874786789278, 2.3758335102024337], [-74.73374938378282, 2.3466668102454955], [-74.74833678516694, 2.274166819688159], [-74.7300033566554, 2.2799999726501925], [-74.72875214619796, 2.2691664757267573], [-74.71583557933616, 2.263333323663073], [-74.70916748387282, 2.2837500547758727], [-74.69333648615765, 2.2841665706673195], [-74.7012481698672, 2.271666527782278], [-74.65916442873657, 2.252083302763352], [-74.65000152558645, 2.2400000075353286], [-74.65083312814875, 2.227499964650289], [-74.66000366069665, 2.2266666849320913], [-74.66500091355283, 2.211250074100026], [-74.64416503268535, 2.2108333093749786], [-74.6433334301231, 2.2024998636087734], [-74.62708282361444, 2.192499880864103], [-74.61083221620748, 2.2083334980681597], [-74.59166717794722, 2.2016665982636643], [-74.5891647399643, 2.1699998390645976], [-74.60416412882898, 2.1566665146647166], [-74.58000183681418, 2.124583246760746], [-74.55290233444896, 2.1241965765200184], [-74.55083465625722, 2.1316666615584494], [-74.53874969105931, 2.1100001258528724], [-74.5116653459799, 2.1216666707289327], [-74.5087509151266, 2.1324999421749915], [-74.4908371025951, 2.13666677375434], [-74.49166870605569, 2.1474998053499923], [-74.48542023375887, 2.149166583975514], [-74.47750091166841, 2.1208333981972256], [-74.48416900713175, 2.1100001258528724], [-74.46208190772205, 2.08916663809992], [-74.44291686856343, 2.094166516733601], [-74.43166350682611, 2.0908331921464174], [-74.43666839716496, 2.0816667056140705], [-74.42624664607473, 2.0850000400827415], [-74.41750335171815, 2.078333372942057], [-74.39250182684498, 2.084166525904033], [-74.3619428772243, 2.059513748862465], [-74.24189608079752, 2.0564173039163007], [-74.23141580531825, 2.0495098485616805], [-74.22331741022134, 2.019021774277832], [-74.19000243789253, 1.985416777934518], [-74.15333557278467, 1.979583377037291], [-74.14958190188645, 1.9974999402118112], [-74.12500000197645, 1.9929165756729867], [-74.10500336115388, 1.9725000871055434], [-74.06624603296729, 1.9791667371781942], [-74.0400009180513, 1.970833298598527], [-73.65666833269603, 1.6177319437239746], [-73.66390842638077, 1.5952579620716811], [-73.65834578780726, 1.5763508941160358], [-73.64344089639587, 1.5516401101154578], [-73.61531645769549, 1.527026520312713], [-73.6069725743954, 1.5017169125782774], [-73.58452311766746, 1.4869556223699056], [-73.5779490399567, 1.4687245390008583], [-73.5472585121949, 1.438015102586581], [-73.547647113815, 1.4061615152191667], [-73.5350340043862, 1.3898443201392674], [-73.50999568359134, 1.3883767790193722], [-73.50326828220403, 1.3700938062232473], [-73.48326341190858, 1.37044988071933], [-73.48466525109461, 1.3635574470048992], [-73.47210893230499, 1.3584547947325554], [-73.47004502883709, 1.3404931001622664], [-73.45515653708259, 1.3210186378546966], [-73.46134991835407, 1.3122690615746233], [-73.45150992479034, 1.3042768043100388], [-73.45607704867433, 1.2945732478789937], [-73.42825363836045, 1.2959424970587958], [-73.42226268361645, 1.2803587931625409], [-73.43187025498321, 1.2589205626716629], [-73.40874095360482, 1.241436497328658], [-73.41526483431585, 1.2257714248673888], [-73.42416784925723, 1.223537486350459], [-73.41677089522585, 1.2071693729230213], [-73.40727170568448, 1.2057466658563754], [-73.42110045225712, 1.1910677287672855], [-73.41097491098645, 1.1740149718853563], [-73.39298500659817, 1.1719415166234775], [-73.39749869056169, 1.1530911692384025], [-73.3747904478588, 1.141680293180783], [-73.3728461264202, 1.1309270742667117], [-73.35731528842001, 1.1283843566928047], [-73.35565211114329, 1.1202534174041237], [-73.34356776668176, 1.1234032869994803], [-73.33371396689944, 1.1131957591228048], [-73.34054040942237, 1.0991774939257941], [-73.33287967477906, 1.1010967631277309], [-73.3344305814204, 1.0939100159388553], [-73.31926842937463, 1.0868203488617836], [-73.32283650998392, 1.0808210945764387], [-73.28201259685613, 1.0667954524084418], [-73.27884747026172, 1.0472917885426536], [-73.25155583876534, 1.0487630001817154], [-73.2524129211626, 1.0397940129135388], [-73.24646734035974, 1.0424125007471228], [-73.23888719903465, 1.032145564538402], [-73.24783732076884, 1.0219235297565872], [-73.23490330322039, 1.0086978595461369], [-73.21633162244103, 0.9969723581910224], [-73.20647211475881, 1.0067183950873784], [-73.1987559791711, 0.9986114066999097], [-73.17857046561295, 1.0001622001533872], [-73.17292205313277, 0.9815148712860189], [-73.18950189604868, 0.9669864263814273], [-73.18067259512156, 0.9709583485416008], [-73.18224112492624, 0.9609146995544876], [-73.1653414869042, 0.9534009392904734], [-73.16425363790631, 0.9403720290301004], [-73.14694921779636, 0.943331994623052], [-73.14586136790018, 0.9333642452530513], [-73.1548171642965, 0.9334654423471134], [-73.14452052886213, 0.9199305520064835], [-73.13895477942032, 0.9243325537314484], [-73.13073265117595, 0.914415401111828], [-73.10927922027935, 0.9240036685657731], [-73.10287861008311, 0.912340895718599], [-73.07849051196865, 0.9066233533308213], [-73.08352498385335, 0.9017406725957293], [-73.07752915574503, 0.8944546022000354], [-73.05159782709944, 0.9118602194034227], [-73.04975100977776, 0.9054090088637745], [-73.04097230739768, 0.9112277456506136], [-73.0382653291498, 0.9024237422006239], [-73.02657725702875, 0.9214990827093991], [-73.0097282193504, 0.9105446787406092], [-72.99970987143303, 0.9250662218833736], [-73.00621167602833, 0.9332883492291821], [-72.99166483540824, 0.933338946877859], [-72.99664870784761, 0.9227134289730933], [-72.98741462662923, 0.9285321639632884], [-72.99637042212726, 0.9520095044003813], [-72.98622557874069, 0.951756515258574], [-72.985719603152, 0.9616989662533864], [-72.98344270626558, 0.955197160760002], [-72.96047134411134, 0.9608388035305622], [-72.95422252506455, 0.9835824767140771], [-72.94452397404996, 0.9784978329826325], [-72.93671571705477, 0.9840884549976848], [-72.92891499243927, 1.0018722623387264], [-72.9324983767599, 1.0151518683401308], [-72.90787138408166, 1.0086877220500605], [-72.8848252973076, 1.0240751986976284], [-72.86718941925494, 1.0244616443593322], [-72.8745318473018, 1.0364062638515064], [-72.8651518076997, 1.0417110767497082], [-72.87934482590197, 1.0461727437251034], [-72.8737589595716, 1.0522153157062746], [-72.85802016770566, 1.0422380477799302], [-72.86083066788933, 1.0719239366556035], [-72.8833497863281, 1.070026848672359], [-72.88405241137406, 1.077685456103144], [-72.87214292412193, 1.0768071770415517], [-72.8691216376821, 1.086538528267948], [-72.88370109795278, 1.0986236695353417], [-72.8656787769333, 1.1087414637284991], [-72.85004537999208, 1.10466624331316], [-72.86841901263614, 1.1214238378121069], [-72.87207266143764, 1.1354060688593948], [-72.86908650723825, 1.1466480633056848], [-72.84979946059718, 1.1430998067340306], [-72.85085339816607, 1.158171106692306], [-72.85924976198515, 1.1647757756559467], [-72.83051241575271, 1.1566253312320272], [-72.82689389919159, 1.1488964602186], [-72.81624913576451, 1.1680781119344221], [-72.8239077449922, 1.1782310365713686], [-72.80286413843123, 1.1826575722046202], [-72.78431484817821, 1.175315145954603], [-72.77128116067291, 1.182271131034449], [-72.77802635770024, 1.1478776548901934], [-72.764465702758, 1.132595568675752], [-72.74960519175028, 1.1288365303395986], [-72.73874964116874, 1.1511097293827295], [-72.72276493260284, 1.1495990870611894], [-72.7305991958462, 1.1605248985299488], [-72.72585647993031, 1.186100434749848], [-72.6991918765952, 1.1822008683502228], [-72.69437889799502, 1.1637569712258355], [-72.66918980563935, 1.16319487424342], [-72.66219869101377, 1.1507935499985555], [-72.65418877105975, 1.1595060940998965], [-72.65390772122106, 1.1806902242320345], [-72.64737331224649, 1.1807956182584072], [-72.62257066285764, 1.1362492165788423], [-72.58968783083048, 1.1249018308011804], [-72.5570309962443, 1.093614065732631], [-72.52058747495192, 1.0810174493860207], [-72.510916668427, 1.0680111623157997], [-72.48414888271947, 1.0715983770557738], [-72.46856231319464, 1.084017286734662], [-72.45568188917878, 1.079863665790394], [-72.42365943906356, 1.0226634942053345], [-72.39946043017892, 1.003933851744573], [-72.41047860829582, 0.9868194856563606], [-72.40046509062364, 0.9673628531248177], [-72.37702235780966, 0.9602067933088277], [-72.39160003312645, 0.919090272610038], [-72.37403206506843, 0.9174082289007319], [-72.35440827119999, 0.9350696451783518], [-72.3399240414085, 0.9266594481914254], [-72.34693253844864, 0.9029240000079535], [-72.33235486313185, 0.8793754473666087], [-72.3435684600131, 0.8686290826036656], [-72.32758908295261, 0.8399409640889415], [-72.31665582713879, 0.8530234957296484], [-72.323944664348, 0.875357243067821], [-72.29170557275302, 0.8777868563691348], [-72.28703324169231, 0.8622747105288117], [-72.30133057773838, 0.8411557702904126], [-72.2867529024216, 0.8187285765286562], [-72.31011456221654, 0.8092904661874329], [-72.29263945128679, 0.7814917218351914], [-72.26965445000076, 0.7631051785941896], [-72.26098833266661, 0.7733491089301392], [-72.27034076162812, 0.7940984963391496], [-72.2486958187435, 0.7885373741231969], [-72.22185126834052, 0.7472796201829234], [-72.2305192092561, 0.7181894836986273], [-72.22009178979192, 0.7056003000185809], [-72.20037841405536, 0.7019699292796832], [-72.19079114732511, 0.7269887593114563], [-72.16393366296836, 0.7133301870273465], [-72.1633779377413, 0.7338507868258998], [-72.14029382435263, 0.718058155289349], [-72.12670091806939, 0.7401220035853039], [-72.10982470004382, 0.7049249092188491], [-72.09399914073373, 0.6988179531333333], [-72.0811285622612, 0.7049249092188491], [-72.07035930211799, 0.6927109925562265], [-72.06930864340251, 0.6713038087646371], [-72.0842805411026, 0.6577765648898101], [-72.05164442976826, 0.6554782485567217], [-72.02819813962293, 0.6645087587927746], [-72.01365001710587, 0.6532525493941528], [-71.99793379632774, 0.6573939846818795], [-71.99496045660607, 0.6330763181358491], [-71.98147424061915, 0.6306339343742667], [-71.99496045660607, 0.6066348376313604], [-72.01173858481269, 0.596015770533778], [-71.9924053773056, 0.5907293335876747], [-71.98976293228253, 0.563016231089667], [-71.96387333400838, 0.5560241498763134], [-71.9531017499217, 0.5400085051045237], [-71.93864514963536, 0.569961068966237], [-71.91318074588361, 0.5159614149309689], [-71.92914914731915, 0.49720562877959773], [-71.92900741641057, 0.486623023430162], [-71.90146428518028, 0.4719774453057623], [-71.92078699586494, 0.460072010357469], [-71.92050353404778, 0.45256024794824373], [-71.9042044247633, 0.442780781120296], [-71.88984231294717, 0.4475524048448993], [-71.88710217336416, 0.4693790384280093], [-71.8589921167029, 0.4570011656206736], [-71.84727565599957, 0.4380564043256525], [-71.84689770571225, 0.4135841187314257], [-71.82341754096893, 0.4057416502699627], [-71.83626785343245, 0.39511179529556417], [-71.83395290657518, 0.369033221878622], [-71.85374805601725, 0.3567025951029481], [-71.85100791643424, 0.3503719259940503], [-71.82346478520395, 0.3393641216306411], [-71.80187437189716, 0.3552852788306445], [-71.81481917103423, 0.3735686271228479], [-71.78888233032166, 0.36383640722487365], [-71.76696121006432, 0.369600150004517], [-71.77348085341873, 0.3483876887823853], [-71.78524455835714, 0.3453640828907153], [-71.78907130456702, 0.3356791054311662], [-71.76932340025832, 0.32745868578410725], [-71.75368570487501, 0.33241928734731274], [-71.75132351468096, 0.2972226592068813], [-71.737244864682, 0.28569517454594695], [-71.72716071511763, 0.3085605282248603], [-71.70500724812183, 0.3184223975795396], [-71.70086240462308, 0.2995562155783347], [-71.72630316110445, 0.2809758876097726], [-71.69793243110632, 0.2374550439000291], [-71.64390655522521, 0.20958455374383483], [-71.62411135996899, 0.21587327868205364], [-71.62747011139066, 0.2047965474303189], [-71.61712267438992, 0.19293928737250285], [-71.63614883030164, 0.18297210933148988], [-71.60578243920719, 0.18330254499060286], [-71.57114854315745, 0.21530857478655446], [-71.56009803913929, 0.21564548371076384], [-71.57721284360628, 0.19799162855890529], [-71.57788665516648, 0.17979872631483979], [-71.58994787517753, 0.16625512230902295], [-71.54830634267432, 0.1738691903342523], [-71.53146106265183, 0.16524440541787477], [-71.52613795464976, 0.1525093729486862], [-71.54500466755638, 0.13202551157959386], [-71.53637988533467, 0.12164882091863233], [-71.49669240482899, 0.13317099114213948], [-71.49487311460456, 0.14556911738200176], [-71.48308141903794, 0.15055532184957487], [-71.47351329991324, 0.18498707434029485], [-71.455589922113, 0.17407133029888533], [-71.45666801989074, 0.16308820806588029], [-71.47034638836499, 0.1526441347217816], [-71.44959300344908, 0.13903314893112007], [-71.40882742516567, 0.15069008092766573], [-71.3995962122703, 0.1858630267634061], [-71.37311543223655, 0.17211727830142154], [-71.36543398422288, 0.1445583986942534], [-71.34185059219135, 0.13829195468774583], [-71.34373726330233, 0.1524419902655467], [-71.33524724195536, 0.15500247473329268], [-71.32096244460405, 0.1363379062835834], [-71.32850912994638, 0.11288927333086113], [-71.29030403523251, 0.09590923063753912], [-71.29663786012577, 0.07057393286215122], [-71.26436230408763, 0.07010226485984711], [-71.25384590372875, 0.05951881060175869], [-71.27136166884736, 0.035168254012064644], [-71.28568810584022, 0.03787420009479506], [-71.32787100578588, 0.018742685191576607], [-71.37058936674623, 0.031184925933638138], [-71.3859347968156, 0.0259315344399032], [-71.38579654957647, 0.01459527161088462], [-71.40045074524676, 0.0056092082539132854], [-71.44837899764707, 0.003348824212259848], [-71.45375190199996, -0.012226563074527474], [-71.48570908406782, -0.0086592325592431], [-71.54671620118336, 0.02133593393885413], [-71.57721975974113, 0.015743614106551392], [-71.57823654475692, -0.0010333426954712741], [-71.59348832538325, -0.014421017010004027], [-71.62602545397255, -0.03458725719769285], [-71.64754740931193, -0.038484934438805414], [-71.67178079225835, -0.059837426057368324], [-71.70482631380469, -0.0672938486077291], [-71.70092863656345, -0.09745847972427778], [-71.72719559043969, -0.12389489821806278], [-71.73645800993461, -0.1545344160031369], [-71.71449187236755, -0.20362438143279277], [-71.71064768355592, -0.2323427228910335], [-71.72919023643897, -0.2313251446622501], [-71.74299745486866, -0.2523551776678005], [-71.77032786666678, -0.25582810325633876], [-71.78965545161401, -0.2704747890043701], [-71.81139898378132, -0.26367993217048097], [-71.83086781364818, -0.27630441697440655], [-71.8737933999401, -0.2696162297756097], [-71.90998811285328, -0.2733166467046087], [-71.92779534198803, -0.26525399111006404], [-71.97494521255749, -0.27065851888090875], [-71.98314519012592, -0.2794175885645049], [-72.01967236260418, -0.26376308389273856], [-72.04184957478685, -0.26916761615511875], [-72.06141770270773, -0.2961902693823564], [-72.0567586254013, -0.3094220508365601], [-72.06272224528777, -0.32470382713198226], [-72.08284946262916, -0.3383083369625265], [-72.09365852356103, -0.32917654339411173], [-72.12627207099416, -0.3371901572232534], [-72.14360384213131, -0.34725376499531546], [-72.14229929955127, -0.35526737882445925], [-72.15344433965032, -0.355326063113801], [-72.15885899503593, -0.3823993391425325], [-72.14802968516307, -0.3953945113488843], [-72.16298066827011, -0.4114069509291938], [-72.17278959537163, -0.4439312928874632], [-72.20118386035062, -0.4795531874155305], [-72.23061064255353, -0.4929759301900827], [-72.24661468198144, -0.5853863528777419], [-72.24282988982372, -0.6052614928673764], [-72.30532650380053, -0.6508768528575728], [-72.35272744830206, -0.6387008891476568], [-72.39436863764854, -0.6141143961487312], [-72.40887930398162, -0.5978258097384905], [-72.40779248625051, -0.5679362375912831], [-72.42496999856417, -0.5622897960166057], [-72.5628056912928, -0.7056869577065524], [-72.60045456041752, -0.6880049071104335], [-72.67381418459195, -0.6351778860353952], [-72.67764881442304, -0.6159579642613613], [-72.69454867522745, -0.6106463142801161], [-72.71435669933442, -0.5888904823708193], [-72.74061905742599, -0.5801090041946121], [-72.74972881170999, -0.5549956264038111], [-72.77656100667474, -0.5777060618952898], [-72.8014566380578, -0.5793825800628744], [-72.81586180615983, -0.5992081806200754], [-72.83245960012442, -0.5984525207941754], [-72.87221483970762, -0.6167652404263416], [-72.91727826985738, -0.6155095177276728], [-72.93717638427938, -0.60584265481029], [-72.95891432892114, -0.5594406978894122], [-73.01565665579238, -0.5268673635731203], [-73.04417480663261, -0.534847339959624], [-73.05330213916409, -0.5466977198151883], [-73.07479201474081, -0.621288799577461], [-73.12142387498216, -0.604131504764241], [-73.16586210414539, -0.6216851716309465], [-73.20298421064922, -0.6264768026495382], [-73.23935906197158, -0.5869085897639065], [-73.25603542265344, -0.5795431082337803], [-73.26501776788086, -0.5557693477712484], [-73.31549975390425, -0.5309373333314485], [-73.33187629263801, -0.5061004518155621], [-73.35768075031831, -0.5152186233201566], [-73.37850401164258, -0.5362620609970359], [-73.43034484434656, -0.5108966669406863], [-73.48874653873634, -0.5281457660558193], [-73.51047856527231, -0.5242737141769443], [-73.5223261666369, -0.5152352071318675], [-73.53319430801548, -0.4877375684213249], [-73.5497928026665, -0.5140981097559175], [-73.56835520384158, -0.5168343138164552], [-73.58464931399749, -0.4491161931760781], [-73.60815613986142, -0.4391543789798894], [-73.65139822623632, -0.4571688397337391], [-73.63625506459078, -0.4320246128732122], [-73.63925926506033, -0.4188602778826265], [-73.68567954583244, -0.417675076583218], [-73.71366235423568, -0.3826466096047075], [-73.73480664764719, -0.3815724410612051], [-73.76342712476469, -0.4074610341188882], [-73.81848494115081, -0.41118842208745987], [-73.88141174698194, -0.36992847805273177], [-74.00723131965424, -0.34058314167096654], [-74.03840014858372, -0.3060599837306432], [-74.04466858325867, -0.27476265518996745], [-74.08176282400018, -0.27982041142523156], [-74.11156896055826, -0.2350761170190856], [-74.13473474344772, -0.23355672599800015], [-74.15820250963367, -0.26310755216482035], [-74.18144378610145, -0.26394302107910855], [-74.20030798462159, -0.20977886112969352], [-74.21758792292559, -0.21008257997261442], [-74.22324752482984, -0.23408787329930963], [-74.23403809841847, -0.23758221204634122], [-74.2882166332223, -0.2023332803550861], [-74.28783905304118, -0.17832803284252935], [-74.26497512498895, -0.15743758556696033], [-74.2655032252024, -0.14444738104812024], [-74.27810463137035, -0.1394335147359783], [-74.30625040238084, -0.1460423033767741], [-74.34186599791832, -0.10965434562520965], [-74.40185446062247, -0.11428765833026758], [-74.44627419076437, -0.13959590242098194], [-74.44720416431852, -0.12910029268796117], [-74.42652882689333, -0.1125401839784508], [-74.42335948989182, -0.09795490262059536], [-74.43611148795736, -0.07820386768125827], [-74.45437189415787, -0.07075915198504465], [-74.47482126019327, -0.13031531628191587], [-74.49323271733084, -0.13791148086926028], [-74.50832375688543, -0.12689638397656022], [-74.50658792381063, -0.10334745404248098], [-74.51896252405322, -0.08861021355003001], [-74.53465740174153, -0.09514294087681711], [-74.52401842975769, -0.11618516942033358], [-74.530205962992, -0.12598444770940845], [-74.63176806886594, -0.08845681710986696], [-74.61795965298103, -0.07136530687566951], [-74.61653437583226, -0.05630804400319533], [-74.64644432268562, -0.03841972927368439], [-74.67771520839756, -0.06013086187710367], [-74.68127242028152, -0.0491551211066748], [-74.66118909016836, -0.0376910629452201], [-74.65637058961971, -0.011572679756410806], [-74.70459899095522, 0.03984793689073478], [-74.67684417515278, 0.04443905569327535], [-74.65647924992311, 0.06573814691721633], [-74.65707613598926, 0.07525943593016561], [-74.66863938530554, 0.08201926921983613], [-74.69833481429811, 0.07904607143218283], [-74.71337590838141, 0.09419930858947449], [-74.69016680959271, 0.087885358039671], [-74.67529088887233, 0.09973472100148856], [-74.68056156486443, 0.16540429668270834], [-74.71630934760128, 0.20104284419280818], [-74.73654419577588, 0.20960594624104628], [-74.84086563105927, 0.21304069699285968], [-74.89297919789072, 0.24919736532395928], [-74.91579216806952, 0.25237892121956784], [-74.95938186590547, 0.24248804074967983], [-75.00388804279265, 0.2732030188753612], [-75.01057731156408, 0.29145043542587057], [-74.98519541364539, 0.30197775481541456], [-74.9798859483684, 0.31462024097365404], [-75.00713612707301, 0.34227334943764226], [-75.01664641081697, 0.3828963452075319], [-74.98464926536519, 0.39996033732767966], [-74.98619709796918, 0.4185072497376848], [-75.00580070038887, 0.43851693590452206], [-75.01861718856009, 0.47282315592074636], [-75.03386136224657, 0.4842623765431478], [-75.10585906839799, 0.47376099602809935], [-75.09403408842695, 0.49805668886643295], [-75.10117750624215, 0.5119399443551617], [-75.11966160570307, 0.5101238197963184], [-75.15525762334164, 0.4809044138430059], [-75.18216315412963, 0.48666444298428546], [-75.2019307468301, 0.4794674621795617], [-75.21767048282618, 0.4874584043095147], [-75.19845993408069, 0.5046913948221546], [-75.22481390243797, 0.5354444184270246], [-75.2355088502884, 0.5718072412969547], [-75.21266605422181, 0.5879102005873107], [-75.20725804278135, 0.6014705914242358], [-75.23118058323888, 0.6460636803829037], [-75.27616684355269, 0.6674168619081081], [-75.2570935583903, 0.7033947491855725], [-75.26560146790376, 0.7256376462333984], [-75.29750444738085, 0.7294894383915046], [-75.3071049436108, 0.7466777017505047], [-75.33026202361486, 0.7510500177249506], [-75.33980661494519, 0.7692349132785046], [-75.35982833585211, 0.7503962916122027], [-75.38294432328911, 0.7545826516830693], [-75.40904839989815, 0.7377841272121928], [-75.46874952994148, 0.7588372711934863], [-75.48306927897175, 0.7829663102440803], [-75.5080442819633, 0.7681642212179633], [-75.53839243993792, 0.7885924831148541], [-75.53793007220116, 0.8268008980033626], [-75.60777151991505, 0.8382610161508329], [-75.61922126430977, 0.8677032197435663], [-75.63635693935237, 0.8767383913413166], [-75.66034688135773, 0.8733112592075496], [-75.68192712033749, 0.8569082309321573], [-75.7309536439979, 0.8587045566063068], [-75.7622797968051, 0.837762036647177], [-75.77064804243508, 0.863830655824521], [-75.79731543324476, 0.8940395820046863], [-75.81417616789577, 0.8929911816556444], [-75.82744591487955, 0.8741114611340192], [-75.84763295467661, 0.8791197659717809], [-75.85929392729889, 0.8894986727783026], [-75.87003036207716, 0.9254618420463947], [-75.90094299487669, 0.9434164102759008], [-75.90917967494198, 0.9730592177128611], [-75.94569426830128, 0.9809226905990185], [-75.92170362560944, 1.0202529458645255], [-75.92518430186851, 1.0342575503701195], [-75.94762442688983, 1.0306949773364054], [-75.99420576224605, 1.07258651657087], [-76.00071388559616, 1.0652146947264294], [-75.98570137413134, 1.048103196961223], [-75.99401223623357, 1.027229407159283], [-76.00494350676905, 1.054666299945219], [-76.05163010140427, 1.0464089289677647], [-76.08495151555712, 1.057551879583491], [-76.08048687964725, 1.0643512639299828]]]}}, {"type": "Feature", "properties": {"dpto_ccdgo": "19", "dpto_cnmbr": "CAUCA", "dpto_ano_c": 1857, "dpto_act_a": "15 de junio de 1857", "dpto_narea": 31242.8647215, "dpto_nano": 2024, "shape_Leng": 13.9531775768, "shape_Area": 2.53441514961}, "geometry": {"type": "Polygon", "coordinates": [[[-76.45922083897301, 3.328723712748799], [-76.40576297279028, 3.2983228703384175], [-76.34312841430682, 3.280555325211924], [-76.29280169142419, 3.2868992157356822], [-76.2764570267388, 3.276636621088194], [-76.26275114104885, 3.282157697275172], [-76.22925905943237, 3.2768313831834885], [-76.20632559543355, 3.25810643711877], [-76.19134096410409, 3.2270903012490453], [-76.15636074837175, 3.236033434982716], [-76.14600698632802, 3.2226679517683667], [-76.10899117575985, 3.2276374897791302], [-76.06780702533962, 3.210513968952574], [-76.05520555718789, 3.223265357959512], [-76.0554413498665, 3.2102414082001127], [-76.06856363738052, 3.1954615506983157], [-76.08398903374359, 3.203682899204137], [-76.09154231991187, 3.1982974292072446], [-76.09187260734882, 3.1759886577488134], [-76.07786008598384, 3.164673548464955], [-76.08611653169606, 3.155062196984842], [-76.07267882028157, 3.140283505497203], [-76.07372391931938, 3.122485233471875], [-76.10263816822675, 3.109325673929134], [-76.10541139458468, 3.1005565538860975], [-76.08227232401981, 3.0904432746291617], [-76.07023321965033, 3.06692916432155], [-76.07298183484482, 3.0495925880926515], [-76.04489847164348, 3.043123452555542], [-76.04130435783657, 3.0158791712964037], [-76.02079984777521, 3.003891667995011], [-76.02899347335119, 2.9404902611619246], [-75.8952415296502, 2.8553876139811796], [-75.87917940690636, 2.833765852141629], [-75.845602568277, 2.842984695225384], [-75.82543251833039, 2.838238317773627], [-75.80555201090203, 2.819133006748188], [-75.81180211274403, 2.7790437526161975], [-75.80580667091158, 2.768290347750757], [-75.7537534682204, 2.7452345789276182], [-75.74782424305693, 2.7195113730320215], [-75.75798069088955, 2.6807715305676445], [-75.77150211816871, 2.677189467669962], [-75.78064276374334, 2.659649522580147], [-75.78908913681414, 2.658198718883961], [-75.79101917413004, 2.6303960569756573], [-75.83755865155393, 2.5671196121863677], [-75.83750830094215, 2.540845275051806], [-75.81932678575106, 2.5197224963091567], [-75.8226828170719, 2.494739352778789], [-75.814115640262, 2.483622896196883], [-75.84283331157746, 2.466629588969493], [-75.83642281990524, 2.4608822898642284], [-75.84873920028787, 2.458585267106186], [-75.84613570804316, 2.4511310957357546], [-75.85324383012437, 2.4547917702665565], [-75.86153302484468, 2.4279047133479756], [-75.8742426286833, 2.426147699778597], [-75.87280023861473, 2.4317285238610546], [-75.8874972659919, 2.4251072225766683], [-75.88858416007992, 2.4342247149543477], [-75.91763206942494, 2.457024686499903], [-75.91573586987613, 2.4711630610377164], [-75.92399552976298, 2.481229635049157], [-75.95269055902367, 2.4870979139633844], [-75.97721133571633, 2.504040835544691], [-75.98920865671369, 2.478794325526091], [-76.02189805794984, 2.4436028815672466], [-76.03253500692603, 2.402631165814437], [-76.08924786903242, 2.4159180185309843], [-76.1202152901248, 2.3905326144857586], [-76.14645181174996, 2.2940190975355894], [-76.12113532920233, 2.224808971935687], [-76.13630360596659, 2.220884158364854], [-76.14783691441056, 2.201315807662295], [-76.2092697048509, 2.198403317171581], [-76.24976430880781, 2.246863760714848], [-76.29906426728223, 2.2824868122739326], [-76.35574312004314, 2.2707031970601244], [-76.37376724937269, 2.279089391941858], [-76.38509288422546, 2.268510682588911], [-76.4047317805825, 2.2005414610669387], [-76.43426272881379, 2.1872880993674486], [-76.43745834874483, 2.1611116481341464], [-76.42431416837155, 2.131666358825977], [-76.43091717275587, 2.120387713985214], [-76.4674299991276, 2.100007627877041], [-76.48741747533035, 2.1290608489636536], [-76.50322899216474, 2.126205497658787], [-76.51340118927351, 2.1353069326380143], [-76.55338511495745, 2.1396918025784974], [-76.59055257563949, 2.107250716547101], [-76.57727863082505, 2.0565387445613434], [-76.586062540743, 2.0346440922873272], [-76.57384549794028, 2.029883917600118], [-76.57251299796968, 2.0197378947249884], [-76.57923259927918, 2.0017491707245383], [-76.59234818715248, 2.0055182360639687], [-76.61067955582541, 1.995010535895827], [-76.62466264386666, 1.97173943084601], [-76.61046455377232, 1.9467271953519893], [-76.61928494160804, 1.9265397791612087], [-76.59503823394039, 1.919972465770108], [-76.57872337268492, 1.8987324091787732], [-76.59205402459514, 1.8814094586069339], [-76.59030684039936, 1.8681582456793482], [-76.53044834785072, 1.8235374499602546], [-76.51128178874143, 1.83349549212755], [-76.4351262126109, 1.7918003247706407], [-76.4209403827333, 1.7561482836559226], [-76.43032740494567, 1.739845806585333], [-76.41845625692207, 1.7170994591151272], [-76.38262631689878, 1.746755556238962], [-76.37190640574505, 1.7425218971357352], [-76.38228870369483, 1.6691505005325713], [-76.37668635326588, 1.66393806236699], [-76.36346566960708, 1.6699406026922718], [-76.34833686394956, 1.6618120708904685], [-76.32559910078629, 1.6630916690317974], [-76.31722614708212, 1.6837153056755896], [-76.3049798128896, 1.6900241816383055], [-76.27233599669887, 1.6745025073601572], [-76.25322524906437, 1.6740456013846632], [-76.24225436458988, 1.6830912895678707], [-76.21155502614477, 1.6407185206555563], [-76.2119337687468, 1.606548462887038], [-76.20066690711667, 1.5920240415398301], [-76.20239677806819, 1.5786514733071353], [-76.18312314418324, 1.573768816826618], [-76.16993718672609, 1.5880622460958906], [-76.15216834622731, 1.5625059302451452], [-76.15630510488205, 1.5537400710891827], [-76.1489481519638, 1.548928387860868], [-76.14940218602305, 1.5359320271824262], [-76.18383751021929, 1.4879698453883696], [-76.18647809303332, 1.459567053594841], [-76.17849035789123, 1.4598318187610935], [-76.17588131225705, 1.4508373489629516], [-76.19273126082783, 1.4211453847761855], [-76.20116653610279, 1.4222695850292626], [-76.1956309952314, 1.4098921038876855], [-76.20344641180509, 1.3541348990899937], [-76.22300622401474, 1.3378856382592519], [-76.21417668862716, 1.3203681268149228], [-76.2246398700513, 1.3232071359551314], [-76.23240043994161, 1.307985826208005], [-76.24637887560431, 1.3013280443108322], [-76.25369085702698, 1.2759155443600867], [-76.27680630367769, 1.2646582695586799], [-76.30314994319758, 1.2362445829886577], [-76.30621517076457, 1.2286305805405615], [-76.28945474117984, 1.2060215253995619], [-76.3027226412259, 1.1767157212099428], [-76.29266934971446, 1.1789881031601344], [-76.28508151880442, 1.1712292616300435], [-76.28045947816838, 1.1379112143666197], [-76.26009265389865, 1.1224915510567774], [-76.2336068953976, 1.12266341956887], [-76.21482099589673, 1.1083445697534104], [-76.21363612427922, 1.116359208561131], [-76.20374213563565, 1.1158418728683], [-76.18380274628845, 1.1048183192288037], [-76.16484015072524, 1.1066667059084854], [-76.1597208571489, 1.1162111795590326], [-76.14777007790349, 1.0995257665473597], [-76.123571146274, 1.1007590367359255], [-76.1240774802908, 1.0876054159602486], [-76.1029545416472, 1.0787299245230524], [-76.10129149013471, 1.068459158793204], [-76.08085185465825, 1.0650980951062476], [-76.09346608338882, 1.0502426865339065], [-76.08137766865747, 1.045278268924314], [-76.07490769858458, 1.0283938106466326], [-76.09024830559531, 1.0190549992577138], [-76.10397565564779, 1.02522643287246], [-76.12530236290291, 1.006601482853232], [-76.16685894795017, 1.0301050415410777], [-76.18370140636216, 1.0261276378566775], [-76.18308030708647, 1.0132191926702057], [-76.19278185488326, 1.0097451405934617], [-76.20328870434645, 1.0177741021514384], [-76.20881599688033, 1.005360401807071], [-76.20431003034963, 1.0000947581813673], [-76.19269704217476, 1.0063176967439795], [-76.19059380414416, 0.993433482733321], [-76.20498899734537, 0.9797646067646987], [-76.23641736324197, 0.9820412287663974], [-76.23569619785212, 0.9645319908123882], [-76.24986235371097, 0.9814227103525903], [-76.26668760128672, 0.9694206525353892], [-76.27601534093128, 0.983689654796048], [-76.29486138987494, 0.9614458782968589], [-76.31217691856051, 0.9657769427022218], [-76.3287695373266, 0.9580286303339755], [-76.33513439724095, 0.9805943111852093], [-76.34463023786026, 0.975404889672187], [-76.3706551171341, 0.9839031081523438], [-76.38345345393219, 0.9751075264149108], [-76.40171466502386, 0.9799361509846896], [-76.40956715779384, 0.9622644876164256], [-76.42564720643344, 0.9603934687634639], [-76.44527935374236, 0.9695850048375163], [-76.44541388195324, 0.9812122663548605], [-76.46637455957438, 0.9985104000488602], [-76.48342647832806, 1.0046421828937018], [-76.49345571742862, 1.0281795595857135], [-76.5449699853171, 1.0376706463164305], [-76.55566173965417, 1.0694082808512153], [-76.5638026861833, 1.0733636191996754], [-76.56096508470421, 1.0848963796705502], [-76.56811972338448, 1.0825728565905033], [-76.56135587911365, 1.0953393516792647], [-76.56803913186286, 1.1033998306541013], [-76.5489672840061, 1.1231011042769177], [-76.53723426823723, 1.2091971003072595], [-76.5657096134218, 1.238546234769082], [-76.57376702195285, 1.2827142567662693], [-76.5860164867766, 1.3006315951874183], [-76.57096878018928, 1.3280001539736048], [-76.58430580115993, 1.3435484399649171], [-76.57737552229048, 1.348715965025509], [-76.57401904630325, 1.3857579426392177], [-76.59185772009124, 1.3912245081130084], [-76.6132854465738, 1.4233374635641394], [-76.63289221825238, 1.4300830190192966], [-76.64595958003122, 1.455542047247253], [-76.67661806396296, 1.4661814638971973], [-76.6972212064262, 1.4439864192443446], [-76.77958796575632, 1.4099265255601574], [-76.80046596955935, 1.4082888101521764], [-76.87243617915635, 1.3708840736730388], [-76.88664715200048, 1.3719236938815336], [-76.91260019024884, 1.3432367620422374], [-76.92074429525707, 1.3456886167493551], [-76.93180291735689, 1.3857985186745785], [-76.91825425493329, 1.4296635009557057], [-76.92892711409161, 1.5004861262334444], [-76.91274688435334, 1.50051536192767], [-76.88763908600242, 1.5230217826690364], [-76.85860744605844, 1.5224678558706233], [-76.85140715585732, 1.5345261419811946], [-76.85753452617416, 1.5640385893935322], [-76.83368053710888, 1.6097391286051823], [-76.85451312924141, 1.637677128107122], [-76.90208801377179, 1.6623733180659888], [-76.93608470373994, 1.7290020571814169], [-76.96062400640352, 1.722091535874336], [-76.96811409604123, 1.712412829558789], [-76.98841418261867, 1.7148031738745257], [-76.99833048183842, 1.7073271868999877], [-77.02634854016145, 1.713971689890015], [-77.04562365806441, 1.697796681164876], [-77.05685439211999, 1.6990519879432098], [-77.07233418241515, 1.6689567131101197], [-77.13755999179114, 1.654930831091711], [-77.15079958590002, 1.6856448147815688], [-77.16210517932285, 1.6758412030161618], [-77.19183978207957, 1.6774576777422856], [-77.23897015020867, 1.6573434159149576], [-77.25646585143943, 1.6708850606935395], [-77.27517223470295, 1.662179515372152], [-77.28169447508895, 1.6737060648861437], [-77.29750632070699, 1.6697084050742774], [-77.33087997912179, 1.6815126932341944], [-77.29469356125855, 1.7659967663055331], [-77.31007293958783, 1.804204476015961], [-77.2952405611423, 1.8188629916874333], [-77.28918621044153, 1.8490480037973451], [-77.2802688709532, 1.8508675626182443], [-77.2784628596358, 1.8621855977172748], [-77.25574746723589, 1.8696953991026795], [-77.24339623219248, 1.8878568683716401], [-77.245491197631, 1.9113298313148395], [-77.21837534411793, 1.9169732617342872], [-77.21984624583797, 1.9340006762235884], [-77.21050274344259, 1.935731496695027], [-77.20315946828379, 1.9520375993689805], [-77.22056992561431, 1.9881875087705432], [-77.25931160962779, 1.9940986140017565], [-77.27950085119738, 2.0207606131179134], [-77.30301900931767, 2.027033705561102], [-77.30618294025345, 2.0361429549911674], [-77.3335277322941, 2.0513616398590027], [-77.30789655078706, 2.1061414885267644], [-77.31106571890513, 2.141958462255752], [-77.30534632059636, 2.1456062522402286], [-77.31796126258979, 2.1819209990344586], [-77.30771330240793, 2.195728691774566], [-77.3555798333125, 2.260326191090251], [-77.37479380015037, 2.2642064823234977], [-77.38567747341261, 2.2559424135019666], [-77.4322789526068, 2.2818486153498396], [-77.45943429609127, 2.2861777097482983], [-77.47902225882939, 2.2736880846338887], [-77.47227354758991, 2.241319502585154], [-77.48773623125345, 2.2160806417273027], [-77.48794162222373, 2.195252599565923], [-77.5562121101882, 2.202519827783552], [-77.57416370139907, 2.180668082674966], [-77.60362508314103, 2.1647096103266814], [-77.64562036979004, 2.1685444198208215], [-77.66458467664518, 2.157896329031658], [-77.69848009765406, 2.153613296684438], [-77.73376750332244, 2.1340422330675297], [-77.78064287996335, 2.1483784922470877], [-77.80279566693395, 2.1714295152667855], [-77.83566791590033, 2.176604843100131], [-77.84875494990126, 2.1911909410272843], [-77.84792214000225, 2.2605938623087667], [-77.86386453159639, 2.272752909830091], [-77.88349508439438, 2.3194617296999644], [-77.88324523486699, 2.3527147029523383], [-77.89407178511311, 2.36559948110545], [-77.90037735617148, 2.3936414247516984], [-77.91754130481189, 2.411506798287204], [-77.92520131092095, 2.4820098395631347], [-77.91479970905863, 2.5697644808659015], [-77.92833815403611, 2.640404027546271], [-77.906429025399, 2.6457722076550656], [-77.91422491797277, 2.6641308536927424], [-77.90758079586851, 2.68043377812467], [-77.87311426058119, 2.697540823835839], [-77.84564969337328, 2.691514551798474], [-77.8425063168059, 2.7038920212619666], [-77.80907913672377, 2.685002256669091], [-77.7864515286617, 2.6924847717060114], [-77.79540826739151, 2.705438795649662], [-77.790383720102, 2.729961028511778], [-77.80059456995161, 2.72871066875963], [-77.79413320305099, 2.7560815200482334], [-77.75062731719953, 2.7640995041847294], [-77.73596150989658, 2.7875452238985923], [-77.76413274097916, 2.796264757796747], [-77.73777024311147, 2.822685518642736], [-77.71601475256153, 2.831228850552412], [-77.69413217185723, 2.887549106344098], [-77.69849055225569, 2.897937964695328], [-77.68671459877862, 2.903867580626017], [-77.69231109128896, 2.913544848737642], [-77.67183208891038, 2.9363499308028818], [-77.66665200269705, 2.984248611537211], [-77.6815759824251, 2.991610665093472], [-77.70202982836241, 2.972505973906062], [-77.6849405396631, 2.994692067738277], [-77.69080315200017, 3.0007546865392736], [-77.65343497787933, 3.064818483742966], [-77.62611876666057, 3.0776271242252093], [-77.5732019337467, 3.144435246266046], [-77.54262110204661, 3.2136751806857786], [-77.515256771633, 3.187393508801023], [-77.50494286607352, 3.1872167660263586], [-77.49724398803454, 3.190770094490156], [-77.49771077458769, 3.2164492532572684], [-77.47200668844903, 3.211528572857079], [-77.46925250998356, 3.2249411898136393], [-77.46206467223885, 3.2267000844567457], [-77.47071315742653, 3.2369632944507334], [-77.45524853609533, 3.2334517098331577], [-77.45172943886092, 3.2431906635078103], [-77.43032028955326, 3.254073177942085], [-77.41606295641702, 3.2429939197274105], [-77.40348517775647, 3.213232263287048], [-77.39242422003502, 3.213805279300476], [-77.38207953457612, 3.2033874960723847], [-77.38388106329666, 3.1774274051459352], [-77.36541414502756, 3.165954638709191], [-77.36583777827673, 3.1465118680918134], [-77.34733587239606, 3.140084719844472], [-77.31717676143035, 3.174220742216454], [-77.29091869998422, 3.157087669595849], [-77.27986551359442, 3.1593738290185165], [-77.27807089202565, 3.1491589026112248], [-77.2884962687192, 3.1470991206172014], [-77.28831858361104, 3.1386225120266826], [-77.27877993194613, 3.1395427900562303], [-77.27715371138964, 3.130869457448293], [-77.27187722958126, 3.140955813276399], [-77.26158721024427, 3.135143345836902], [-77.25232444130444, 3.1151596398671133], [-77.24470335473603, 3.126311022076766], [-77.24408862541912, 3.114867871321926], [-77.23410234378974, 3.1080800177595806], [-77.23473425340018, 3.115760606084557], [-77.22768801361326, 3.111538458002555], [-77.21624600102433, 3.1203991469887575], [-77.21709902033837, 3.135999676343671], [-77.20263272093422, 3.1340746947502844], [-77.19991436820914, 3.144142466216999], [-77.19261221975341, 3.1403149178110947], [-77.17267334244627, 3.1653394036403726], [-77.1588340649152, 3.165123462847041], [-77.15929896500478, 3.1743115466926555], [-77.13867940581662, 3.1716263597943826], [-77.12964520170488, 3.161248338727409], [-77.10098578977534, 3.185272515554789], [-77.08664358194676, 3.1857931651352644], [-77.06390453598823, 3.169211415095051], [-76.9967542633471, 3.1548092859964845], [-76.97188179504207, 3.1187855908912647], [-76.93905725384184, 3.113824533881825], [-76.92624936794465, 3.127658761978296], [-76.92601513564091, 3.1426073429878105], [-76.91548259344182, 3.149464045285039], [-76.90804959897247, 3.20137037600349], [-76.86387473090758, 3.2126394178462183], [-76.80939152055424, 3.207540156716782], [-76.77291308171897, 3.2337056808343547], [-76.75285553686825, 3.2099307417811636], [-76.75857157008534, 3.200547169102606], [-76.73920540336422, 3.1861368850914116], [-76.74979676639668, 3.146217752246873], [-76.73340928078414, 3.1248875083223626], [-76.72118655703105, 3.1170188961703547], [-76.69968259226619, 3.1201981532753593], [-76.66632584375174, 3.0979788307342986], [-76.65067409690954, 3.10208745682671], [-76.62979485702374, 3.1284147218417213], [-76.62192161764574, 3.1159335516775157], [-76.62404011537024, 3.101757898822365], [-76.61242342882844, 3.0916044163311494], [-76.60375724771387, 3.09702593305415], [-76.59808871475195, 3.0920885071454007], [-76.59171375237582, 3.096703428626982], [-76.59882072012095, 3.105098939943955], [-76.59077698216282, 3.102295835595991], [-76.5900564428992, 3.116424150791231], [-76.57454993399125, 3.115316206464404], [-76.57866307232507, 3.125092160876844], [-76.57286547111693, 3.128768080728511], [-76.55591888710074, 3.0994918985090383], [-76.55218906289906, 3.1074068296306683], [-76.53668813882166, 3.1098824933050735], [-76.53085831861182, 3.123562925210728], [-76.52710166889779, 3.1157418294835546], [-76.51335909059247, 3.1207644004776887], [-76.53266100885492, 3.135689744747275], [-76.51776143008436, 3.134485533284704], [-76.52084146459401, 3.1434260520205117], [-76.51408047696805, 3.145480066825811], [-76.51976224122637, 3.1497324432412004], [-76.50076633969917, 3.144011067739061], [-76.50780432665698, 3.157282197230691], [-76.49556491488755, 3.1659749469389964], [-76.49634037090317, 3.175431017312028], [-76.4871152189458, 3.173837069656223], [-76.49100379894094, 3.197511082906755], [-76.49822926265131, 3.2020514872795096], [-76.49087627220496, 3.21738281468551], [-76.48508496010709, 3.213131783049146], [-76.47949165392362, 3.222310143522373], [-76.4733094701611, 3.2160694299811263], [-76.46543783966706, 3.2275013607691343], [-76.47734017632382, 3.2325772010037994], [-76.47505715022731, 3.244687178013663], [-76.46662157940636, 3.2397374990746504], [-76.47109703014257, 3.2484054292102265], [-76.46205459116806, 3.2492166768301964], [-76.47557641999447, 3.257710378577541], [-76.4598297121679, 3.2563076446688113], [-76.47330601074617, 3.279812689171382], [-76.48718896799448, 3.2824538792468587], [-76.47517002992095, 3.2876565778704347], [-76.49418354113664, 3.292847398061483], [-76.4891449738293, 3.3049620849421193], [-76.4774384493993, 3.2940309590358674], [-76.47835459697188, 3.3192530321643106], [-76.46847171600564, 3.3106911410460778], [-76.45922083897301, 3.328723712748799]]]}}, {"type": "Feature", "properties": {"dpto_ccdgo": "20", "dpto_cnmbr": "CESAR", "dpto_ano_c": 1967, "dpto_act_a": "Ley 25  21 de junio de 1967", "dpto_narea": 22534.2511258, "dpto_nano": 2024, "shape_Leng": 12.7483659995, "shape_Area": 1.85565625163}, "geometry": {"type": "Polygon", "coordinates": [[[-73.47940666284262, 10.867173370077342], [-73.39316084207371, 10.867486396372422], [-73.37359256593072, 10.85809508470145], [-73.3375480128251, 10.86256445383823], [-73.31231864896318, 10.846152619371031], [-73.28993567300915, 10.86227042333334], [-73.27994440033603, 10.856994296359932], [-73.2771530046387, 10.847587487839652], [-73.2649994853536, 10.844982150454015], [-73.25153751491558, 10.80429879862866], [-73.25931388169272, 10.785097026431059], [-73.25243582013576, 10.770733100915308], [-73.27505744271832, 10.741459939732497], [-73.27782523606112, 10.72642766082457], [-73.23705809201294, 10.74044109757313], [-73.21510317620937, 10.730510306719987], [-73.20762661431235, 10.707460894380796], [-73.15741840985288, 10.71554287544743], [-73.14614414430224, 10.69150836708778], [-73.10409213169277, 10.673862336268202], [-73.08219369211776, 10.629399481569813], [-73.08939742017424, 10.608232692529702], [-73.08507654267214, 10.591030649003232], [-73.10166392156094, 10.570321116281836], [-73.09538140308774, 10.5577511556658], [-73.12337805274393, 10.527140933762121], [-73.1375512720615, 10.53033508943797], [-73.13950016503026, 10.514164753752619], [-73.14948462038319, 10.508085020235093], [-73.14487502681368, 10.49949002078235], [-73.15605527191678, 10.497666671067943], [-73.16052070373462, 10.488031342635427], [-73.16801456719782, 10.4922001379335], [-73.16398689464825, 10.484477637777188], [-73.17493402135943, 10.481165229579767], [-73.17069483581605, 10.473030832672787], [-73.18167432705616, 10.466279091413663], [-73.1778890785539, 10.456581857330585], [-73.16868715704828, 10.461867068973715], [-73.1423307569496, 10.436776225439722], [-73.14431865300241, 10.398094297407752], [-73.12742827392344, 10.399200103742475], [-73.08446821565332, 10.426336160381593], [-73.03685685590017, 10.403462344565831], [-73.01617852618438, 10.411821653747996], [-72.98674958892138, 10.400494218670362], [-72.94251020020812, 10.42698200646638], [-72.90075025438477, 10.436109720781861], [-72.89419296799667, 10.411439234338618], [-72.89971331834448, 10.398923270599077], [-72.88760186090946, 10.39412270762452], [-72.88575109998055, 10.38456727002709], [-72.90787638590513, 10.344275000970615], [-72.90646391604758, 10.323175370932969], [-72.89609926821055, 10.311066683904846], [-72.90698763607224, 10.267970448117007], [-72.89719971878532, 10.217923245242517], [-72.90927548343069, 10.20513364456793], [-72.90820473028464, 10.175568838807473], [-72.92199905877806, 10.137956997371113], [-72.91149246174166, 10.112440515546693], [-72.95469276923603, 10.066006523778848], [-72.95290627024053, 10.026789438362995], [-72.98421283616563, 9.974519423513502], [-72.98059605515107, 9.958910156238812], [-72.99915109462648, 9.922670966803247], [-72.98154308323444, 9.91627021557158], [-72.98870525968437, 9.898590819499136], [-72.97721246259704, 9.88900159174542], [-72.99296449474252, 9.87636665683147], [-72.97209424340662, 9.868058765460534], [-72.97094615423606, 9.854668349485506], [-72.94353714158456, 9.843127965905092], [-72.98786650023851, 9.794087273107955], [-73.0058552260362, 9.74122754524552], [-73.05507437739311, 9.678267010345536], [-73.05814388094427, 9.651045973911172], [-73.07698921303177, 9.620350926722558], [-73.07756028419107, 9.610928262924878], [-73.06770931410409, 9.606787999041252], [-73.08127224268412, 9.585658388605403], [-73.08469866604673, 9.556533784634448], [-73.12688389712235, 9.555239668808259], [-73.14508140682983, 9.54288179161669], [-73.1766925467947, 9.501050866254252], [-73.17395616486755, 9.479671409884263], [-73.20307006181099, 9.469212490969882], [-73.18733587561115, 9.44699427156088], [-73.20743012385702, 9.423713327255882], [-73.22123100017575, 9.424379578588601], [-73.26081095495118, 9.370641831277974], [-73.2644753215609, 9.328097066292651], [-73.28874582382275, 9.314843470132685], [-73.29838370616795, 9.266673545577035], [-73.31651520132749, 9.247923392765273], [-73.33329528516805, 9.21278244045385], [-73.35621136315899, 9.215584922268837], [-73.37170120291523, 9.158101385884667], [-73.3822768966217, 9.152606618678366], [-73.40310609491644, 9.163141952843276], [-73.41165329407681, 9.1543796510187], [-73.42947251573014, 9.10241010400658], [-73.41794494842372, 9.088826418937462], [-73.4119353149951, 9.052667527274203], [-73.42277092655473, 9.013474498760825], [-73.43929551764671, 8.988961055022415], [-73.43025199260819, 8.919723405918463], [-73.43739622160268, 8.910031511425744], [-73.42568450310955, 8.899569218436483], [-73.4328829499662, 8.873371459147567], [-73.44727949423469, 8.870919457116564], [-73.44825267678846, 8.863299079319775], [-73.411910426252, 8.783343918464471], [-73.41461794708277, 8.766029819000176], [-73.44027295013348, 8.760727405504001], [-73.46268091364539, 8.74534312236982], [-73.47176622205603, 8.707454445095136], [-73.50502199985209, 8.688486368008355], [-73.52154974762652, 8.658152460021375], [-73.52158612583122, 8.638261667773751], [-73.55218161265856, 8.60735464046702], [-73.54197370479386, 8.588226941610161], [-73.54719751204692, 8.564321206849115], [-73.51499289871828, 8.528976117616523], [-73.53184585574934, 8.527936231506558], [-73.5546142946074, 8.507027546619549], [-73.56752165462854, 8.507771961325798], [-73.56820498115184, 8.506387098515583], [-73.57253954988812, 8.507085626342235], [-73.57565069487742, 8.506583557529845], [-73.57658017256114, 8.5057030129153], [-73.56878635330071, 8.497665149943995], [-73.576223685738, 8.491841831745564], [-73.56136258184176, 8.491259468754183], [-73.55932300656775, 8.479457778524086], [-73.54770129484626, 8.471406183894462], [-73.52277299620181, 8.482929071872443], [-73.47767132294331, 8.470115004663304], [-73.47329328379749, 8.446829541828794], [-73.52999783468425, 8.38078982671782], [-73.48805208117949, 8.383977217175875], [-73.4566994621863, 8.36163429982796], [-73.45849249014253, 8.347084054590692], [-73.44180746610112, 8.340839011166235], [-73.43424164483139, 8.365376585469082], [-73.42479497443662, 8.361077494825041], [-73.39316235304125, 8.382126308923214], [-73.40178235981506, 8.390671025137882], [-73.39898882432902, 8.41771065563918], [-73.41321917384926, 8.435953914783301], [-73.41439876965688, 8.459258383289427], [-73.37035414932711, 8.459076246127125], [-73.34205511842055, 8.43556879144276], [-73.33928689837768, 8.419411469661355], [-73.35005468079106, 8.406100916673713], [-73.35387449379806, 8.36529218598591], [-73.35067338156301, 8.33108200852647], [-73.37659124175684, 8.31051991281691], [-73.3741785033215, 8.266005731037282], [-73.39179857011425, 8.268646551006567], [-73.4062428589798, 8.255454114894839], [-73.4184522696898, 8.2655611508556], [-73.44063379109429, 8.25724332141474], [-73.44211685421635, 8.249436957171607], [-73.42803155578065, 8.244506301870533], [-73.42933976528661, 8.224861129878581], [-73.44890370615656, 8.19251865648605], [-73.42808426177697, 8.180522132295334], [-73.42651218631909, 8.164489229974905], [-73.43765806364866, 8.152719867442713], [-73.43552115583611, 8.13937005804588], [-73.42239947558369, 8.135121144638644], [-73.42966420468639, 8.123275652520428], [-73.40557129231127, 8.113071540041167], [-73.39655281322109, 8.121900015415568], [-73.39645283963341, 8.106569186574996], [-73.39339589274334, 8.112755711898497], [-73.37757292687155, 8.105542597338404], [-73.36702559928938, 8.01262964051061], [-73.33236313229929, 8.021630920442348], [-73.32349967200793, 8.01409733973406], [-73.3092888267247, 8.015515331540042], [-73.29836207561698, 7.985009369987957], [-73.28193957724005, 7.9933737744184725], [-73.27513375196759, 7.957765779533783], [-73.27861843022447, 7.936208906652182], [-73.3025845641609, 7.92267560453422], [-73.30333438403449, 7.906592188108442], [-73.33340059115943, 7.907278363191757], [-73.351689723709, 7.892450345172555], [-73.35553958089463, 7.860383844336686], [-73.34682802404228, 7.848473677958027], [-73.34309533241588, 7.812147917809549], [-73.35420393502136, 7.789752269312443], [-73.39101712772077, 7.7548453220307865], [-73.40343758609686, 7.724082012707636], [-73.43930720024633, 7.6965471513753565], [-73.46274299716242, 7.692269357108708], [-73.4906222611719, 7.674350063951902], [-73.50805821720218, 7.682024888681463], [-73.52181642171428, 7.707428535728083], [-73.5513415210101, 7.711910795699436], [-73.55877117643888, 7.728235261749062], [-73.58822280157074, 7.741325968963691], [-73.63354791206962, 7.74925822500767], [-73.75762032120741, 7.75058934516489], [-73.76179435907784, 7.759976026915116], [-73.75617848360321, 7.7636544333055175], [-73.76345389188657, 7.767092052380286], [-73.75992202868349, 7.7734916905984255], [-73.74057665977438, 7.776749500047711], [-73.7374761346768, 7.784498191505299], [-73.75087547003176, 7.8030421179129075], [-73.75116788177127, 7.819740442420454], [-73.74361432341323, 7.830808050374928], [-73.72478309937856, 7.834626444940863], [-73.72510051664221, 7.8487181798102625], [-73.69290672173315, 7.8715786448535425], [-73.68981623980847, 7.884110040763656], [-73.67138456696762, 7.891225573053338], [-73.67077797190206, 7.903500483575765], [-73.67782172964189, 7.9137678617559475], [-73.67444070088175, 7.941673208369613], [-73.68388552972868, 7.939688171656684], [-73.68285345357793, 7.951749350344793], [-73.69707577035649, 7.950596926799644], [-73.70839528767732, 7.969823581452074], [-73.72355879797686, 7.967827265483425], [-73.71957429040941, 7.983688734076794], [-73.72785069221158, 7.985943384167432], [-73.7192271739205, 7.989581882869492], [-73.72727967405291, 7.991397366929028], [-73.72116892078543, 8.010589127394777], [-73.73709411771296, 8.023736343177381], [-73.73367640532064, 8.035120877914968], [-73.74982938104978, 8.044267897041275], [-73.74272359459019, 8.051489321922707], [-73.76447512985476, 8.063556548074152], [-73.77329654985556, 8.092184773166222], [-73.79142251408354, 8.102805376384172], [-73.77540543020893, 8.103411041692608], [-73.76961247509115, 8.116511752554228], [-73.77955551717821, 8.208128716075462], [-73.7621893126904, 8.260323423297958], [-73.75026665073585, 8.271879639697861], [-73.76032724106477, 8.299872526307405], [-73.746749943022, 8.31685121973018], [-73.75763235774349, 8.334247862756726], [-73.7484741986002, 8.362683996446947], [-73.74600431289417, 8.46205796174711], [-73.77430153279573, 8.497054660678678], [-73.78020328925254, 8.514579920996864], [-73.77490443308756, 8.560550084366081], [-73.81795044223253, 8.638683428932374], [-73.82028966068975, 8.661899540873327], [-73.8088836840472, 8.696108988001873], [-73.81578653463424, 8.721261493742714], [-73.78927067715733, 8.74920532511213], [-73.79527715570015, 8.816771946555852], [-73.86003248913914, 8.87874169280679], [-73.87336489815544, 8.911815276845617], [-73.86312746713543, 8.94655599254814], [-73.83210833358419, 8.979427580352901], [-73.82580164322405, 9.022713162288857], [-73.80824798533996, 9.028078563008002], [-73.81104316923586, 9.037158348571593], [-73.8026909720212, 9.036525321456114], [-73.80982164722388, 9.04463520242112], [-73.79636580599589, 9.04594588768593], [-73.79770706993742, 9.057355374048687], [-73.8610650396007, 9.109165699939696], [-73.87532567943816, 9.130541568435556], [-73.87549765035823, 9.145983824392806], [-73.8619314384332, 9.170575698304566], [-73.86662226132876, 9.18296807532211], [-73.87890851937925, 9.185847991976333], [-73.89282930291773, 9.173587284728137], [-73.9620326821667, 9.187675888966323], [-73.95594135677936, 9.196243041521374], [-73.96572677315453, 9.217818119675094], [-73.94945212770972, 9.2373852747191], [-73.94279143706518, 9.289562937293885], [-73.95785093943994, 9.303765197370687], [-73.978860441434, 9.305965844296663], [-73.99169077175645, 9.324019727648169], [-73.97809479323246, 9.389381325570405], [-74.0083472670783, 9.398881721549836], [-74.03401152278383, 9.424034754602122], [-74.04925800514246, 9.42444318744626], [-74.09741047002984, 9.47670304683333], [-74.12078672656145, 9.480133966267433], [-74.13915998999767, 9.493779959432603], [-74.10359608805442, 9.517950220407853], [-74.09523541612663, 9.536123454921448], [-74.06591440524284, 9.567804770432987], [-74.05367238027213, 9.566776666635667], [-74.03673941831977, 9.591322590785756], [-74.00396235761173, 9.595359782789835], [-73.98926109557294, 9.579814429800214], [-73.91870684758777, 9.60561133084555], [-73.90979166315947, 9.60175998155718], [-73.89339731620936, 9.616429466565318], [-73.88226845657806, 9.614031893500773], [-73.87938423788847, 9.600862280005334], [-73.86789294907368, 9.600995157111397], [-73.8032641479349, 9.636416578949442], [-73.81465846892735, 9.685530724350969], [-73.81039765822288, 9.696457322744628], [-73.83901967415568, 9.731024289759693], [-73.82743345669599, 9.752937203899746], [-73.84179211718208, 9.79734287180152], [-73.8669616262489, 9.815953120879456], [-73.87440365598059, 9.812731380614192], [-73.88628822215026, 9.833424708613261], [-73.8949634367305, 9.832090918660942], [-73.90437368041142, 9.861254771854556], [-73.92285014059308, 9.876933457396479], [-73.9369812800943, 9.90672993436173], [-73.95013690231843, 9.913524204595262], [-73.95266612359285, 9.92693513092118], [-74.00183122237775, 9.940197452424481], [-74.01175835259352, 9.976095316814321], [-74.03198965691149, 9.991143486033968], [-74.03709107759272, 10.006383007341428], [-74.05109341744418, 10.010254520230728], [-74.0617803487226, 10.041601334304918], [-74.08297557934628, 10.06710279987909], [-74.06730156864035, 10.098062858372561], [-74.0744136963126, 10.120145099688688], [-74.06041322765338, 10.140368836592033], [-74.06572920482301, 10.166521606419058], [-74.03893200016478, 10.201534208238797], [-74.04071195223332, 10.220034310300372], [-74.01037084783593, 10.236252127376199], [-74.0123213838246, 10.252252861000756], [-74.00066950844848, 10.26565589292564], [-73.96509243719265, 10.288102542415345], [-73.95772583186897, 10.309739890935832], [-73.96329146632633, 10.315779514643904], [-73.9555217219347, 10.326074458548948], [-73.96132195880205, 10.33677742386934], [-73.93288132814098, 10.355225292448754], [-73.93286635231499, 10.365820954821274], [-73.91707781260726, 10.378419480089464], [-73.88393194018056, 10.39366070460402], [-73.88401153636806, 10.387523652237522], [-73.86740859864608, 10.394566069689642], [-73.85651938457079, 10.387941264972875], [-73.83052017198168, 10.402644614697627], [-73.81807377832433, 10.385117051995525], [-73.80648186374458, 10.396357014451002], [-73.7790307056996, 10.396173316015522], [-73.74071798284751, 10.435749347843732], [-73.70417396155432, 10.430109516976522], [-73.7033199972119, 10.463598682658176], [-73.66162305118792, 10.454824282313702], [-73.6522632748999, 10.460454997070173], [-73.64391931075136, 10.468626180915637], [-73.65321603783264, 10.476852575262438], [-73.63983595069459, 10.500767710900485], [-73.62945601262095, 10.494608239261595], [-73.6014704239297, 10.500620497569388], [-73.59235596426652, 10.49383911637378], [-73.58443355825722, 10.501863887287644], [-73.56309699378062, 10.503811934940993], [-73.57047412826614, 10.541776798395663], [-73.59045716229627, 10.549091741565944], [-73.5978352993024, 10.562299133740815], [-73.61342951708968, 10.564226379090506], [-73.59594421925652, 10.585117931294747], [-73.6012007440766, 10.613959713049578], [-73.59535931223417, 10.630943145089205], [-73.59850005404076, 10.639577566241352], [-73.61688144005024, 10.644687932353168], [-73.61165902428866, 10.672737199071479], [-73.59668608813519, 10.685801986276303], [-73.59378546978871, 10.705264795628699], [-73.58291392199584, 10.716716506436786], [-73.56313152774266, 10.715958864925783], [-73.56231565828682, 10.740852487673509], [-73.541907340801, 10.75471829247569], [-73.57373832294564, 10.76650663462835], [-73.58899432206397, 10.781709464218741], [-73.6386621193808, 10.78779308924115], [-73.63873618194174, 10.802147144060637], [-73.62056256474494, 10.822576836076726], [-73.5845708317218, 10.842104870357291], [-73.51979317423189, 10.847671654658956], [-73.47940666284262, 10.867173370077342]]]}}, {"type": "Feature", "properties": {"dpto_ccdgo": "23", "dpto_cnmbr": "C\u00d3RDOBA", "dpto_ano_c": 1951, "dpto_act_a": "Ley 9 del 18 de Diciembre de 1951", "dpto_narea": 25086.2399446, "dpto_nano": 2024, "shape_Leng": 9.71137342849, "shape_Area": 2.05750796471}, "geometry": {"type": "Polygon", "coordinates": [[[-75.88119088285583, 9.423628171390645], [-75.85010104644556, 9.427108696732557], [-75.84946399217938, 9.420650599702391], [-75.83226382074292, 9.429912230475594], [-75.82199846557006, 9.422612426624859], [-75.81655135223076, 9.431123899757603], [-75.79391810813405, 9.42934317334078], [-75.79150581167022, 9.409866329597463], [-75.81379840176322, 9.418432043050343], [-75.83435694912527, 9.408230156598083], [-75.83769405202969, 9.39868919266807], [-75.82523271219077, 9.393382781665688], [-75.80512616689714, 9.40282627651308], [-75.8021458427686, 9.39566294662571], [-75.78420338114324, 9.392998761457179], [-75.77972824930919, 9.403347611508714], [-75.76420598393861, 9.404037325058756], [-75.74575374864452, 9.42129228927907], [-75.70090910964478, 9.4135231054369], [-75.70440410236597, 9.372208409041901], [-75.68920300383002, 9.364606740472453], [-75.67983268670201, 9.344594614479282], [-75.67150252068728, 9.343088906607546], [-75.66100965081768, 9.361146727278102], [-75.64882663442836, 9.362379297678483], [-75.64095922781621, 9.348877521960567], [-75.62587714626875, 9.353087254417103], [-75.6136715381304, 9.331290727894707], [-75.5997209547553, 9.32543290178546], [-75.58766521986178, 9.302527140954426], [-75.59083418406209, 9.296509034609521], [-75.60301106225813, 9.299408642350457], [-75.60936712855721, 9.280988186782073], [-75.58423569102075, 9.272962343278882], [-75.56932665657598, 9.27968592233146], [-75.54833755533832, 9.259783663080048], [-75.51656441755756, 9.264521736498715], [-75.51230741930618, 9.258100527916778], [-75.49646897095812, 9.284930630702734], [-75.49073432643019, 9.273658588484542], [-75.49976909468438, 9.259515878673723], [-75.45733588976515, 9.23759500994551], [-75.46620361076924, 9.208508820661688], [-75.454416751736, 9.176010503816205], [-75.4674012744066, 9.164747778931558], [-75.44885677487275, 9.140080697105986], [-75.4337541263805, 9.140818066319788], [-75.42828862361438, 9.151454756580659], [-75.41052040295364, 9.144818967255858], [-75.39086624510605, 9.161267824918653], [-75.37876857682164, 9.14849968411495], [-75.38168889613638, 9.13807436042237], [-75.3555498498821, 9.136695541482236], [-75.34647944543218, 9.123746518463744], [-75.32815242999857, 9.131296432353492], [-75.32099611056901, 9.11562681261667], [-75.31007915829224, 9.117559544880484], [-75.3099748323636, 9.08879534528871], [-75.29356596233868, 9.096201572635959], [-75.29912655185342, 9.082513646079898], [-75.28108523234891, 9.072889437901154], [-75.27137312664416, 9.076762496792286], [-75.23618911984238, 9.06711916436417], [-75.22369869881959, 9.072729529568338], [-75.20717894965077, 9.044276070955659], [-75.20757887005254, 9.006669094798808], [-75.18637178794586, 8.986416614478383], [-75.18783417542693, 8.967480018875795], [-75.15610851364676, 8.943597351971288], [-75.16765890895931, 8.94446301508298], [-75.17174922557518, 8.92827825962921], [-75.18797468911731, 8.944173647736417], [-75.19203064963773, 8.936017861027178], [-75.18052412987521, 8.929685866003867], [-75.18634496692505, 8.914250151583735], [-75.20012153121957, 8.92174558350646], [-75.216988066297, 8.915760891821757], [-75.24464619724665, 8.882265814322471], [-75.2652305999398, 8.895488164356998], [-75.2726886008316, 8.913643314871239], [-75.29318235086396, 8.89734542729706], [-75.28718536123301, 8.890040912677243], [-75.29976252634373, 8.857992821929464], [-75.33163242982573, 8.865540615793426], [-75.33573085643843, 8.85338028098522], [-75.35083513267926, 8.850438500901403], [-75.3484985319148, 8.842665274637172], [-75.37161046525165, 8.82652406684814], [-75.36884514137961, 8.791225195075489], [-75.33555204394366, 8.771576833163373], [-75.33929054497958, 8.765918484410088], [-75.3241866289635, 8.755530959159852], [-75.32373055662521, 8.747488822001042], [-75.33144919042974, 8.7458555649354], [-75.32967512502597, 8.7256360043031], [-75.3431728196947, 8.715190098394343], [-75.33586720194256, 8.711336738674765], [-75.33674818313875, 8.696180490362224], [-75.34911049531678, 8.700748792836666], [-75.35198545865666, 8.680051155615727], [-75.35961557958899, 8.679696862480297], [-75.31834414788796, 8.590370118770045], [-75.31775943669851, 8.574224462520226], [-75.33031863099762, 8.552782319863155], [-75.32251031291696, 8.547158985670912], [-75.32640510386886, 8.534413136578769], [-75.31568794785028, 8.536961355439882], [-75.30431116827435, 8.517750176975474], [-75.31436382287973, 8.502373040843416], [-75.28669708696111, 8.499453415927062], [-75.27335525460995, 8.48818716245718], [-75.24140008297326, 8.487281766828843], [-75.23558920465462, 8.477945159907334], [-75.24153050857501, 8.471380021339295], [-75.23194088196863, 8.467925244428868], [-75.21629346590788, 8.485366483454978], [-75.19245410502037, 8.443412805007773], [-75.21139732929731, 8.425335694797704], [-75.19646520543637, 8.421354457998941], [-75.18513926515618, 8.39664049575624], [-75.15656196110564, 8.41899528345179], [-75.1565353682571, 8.433321503051717], [-75.13620608910458, 8.429929830145435], [-75.12804612163245, 8.468282917029132], [-75.0852614721378, 8.465838506666655], [-75.06237651720295, 8.453264019436329], [-75.05634467560623, 8.466002766442195], [-75.04087305639337, 8.45847482536179], [-75.03279531358135, 8.47090279455755], [-75.03348733670185, 8.498919394912857], [-75.02409984556857, 8.49702619843449], [-75.00761488278857, 8.510983924319676], [-75.00572085806283, 8.522802908031059], [-74.99390548558137, 8.509516137061238], [-74.92599402757259, 8.499607674750559], [-74.92745177704813, 8.453343679404307], [-74.89976758056144, 8.454291221324413], [-74.88274930014865, 8.43493675786475], [-74.87544610605312, 8.404359947028059], [-74.85829030603713, 8.396410059735915], [-74.85227455327998, 8.384710584391925], [-74.84030824215097, 8.393989226575204], [-74.83935345890552, 8.38469780584681], [-74.8301285072726, 8.390504216839844], [-74.80553387642829, 8.382574986324128], [-74.80373704140885, 8.368808710443178], [-74.8131269544021, 8.364545520099792], [-74.81933992704722, 8.371411302575162], [-74.82802366215469, 8.359747600869216], [-74.7955567405541, 8.328202447605415], [-74.8002992390775, 8.319402906091], [-74.78881944421602, 8.312889943512896], [-74.80055738275655, 8.296213872987543], [-74.79469712580402, 8.281906146120821], [-74.78094539276032, 8.277881791052332], [-74.7951313510971, 8.268924324686859], [-74.80877299820992, 8.274282126550936], [-74.80727058356456, 8.25894044066318], [-74.79491971323745, 8.246557221078923], [-74.81707198187968, 8.224695784937278], [-74.82583417860161, 8.230044178737934], [-74.83297588871801, 8.222994518163922], [-74.8305834459361, 8.199945328607123], [-74.86787587764508, 8.196067861679388], [-74.86711042527645, 8.159158406336878], [-74.92792783781573, 8.07459763235041], [-74.95443507595058, 8.078604634648686], [-74.96835927758138, 8.090578644345458], [-74.98991255091147, 8.07483349060608], [-75.0134362184038, 8.070625151437666], [-75.02386950387142, 8.055088398925426], [-75.04740590678966, 8.042404003630855], [-75.08089259401856, 8.05321965730355], [-75.08195923377565, 8.063612853622681], [-75.0929976473588, 8.070596875144897], [-75.10075085824445, 8.055701064810465], [-75.12550815435344, 8.04013706637394], [-75.13354406708089, 8.053926693979342], [-75.15913972288513, 8.055540666895403], [-75.18765586509079, 8.04428864454759], [-75.21948123365877, 8.068053315848879], [-75.22676154944241, 8.062976713842248], [-75.24705961301225, 8.042105460884695], [-75.23581608514019, 8.029131049659355], [-75.24402757642486, 8.007604295516591], [-75.26685873390937, 7.9993218031322195], [-75.29179049376535, 7.960168667934112], [-75.30928456994246, 7.9474359926461045], [-75.336715725185, 7.948100172462136], [-75.329145997139, 7.92693550165118], [-75.34675432473824, 7.874967567116276], [-75.40434810336205, 7.857527887566807], [-75.40537832808349, 7.841833868669092], [-75.4161458374088, 7.839057196371114], [-75.42243627094427, 7.819389263746624], [-75.45865801059267, 7.833844361149809], [-75.4655698865605, 7.827691736475458], [-75.45434692114173, 7.797536649068081], [-75.4772883936277, 7.773308402693334], [-75.48861784003526, 7.7295285385480845], [-75.50174482574192, 7.718742584999003], [-75.53373584378028, 7.7230154061882414], [-75.53398861642796, 7.688839561467977], [-75.55102694635553, 7.6683994687493335], [-75.54832293524544, 7.645489038471787], [-75.5581182717242, 7.642795319368149], [-75.55297853067901, 7.627342117430434], [-75.57089853530266, 7.624923534551298], [-75.60144439556086, 7.60215126796948], [-75.60518048192341, 7.5855171991070955], [-75.63318152703977, 7.583121026517223], [-75.67129619007846, 7.5979699708076085], [-75.68279033463978, 7.583446756797088], [-75.7118687570844, 7.58128682155222], [-75.74307770839971, 7.612216881681175], [-75.7652537231271, 7.601943784821305], [-75.76089425576629, 7.577312092154559], [-75.77387344423647, 7.56488046052448], [-75.77639834461093, 7.544913898017176], [-75.76678166342163, 7.529083543496771], [-75.7872538592598, 7.512223404429815], [-75.77512562487516, 7.501377449660119], [-75.78777923577917, 7.459836913927848], [-75.80120755889311, 7.446399686706073], [-75.82508112495901, 7.442187750680418], [-75.82746759124461, 7.426034582712181], [-75.81765888063723, 7.415823578352534], [-75.83210975595568, 7.402072374417413], [-75.83373334803957, 7.371340718156857], [-75.8454960136263, 7.3470872686284014], [-76.38393382392161, 7.39229384453305], [-76.41628621023227, 7.4185046105392916], [-76.43883669786572, 7.469737479142522], [-76.45573018781306, 7.483870593141852], [-76.45254228172155, 7.50112587087442], [-76.48031535040678, 7.537826677952877], [-76.4943636894273, 7.541824172474653], [-76.51453012814352, 7.586664648676609], [-76.51121954712073, 7.613402158439143], [-76.49229868282737, 7.640469143560985], [-76.48556311484924, 7.68931944636673], [-76.49663120430142, 7.74971559990414], [-76.4834973401891, 7.758035070568318], [-76.4812725420374, 7.821720748601328], [-76.46516835025693, 7.848732389372756], [-76.46353985606265, 7.873088240636987], [-76.4481277987939, 7.87969046079121], [-76.43772273212682, 7.905191005591443], [-76.4211173851213, 7.911825226456528], [-76.42293247571848, 7.950497502981393], [-76.41549251121529, 7.95452462216816], [-76.41157371097165, 8.006952016590901], [-76.42764859519258, 8.019794602638163], [-76.42497153715573, 8.074293808404455], [-76.40872379807178, 8.073925119755112], [-76.40852664106598, 8.099717150131042], [-76.37485222375943, 8.1115444459604], [-76.36815124274392, 8.152946084971097], [-76.35733513182805, 8.14624227875199], [-76.34926511633029, 8.15516198530272], [-76.33114775886793, 8.15145939175405], [-76.34958237099875, 8.172130406482035], [-76.35335615878546, 8.19423902145756], [-76.32804125278244, 8.242091656310436], [-76.324119900423, 8.264744126165418], [-76.30327582242205, 8.284522207602855], [-76.30343039296122, 8.311179062063362], [-76.24287729193861, 8.36998624551386], [-76.18044527317045, 8.397311060802428], [-76.21866846266346, 8.443560472886759], [-76.2096819770976, 8.476781850568877], [-76.2099963697313, 8.522922530484557], [-76.23680258719395, 8.554440042565064], [-76.22385997006643, 8.561772593627296], [-76.22281106935532, 8.573270137415939], [-76.24406344724969, 8.572086903428598], [-76.26544227300246, 8.584190249968064], [-76.25071510532683, 8.610307220105854], [-76.26921397220451, 8.62364854939961], [-76.26605742362955, 8.638807096502816], [-76.31400316893735, 8.656489664529035], [-76.34562620530102, 8.639821540507072], [-76.36788788434052, 8.720674675103933], [-76.41956591164256, 8.754994156959327], [-76.38116683457167, 8.794208979517173], [-76.41661689921648, 8.888062439060997], [-76.33830882410092, 8.91986254698204], [-76.3226115721634, 8.940426109641638], [-76.32283007675062, 8.956967479479367], [-76.26448164171984, 8.997508906359917], [-76.26293239965804, 9.035453464279705], [-76.25115086404537, 9.057887854450952], [-76.18682206541627, 9.119162013063567], [-76.17022355729046, 9.22969936836339], [-76.10728894688998, 9.266202368953573], [-76.1006297833826, 9.28430260541072], [-76.1121562268957, 9.295635483385036], [-76.10993499685515, 9.304379123593069], [-76.08532481077094, 9.334970935408629], [-76.0240110804383, 9.352396220342548], [-75.97807900386937, 9.376413758614715], [-75.95666571512157, 9.405067795020457], [-75.96735663402472, 9.417129663615272], [-75.9637712716123, 9.396848333876493], [-75.96894099215729, 9.4010357997744], [-75.96745522420576, 9.419820685974233], [-75.945508350127, 9.443285472445286], [-75.9230030936024, 9.447748101517092], [-75.91438844169022, 9.435112644681551], [-75.88119088285583, 9.423628171390645]]]}}, {"type": "Feature", "properties": {"dpto_ccdgo": "25", "dpto_cnmbr": "CUNDINAMARCA", "dpto_ano_c": 1886, "dpto_act_a": "Constitucion Politica de 1886", "dpto_narea": 22370.6553415, "dpto_nano": 2024, "shape_Leng": 13.1217650593, "shape_Area": 1.82364470564}, "geometry": {"type": "Polygon", "coordinates": [[[-74.33341887924524, 5.837193298195859], [-74.31523434032249, 5.815169962154826], [-74.31684595426083, 5.797007956591225], [-74.30102451193295, 5.79765987169897], [-74.31298310113766, 5.782246934081005], [-74.28716685575478, 5.746492562197395], [-74.30415803936376, 5.709668716369734], [-74.27597746489647, 5.692185245711885], [-74.28515264533138, 5.663710018207694], [-74.3084567769697, 5.647668435459676], [-74.30569425135195, 5.637640842074415], [-74.31495709575034, 5.620507804488115], [-74.2977752436721, 5.574968362081324], [-74.25962585982165, 5.559761791004838], [-74.24290769330975, 5.544707797104258], [-74.2564184773409, 5.4998384858570075], [-74.24451852122155, 5.476295112905695], [-74.21907703530758, 5.496147569518018], [-74.20370853019517, 5.497782749878229], [-74.18238713108929, 5.463738197634669], [-74.16062983133094, 5.447757509033364], [-74.13868619927462, 5.446336718074762], [-74.12547328335432, 5.42896988925793], [-74.11311864728651, 5.466521626167301], [-74.11729757918249, 5.472976495548038], [-74.09693180863741, 5.4706352945074865], [-74.09757912616385, 5.43986120539233], [-74.07547797709191, 5.410058241687343], [-74.04518428221974, 5.404535496429219], [-74.03979293543938, 5.392009266734431], [-74.02227788178703, 5.3868883382231205], [-74.02184647271457, 5.366582488949154], [-73.99909871039591, 5.367490143842251], [-73.98734666110761, 5.379265466701065], [-73.97296898596676, 5.419355170889423], [-73.947973278588, 5.417556347896753], [-73.94217901013218, 5.434081865152005], [-73.9254452767023, 5.439997958731953], [-73.9125170982079, 5.432232338509333], [-73.90120068995873, 5.447743072196962], [-73.90781707206492, 5.52712643156196], [-73.89770046275027, 5.528363481864263], [-73.88987068210372, 5.51241627889019], [-73.87046525538011, 5.532867484676093], [-73.85727130470718, 5.5309240408922715], [-73.84786398055326, 5.545654468556201], [-73.8197928838569, 5.552883957620304], [-73.8046705451763, 5.571397784153696], [-73.78946523443659, 5.552991041379092], [-73.78541768484888, 5.505566543033546], [-73.76883104257917, 5.486596283038881], [-73.74707680607838, 5.489626504129575], [-73.74316181110129, 5.468552080838917], [-73.72024561992254, 5.47807057519078], [-73.71953141827828, 5.458814276110336], [-73.69627673893581, 5.44663603876262], [-73.67671817089376, 5.459455869567234], [-73.6784296209774, 5.434323504969486], [-73.6553369133996, 5.426222876659301], [-73.65054412894307, 5.415121961842485], [-73.6381098625518, 5.417474374765084], [-73.59272405194247, 5.398848535413047], [-73.59945618206524, 5.37030099347081], [-73.59068494828438, 5.343995597958806], [-73.59936607737717, 5.318812744408598], [-73.57761422770199, 5.30161686871984], [-73.54803434460496, 5.2996382711360095], [-73.53418075420501, 5.282298948755039], [-73.52779878765904, 5.24451081280376], [-73.51479130313317, 5.232694448581863], [-73.52454293114863, 5.214020199878839], [-73.52236575721963, 5.192967775448698], [-73.50831809103778, 5.185204729799752], [-73.51194094017694, 5.162297359186545], [-73.50502376683966, 5.151920936223689], [-73.48241821602863, 5.154271853450136], [-73.47720362459938, 5.148094482864979], [-73.48845778583791, 5.137510670178831], [-73.49453516576767, 5.106353610986614], [-73.48179429604073, 5.084592306536223], [-73.47985807381917, 5.0631439646004885], [-73.4962482831258, 5.039308011026287], [-73.52240361225586, 5.029223524593768], [-73.51842435175217, 5.004572155213404], [-73.50699497487614, 4.996357717452547], [-73.54467951163764, 4.9441861786980175], [-73.54879063774365, 4.925149050755274], [-73.53867728841772, 4.896568796635902], [-73.52495512164859, 4.892657219751314], [-73.52087070157893, 4.878956318817301], [-73.46961638388296, 4.892720183618063], [-73.45260850237622, 4.883144721658741], [-73.44588773774746, 4.889813402823893], [-73.42485537989944, 4.879154203459048], [-73.40200349017994, 4.87993349887719], [-73.39449949910215, 4.85329400257681], [-73.36516400377121, 4.82476935062459], [-73.37183636443893, 4.80082302545507], [-73.32085050758121, 4.779294445934229], [-73.30629709937284, 4.731387552794983], [-73.28320416541936, 4.722278313246398], [-73.2685123949874, 4.740731744198452], [-73.22234461287655, 4.73257823472032], [-73.23465594741822, 4.695153026517863], [-73.22094721586313, 4.676782012465522], [-73.2075495208332, 4.680499456974282], [-73.14902588723294, 4.655244906129156], [-73.12168766637387, 4.67155925983557], [-73.10569753108098, 4.65979133281237], [-73.07209028714999, 4.718665359956428], [-73.07874264411697, 4.725807890235135], [-73.07184782178007, 4.739188134577999], [-73.0650253749667, 4.731895792139999], [-73.05255695460102, 4.736324804430445], [-73.12414289605431, 4.2597843900329435], [-73.13699564475087, 4.212838751607567], [-73.2035440519602, 4.2732551558825], [-73.26052777430692, 4.293845132625737], [-73.3225614240651, 4.304768867187979], [-73.35364488333016, 4.321194294972848], [-73.43028618700669, 4.3063814216631], [-73.44180517180206, 4.291043807841772], [-73.4716800501954, 4.27624162628906], [-73.55014932272735, 4.30754179710153], [-73.5533677059858, 4.347721588011564], [-73.57180446868512, 4.37365118200815], [-73.57681444978067, 4.396195197274116], [-73.57257003513985, 4.419912065587753], [-73.60336908935597, 4.4566817537404235], [-73.59624906728271, 4.4869288799101446], [-73.57576143657894, 4.498477197417445], [-73.56797551082121, 4.526499608978934], [-73.57907599983656, 4.542823504597909], [-73.62189984914653, 4.562476821621035], [-73.64070969505707, 4.547128520534267], [-73.66165421556661, 4.546730937550766], [-73.68787977863485, 4.527938667193375], [-73.686428265269, 4.519346317772813], [-73.71373876679127, 4.515097990965969], [-73.73866420429925, 4.486011868157554], [-73.73332755687846, 4.474731808469095], [-73.73833067124656, 4.460570455008021], [-73.74533430480392, 4.455290338613308], [-73.7557507549314, 4.462186529983544], [-73.764437543415, 4.449632978007672], [-73.7832847709492, 4.448285977420226], [-73.80695654829202, 4.422154950433737], [-73.81147802424852, 4.401054648455706], [-73.79268185969062, 4.381111363112667], [-73.78434554560118, 4.30169567784637], [-73.74406458634189, 4.2661752067879135], [-73.76033185391742, 4.236398264602489], [-73.74282016176352, 4.19776034956301], [-73.80412860011666, 4.19741672123509], [-73.80935822127088, 4.203921262100763], [-73.82589326426955, 4.168337784954709], [-73.84054886490605, 4.177339283177212], [-73.86089172929144, 4.1718326599963715], [-73.895825432018, 4.142640836835816], [-73.93307902862796, 4.149235960293598], [-73.96007498659947, 4.095520095062509], [-73.97357073371916, 4.093073232297365], [-73.97974823096712, 4.109335493557235], [-73.99148432706153, 4.1027676645327835], [-74.00593453942275, 4.109766209129742], [-74.0358869173341, 4.0823805482035835], [-74.0348880195865, 4.060840245658926], [-74.0476691114124, 4.065198207441954], [-74.06243841370167, 4.055597492023241], [-74.06445649766368, 4.0614374102030695], [-74.09974180576415, 4.013144280709766], [-74.13731024236921, 4.000358469132069], [-74.14996385686646, 4.009335770314833], [-74.12451921157515, 4.057646702634581], [-74.13266327436247, 4.080372561313456], [-74.12008768130477, 4.097571626024078], [-74.13152354492064, 4.102825357081243], [-74.13059216999352, 4.115985796075348], [-74.12852560212036, 4.125743608097854], [-74.10959005305534, 4.132493363180328], [-74.11470392619299, 4.152933695749366], [-74.1091962636603, 4.16957633274975], [-74.11010302203408, 4.182094602466473], [-74.12332075562313, 4.181093073551373], [-74.12391376904907, 4.195463382500551], [-74.13574288666359, 4.2052112384868074], [-74.13607173769327, 4.22984825277756], [-74.15271100960251, 4.254555422852924], [-74.09822521120077, 4.34561924829702], [-74.09619654327963, 4.379441172682963], [-74.11444341904456, 4.385657286738896], [-74.11214742665487, 4.433134908797749], [-74.10106006203625, 4.452591164934924], [-74.07590071921157, 4.463157376017364], [-74.07255042633341, 4.513124280221201], [-74.04227898095189, 4.512401837425998], [-74.02959781689958, 4.557873900742879], [-74.00534559177504, 4.560592184297561], [-74.00178457462454, 4.5938964864278695], [-73.98612579306973, 4.629074973975038], [-74.00921117488059, 4.626173756451844], [-74.00935845199211, 4.6388643402452985], [-74.03138607120457, 4.646030170146126], [-74.02489494758646, 4.662499874130038], [-74.00843964899747, 4.661802133228224], [-74.00200611372316, 4.674608249442481], [-74.01482632721081, 4.697251834053869], [-74.00716676936145, 4.742340567068943], [-74.01837573362707, 4.768095324517355], [-74.01324859865036, 4.797482031944217], [-74.00095046396399, 4.803163869864213], [-74.00358497595846, 4.818559121436779], [-74.0331084834383, 4.820766417697785], [-74.04991530834951, 4.835303454096552], [-74.06057149027129, 4.827666160111181], [-74.06299866464474, 4.8357189647724494], [-74.06711503601787, 4.828052937251535], [-74.07466277418655, 4.83689824616943], [-74.08662543635597, 4.832491953188908], [-74.07889207555894, 4.821536880873047], [-74.08703245255577, 4.816192410916693], [-74.07964036380378, 4.8089568681010615], [-74.09327758581196, 4.790788691106539], [-74.10065819318714, 4.799204588806828], [-74.11294807773936, 4.790133287837808], [-74.11663731961744, 4.762027080461562], [-74.13199912239423, 4.740562830247717], [-74.12606000317834, 4.7294483535542575], [-74.1580994126013, 4.725475611231601], [-74.17697773714053, 4.702908756281297], [-74.16924865232767, 4.700972470279387], [-74.16755922625742, 4.68818682758508], [-74.1748476161053, 4.67664065345973], [-74.15850000674004, 4.662848382110416], [-74.18517639059121, 4.646960931523367], [-74.1837468158987, 4.652735821506294], [-74.19421432630759, 4.655092540057471], [-74.22354805914256, 4.625865438230951], [-74.20427645096026, 4.599683094942962], [-74.18378102556858, 4.596452106514488], [-74.17363259071465, 4.540850216061616], [-74.18773380730988, 4.529172266165646], [-74.17457276644365, 4.5071298040786445], [-74.18153343444499, 4.50387198923947], [-74.178069562085, 4.486343493187049], [-74.19443336179955, 4.4266751876123145], [-74.21228460213007, 4.393396520725672], [-74.21795784136953, 4.360812533279936], [-74.21373566903287, 4.30729698892352], [-74.22188456026873, 4.282058170286514], [-74.20552942571032, 4.268892236293449], [-74.2042691377697, 4.239706635767798], [-74.21732296282471, 4.236302329843574], [-74.23175961510594, 4.216688180296351], [-74.24145033819491, 4.180840611721005], [-74.24564163361401, 4.103247642856411], [-74.26565272564608, 4.091665981655816], [-74.29968372859054, 4.105616779727945], [-74.32988660820666, 4.1305402580079456], [-74.35060751630425, 4.057303429141531], [-74.3661404527706, 4.0362669219725795], [-74.36255574343386, 4.009532966846471], [-74.37458191744281, 3.98587475497436], [-74.35689156101631, 3.970980327148281], [-74.35955724008437, 3.9137447376582686], [-74.38571748390132, 3.8654814448326014], [-74.39526881709321, 3.823803950944692], [-74.43169794197337, 3.7838711942396834], [-74.43366092502856, 3.764625066791332], [-74.45067485489693, 3.74986418890999], [-74.43958715700307, 3.7306330992714503], [-74.45039399280626, 3.7301290038581643], [-74.4635097908855, 3.7420825714760393], [-74.44530024643865, 3.8008048505897336], [-74.45023019296849, 3.8189938325827972], [-74.47702002963888, 3.824337630598775], [-74.49020481479369, 3.8176130094996434], [-74.5394597739247, 3.844774946622692], [-74.51125657896222, 3.946075541027648], [-74.5311144066066, 3.967602506274623], [-74.5336413371752, 3.993312112564276], [-74.52403664131799, 4.022252595891192], [-74.52975594440528, 4.044810365273464], [-74.50818725597259, 4.079544360673941], [-74.48612666137643, 4.096580965834238], [-74.4748533696004, 4.127918987191399], [-74.48371185771265, 4.146027746870683], [-74.48334305767207, 4.176734427251477], [-74.5080802090448, 4.198123023088384], [-74.51885728274056, 4.240493217427042], [-74.53561255419487, 4.2463559995457185], [-74.56253002000926, 4.272129583900861], [-74.58854248275935, 4.267410676952369], [-74.59636569042772, 4.257853742760499], [-74.60122496374294, 4.2622780460785155], [-74.61986229615053, 4.251868866022742], [-74.62452014905222, 4.224885712648394], [-74.65179674723032, 4.199928789165426], [-74.65677219975385, 4.198651019097201], [-74.65872887034249, 4.215799992809241], [-74.68125928959654, 4.200886652736383], [-74.70167438757147, 4.212055442513535], [-74.70601335176792, 4.229471804474598], [-74.72189834366458, 4.2310424354403215], [-74.73409565136313, 4.247765499570479], [-74.74603910933308, 4.236826129818317], [-74.75121614037374, 4.258979297674165], [-74.76715213236463, 4.251298535075847], [-74.76866853199351, 4.265463225780893], [-74.78148260010141, 4.265007688838962], [-74.77879693619724, 4.283556837157501], [-74.80686196297239, 4.285882606027522], [-74.8127197315896, 4.2942756442805505], [-74.83365179335453, 4.275717071728848], [-74.87709731776073, 4.265383334047408], [-74.89062890229889, 4.288733993063887], [-74.8730898851689, 4.306619974866792], [-74.88426212088655, 4.310349835899307], [-74.88348145194317, 4.316994189768866], [-74.85582000710582, 4.334745323560388], [-74.85437661900818, 4.3663663108642625], [-74.84075952915987, 4.378004444700182], [-74.83265524200834, 4.405403534552256], [-74.83312274002782, 4.443373350422994], [-74.80731377908944, 4.453294472701014], [-74.79531161976212, 4.498516892204847], [-74.78629374164535, 4.505935631297317], [-74.80469086974443, 4.534318482272355], [-74.80455592830816, 4.571112731282774], [-74.81494647818874, 4.585191704675027], [-74.79377695018246, 4.592081893497789], [-74.81630713677265, 4.611873898833257], [-74.78584089605818, 4.6529299799332415], [-74.80720370663329, 4.669448788564628], [-74.80142603636222, 4.701718262104032], [-74.8191027276057, 4.725983841593437], [-74.81255181656627, 4.737143076881531], [-74.77813269260076, 4.7506550368079505], [-74.77040619942954, 4.773509200164502], [-74.74377632139772, 4.7882563158446985], [-74.74437493582394, 4.82340395881373], [-74.7695079858376, 4.842917234660698], [-74.75278060260354, 4.8636697482094], [-74.75492513891561, 4.885939930707424], [-74.73799979917447, 4.883168532422619], [-74.73166516310192, 4.893990190439431], [-74.7402088372703, 4.906714746747415], [-74.73232502561132, 4.931239135567983], [-74.74876966208774, 4.95770082009767], [-74.73268573272298, 4.976901435264209], [-74.71380408890616, 4.97217684916198], [-74.70594330737447, 4.981370212410721], [-74.74320665700128, 5.007077042903908], [-74.728307184232, 5.042426788108263], [-74.72974825826765, 5.074332082544647], [-74.71651731314518, 5.100709073841829], [-74.73188726274975, 5.143166313204292], [-74.71437375959084, 5.181701730388177], [-74.72057670074116, 5.199414551900585], [-74.7345631502809, 5.204775295749581], [-74.72335653690823, 5.239851580987122], [-74.7342757583312, 5.286864726961539], [-74.70107721673912, 5.353180184660244], [-74.70661057560096, 5.370968684804108], [-74.69440393529749, 5.363687524603631], [-74.68508834807182, 5.367185332647028], [-74.6778428851523, 5.377821526139156], [-74.68483850842591, 5.400236049153726], [-74.66669332023554, 5.405912861894035], [-74.67640012228264, 5.438085982957648], [-74.64934778060905, 5.442932351963354], [-74.66045247104836, 5.451245312531483], [-74.67457259719538, 5.514650658480278], [-74.64101453876032, 5.540218213162557], [-74.65305136410205, 5.574720973939806], [-74.64458908814305, 5.619443246129186], [-74.62851241268004, 5.63173663860503], [-74.63704377183439, 5.651273004766409], [-74.62745595713142, 5.696037734963289], [-74.63371814132358, 5.708052054793895], [-74.65195895615045, 5.709524042577942], [-74.66102470013698, 5.7523781238131715], [-74.65401071079276, 5.7537342800372455], [-74.65201562102544, 5.740502974690552], [-74.64291956875542, 5.735407752389886], [-74.63844036126164, 5.754915591628423], [-74.62708056075644, 5.762456077691767], [-74.59737060689247, 5.743395920520025], [-74.58744009811022, 5.759036880383189], [-74.57775131268886, 5.75155339247001], [-74.55400025626415, 5.760553598015821], [-74.53859052473553, 5.786088096465949], [-74.5163917897998, 5.791422759506517], [-74.50088059078405, 5.779146214947263], [-74.49354614157988, 5.7839724490982025], [-74.48598635699369, 5.770862469412091], [-74.4664540530166, 5.775924357002659], [-74.46123639563484, 5.76581666347456], [-74.44222867765899, 5.766800735414837], [-74.43091355310344, 5.75801370474743], [-74.42405683733125, 5.768457968534559], [-74.41185913257704, 5.765270316666583], [-74.40443196278864, 5.779066532521471], [-74.38469338210172, 5.784391721921502], [-74.34610898244006, 5.8229014885903245], [-74.34523250270541, 5.832045740903354], [-74.33341887924524, 5.837193298195859]]]}}, {"type": "Feature", "properties": {"dpto_ccdgo": "27", "dpto_cnmbr": "CHOC\u00d3", "dpto_ano_c": 1947, "dpto_act_a": "Ley 13 del 3 de Noviembre de 1947", "dpto_narea": 48354.7302148, "dpto_nano": 2024, "shape_Leng": 20.6310277699, "shape_Area": 3.93986663534}, "geometry": {"type": "Polygon", "coordinates": [[[-77.36996388829357, 6.34839084448384], [-77.37850308256009, 6.367871116200943], [-77.3901738558099, 6.362479674199279], [-77.40195321480292, 6.3808123211752905], [-77.41287061623768, 6.38114652616835], [-77.40490536864002, 6.393270781911015], [-77.3872667111977, 6.387515010787564], [-77.38097249485355, 6.397336957182586], [-77.36999939333515, 6.387199370392973], [-77.35568422930982, 6.398896584675601], [-77.37621130506909, 6.425040820500581], [-77.36369125219471, 6.430801668906061], [-77.36250760408365, 6.455129092062153], [-77.35223076483896, 6.4589028358312515], [-77.36041881636419, 6.487449615103183], [-77.3380318824299, 6.508072609451044], [-77.3336808619344, 6.5372912581240215], [-77.32536992257701, 6.5438585319892235], [-77.33113869323148, 6.564146994356969], [-77.34668503526751, 6.580247400633304], [-77.36884753662736, 6.581551079033266], [-77.37570813402294, 6.592599737011761], [-77.3712104499657, 6.601676585082014], [-77.40028243687453, 6.6207754444019935], [-77.39776704697152, 6.6361255097814], [-77.40712673881791, 6.649717064996968], [-77.39524698672369, 6.657490235565613], [-77.40577417495945, 6.666224870155717], [-77.39881580125711, 6.674242478796078], [-77.40574457904052, 6.687075930766267], [-77.41815910224278, 6.691581379866821], [-77.42673077512421, 6.684443750800199], [-77.4280507471799, 6.695473396818826], [-77.44710615315893, 6.705902808747503], [-77.47229399236375, 6.704284363116061], [-77.50563185198763, 6.684251820196897], [-77.51110516111981, 6.659966359177803], [-77.50434318804122, 6.651180012128847], [-77.51813423768124, 6.660852024193521], [-77.52662536305854, 6.648002868761385], [-77.53061787911315, 6.658996345882907], [-77.53656447770805, 6.656058191402455], [-77.53452604599033, 6.6791838554986445], [-77.54061322564934, 6.686522211478794], [-77.53098339131714, 6.694746231576413], [-77.5510162603257, 6.7494746265004055], [-77.56383729667078, 6.763237559747527], [-77.5671831383932, 6.791016473774042], [-77.58737064800954, 6.81900625760011], [-77.6297208377506, 6.851306625125111], [-77.65018599618128, 6.859267057748769], [-77.65736619824003, 6.854395905102891], [-77.66683436533663, 6.8756202025367195], [-77.68457927020557, 6.870727965515978], [-77.68949259519451, 6.835333046694918], [-77.70201841076602, 6.842239117744556], [-77.71187877364508, 6.8841970443281335], [-77.70529955756678, 6.91068260789373], [-77.69495585486561, 6.918283051160195], [-77.69859381817145, 6.939305009203188], [-77.67437237923457, 6.956614741953424], [-77.67344378010392, 6.949370648966047], [-77.66225348913298, 6.952294745699415], [-77.65390294571807, 6.966901167127778], [-77.65869108588083, 6.994856979337673], [-77.6803200917413, 7.033391800039698], [-77.77326923902876, 7.112929473025564], [-77.7788096829089, 7.133276769701472], [-77.79648017667029, 7.1492944725151855], [-77.82169473538625, 7.147755006826455], [-77.83627651690546, 7.166258738982984], [-77.83569444676505, 7.178431907133573], [-77.8441667991346, 7.185754491379758], [-77.85498180332519, 7.180587720006287], [-77.85300563838098, 7.192710583359191], [-77.8636122467343, 7.192380027325721], [-77.86642917886059, 7.205846682481333], [-77.88377630131987, 7.216985060668556], [-77.79249999988423, 7.461014213639721], [-77.76274454900982, 7.457763724567485], [-77.75106341188825, 7.467519594430804], [-77.74039217419033, 7.465537428735821], [-77.70070171127554, 7.506483875757946], [-77.73296689625545, 7.570148249328727], [-77.73622401939139, 7.601850679757786], [-77.74850595744027, 7.613466710528583], [-77.74113067707901, 7.629622182677374], [-77.74705099903258, 7.64742846768137], [-77.74285315039822, 7.678909642879669], [-77.7280252177186, 7.686500081600851], [-77.72912484184258, 7.695473127460723], [-77.69749806578938, 7.693018064867104], [-77.64578102372514, 7.651645320190558], [-77.63738684371225, 7.612032719714681], [-77.60940454195924, 7.561178637730906], [-77.60672660087778, 7.540657807963415], [-77.59360056828433, 7.535808186155481], [-77.58524132737392, 7.515008022332827], [-77.56345082675455, 7.507336542932092], [-77.53175152875235, 7.546517283380881], [-77.5245226496445, 7.571762030005176], [-77.489182163382, 7.56953411200205], [-77.48947733384995, 7.593597891988617], [-77.46544603517259, 7.634211385371891], [-77.47017816263781, 7.651463252198622], [-77.44262706783616, 7.656789994787033], [-77.43515936602984, 7.6872153738006865], [-77.41851279170987, 7.698678797751034], [-77.4185242632052, 7.717422877048289], [-77.3992929193426, 7.724339836586166], [-77.3911633167479, 7.759945468899778], [-77.37526353318003, 7.761186065753643], [-77.37372554072948, 7.771177130915396], [-77.33941515701747, 7.76595453908405], [-77.33688413282283, 7.782259741645378], [-77.3560781022482, 7.806133460424238], [-77.35618294021697, 7.821132142313771], [-77.36861861067621, 7.828338883321841], [-77.33723379693589, 7.856944098049591], [-77.3404264452376, 7.868201656718861], [-77.32293079341423, 7.88413511366153], [-77.32476969657193, 7.895836410790422], [-77.30532005742975, 7.900030527819893], [-77.2950327177694, 7.910828245715359], [-77.27569453179507, 7.907859976089312], [-77.25661042731474, 7.919969400634819], [-77.17608295113001, 7.9169088083784915], [-77.15857512442983, 7.932259492697637], [-77.17085022898891, 7.936690858576027], [-77.18206640763037, 7.955218886587075], [-77.1623009592102, 7.9689399493254385], [-77.16562038325571, 7.97422957798831], [-77.1917161612215, 7.9885738726044435], [-77.22132514436709, 8.026237567535258], [-77.23363197565067, 8.024964145316451], [-77.22407126224311, 8.03346769709874], [-77.22914523487896, 8.06772555267986], [-77.21958030836936, 8.072654531723302], [-77.21747406637007, 8.087900718535415], [-77.23324995060199, 8.12010770072231], [-77.22696807442475, 8.136762986012037], [-77.25718118586013, 8.15791111343554], [-77.24870487820522, 8.162264026682719], [-77.24781069715374, 8.174836646314038], [-77.26074630022993, 8.193883149082628], [-77.26053233663009, 8.210189974002661], [-77.2805042944239, 8.217246928004267], [-77.29007617479766, 8.243439701639387], [-77.28437511830498, 8.253047954827647], [-77.30153775809896, 8.27171991012992], [-77.29964317102736, 8.281448027418724], [-77.30604150219591, 8.283317897325505], [-77.3131536828688, 8.270482634350298], [-77.33271039678658, 8.273358428632413], [-77.3322279346192, 8.281339241351144], [-77.35045305137396, 8.297774692545943], [-77.35540387027606, 8.317144810060217], [-77.34614650740195, 8.352265089425586], [-77.36162162825053, 8.376842806775475], [-77.35512293542183, 8.38818673313829], [-77.35896346359579, 8.40113272164533], [-77.3850174689693, 8.43108964233972], [-77.40368053992688, 8.466096384444116], [-77.40186498759527, 8.476467931347699], [-77.44792141535311, 8.47330311646905], [-77.45620336695151, 8.509450640841665], [-77.440584373609, 8.52271729492299], [-77.43854747980828, 8.560213939908767], [-77.40963346805631, 8.56631731351013], [-77.41806300488867, 8.588183561032215], [-77.39055990711091, 8.58473778255323], [-77.40420862307235, 8.60941840828912], [-77.39988672238832, 8.617398067570129], [-77.40876899790823, 8.643993055906035], [-77.39301547994808, 8.651212832377546], [-77.37264058790237, 8.637344779090459], [-77.36464710713113, 8.641048656332686], [-77.36888316114494, 8.67772952888079], [-77.35705232325523, 8.673605446363272], [-77.36547085481828, 8.65619730938347], [-77.3547727987945, 8.657758236739719], [-77.34453159933884, 8.646393929383555], [-77.34257092315914, 8.624864570124348], [-77.32572433878175, 8.622313785672755], [-77.32081313202195, 8.60103188552209], [-77.29425929823611, 8.572954722498663], [-77.29065441541701, 8.57573869271589], [-77.28819167311985, 8.575131929665252], [-77.26924664232939, 8.526489125279056], [-77.27510444687925, 8.506333253454567], [-77.25360168585786, 8.492076167355672], [-77.24889639288818, 8.47204950211803], [-77.18988480391823, 8.437801417520015], [-77.1642247208905, 8.437700306664356], [-77.15510316632754, 8.41983176656488], [-77.13074053816666, 8.411905374727704], [-77.1278917050426, 8.397264866698764], [-77.11070110965471, 8.379073236470095], [-77.11787110774196, 8.371644451509779], [-77.08720727164348, 8.329488383366108], [-77.07640572961651, 8.325241983447073], [-77.07456860961605, 8.304134300006499], [-77.04403293626132, 8.272132006306682], [-77.04023599887125, 8.25659139462891], [-77.01894854622873, 8.250541107011614], [-76.9801897519904, 8.255281793631509], [-76.96651136734641, 8.191789281386262], [-76.94933258571228, 8.172336840397113], [-76.95559982113537, 8.12273371913895], [-76.93907106634867, 8.062839622735837], [-76.95991514434962, 8.03690349888025], [-76.98715997088749, 8.031026229619469], [-76.99565464730796, 8.021151465836965], [-77.00555320478668, 7.9823186638362085], [-77.00008044632222, 7.958428874184111], [-77.02142421080151, 7.948792058140289], [-77.01231087493164, 7.933825247604129], [-77.03139415296118, 7.8800970188498685], [-77.05837723896275, 7.851543487834855], [-77.0806116020093, 7.84517414352719], [-77.09520831623541, 7.825067170635837], [-77.12601954622653, 7.830236840875025], [-77.12213925319656, 7.788015846044069], [-77.00323702184659, 7.671539843144572], [-76.96037382988914, 7.640718706525577], [-76.94295760267488, 7.588860167116569], [-76.82523734317834, 7.581743944920192], [-76.80116077027293, 7.572092594123487], [-76.66069908428045, 7.448136988527514], [-76.61786238995, 7.315115033480309], [-76.58553749660058, 7.29791115199934], [-76.5789502522722, 7.30417790143327], [-76.56267506514286, 7.27347517813447], [-76.53036570996522, 7.254962212187755], [-76.50444642234731, 7.19455305642462], [-76.50844436512887, 7.184072747707979], [-76.49850854999403, 7.152246650606766], [-76.48424956844792, 7.132855554718977], [-76.5082646246737, 7.138619408889789], [-76.51408498831103, 7.111150049166934], [-76.5248662122267, 7.106260732571534], [-76.53875538043184, 7.068741166154751], [-76.53061055407585, 7.060098948518111], [-76.54944867627916, 7.016716096027366], [-76.5478105763919, 7.001996050201459], [-76.57130874428617, 6.979676932837636], [-76.58404592642597, 6.98312265921434], [-76.59293738183709, 7.0116256051570405], [-76.60318535818868, 7.000489473658141], [-76.61560779914817, 7.016789559411547], [-76.64548733441171, 7.008360916403854], [-76.67556801700067, 7.029853724981609], [-76.68401874600579, 7.0213385813296485], [-76.70665981623148, 7.024915205822319], [-76.8302615760573, 7.002632082183974], [-76.84252066543871, 6.988321922677458], [-76.83184559462643, 6.989140184348815], [-76.83029028803327, 6.972402111154886], [-76.819144653249, 6.975981491680992], [-76.8284598919281, 6.955526490509963], [-76.81338292718863, 6.963514637080534], [-76.80831495081208, 6.950246906816641], [-76.8000940370909, 6.94856463313841], [-76.79670236867605, 6.901599712360138], [-76.78541420617694, 6.8792803695190035], [-76.79241933902364, 6.866231404353956], [-76.83055740678748, 6.858589209156419], [-76.81793948777477, 6.837682637108658], [-76.8343232112399, 6.838473696873175], [-76.8352853247439, 6.828684088057554], [-76.85507292204335, 6.846158849541826], [-76.87810984868918, 6.852107827775597], [-76.899881650861, 6.829034874167313], [-76.9002514022182, 6.8365643387916855], [-76.9165783413323, 6.845472007908041], [-76.93352719718962, 6.811847695075757], [-76.95794754215353, 6.816742738435625], [-76.97230885087521, 6.809019358827964], [-76.97126514961718, 6.796940274006975], [-76.95785012966485, 6.792514987032976], [-76.96526735689173, 6.780394155670868], [-76.96716388702083, 6.743130709925474], [-76.95732243638855, 6.724780306835396], [-76.94017684303896, 6.723164525609212], [-76.93364812130307, 6.71091879418708], [-76.96265955632356, 6.688416866822348], [-76.9635330033434, 6.679660564850323], [-76.95086722025758, 6.675488218509036], [-76.9389678965527, 6.686344162552638], [-76.93748699298226, 6.654588691953668], [-76.92484729609481, 6.64689827066173], [-76.90935224610575, 6.670159881409746], [-76.89808311802437, 6.668218244139445], [-76.89610340742695, 6.659119181612786], [-76.91235988532895, 6.639855065386497], [-76.90902863764825, 6.629385437647111], [-76.87244204695645, 6.629918438174332], [-76.8579939600109, 6.618439917125231], [-76.86307648820832, 6.609036286846988], [-76.88970741637155, 6.605267221507612], [-76.89892728982409, 6.5866734179007365], [-76.89451679362287, 6.570152703941093], [-76.88298963415195, 6.559968933827645], [-76.86392214761935, 6.571496095094846], [-76.85128271843007, 6.5607200805139785], [-76.84110135580312, 6.521451173044733], [-76.81935671960548, 6.525476529735544], [-76.81998878013297, 6.487249712843742], [-76.80036517670749, 6.507960544530056], [-76.76743297233469, 6.476620882847867], [-76.77057386056674, 6.46485682666833], [-76.78228080990027, 6.47456502649479], [-76.78176684558741, 6.462648687786914], [-76.79583421992396, 6.443651069578436], [-76.78938112112382, 6.433010119503142], [-76.76876547140694, 6.440167539369552], [-76.76177937387627, 6.432153514111665], [-76.76924136239279, 6.421455459884872], [-76.79094204668354, 6.4243488818217935], [-76.79570097001675, 6.417572178157614], [-76.76507437001476, 6.389292349654784], [-76.76917436508722, 6.37978914823447], [-76.78737541056643, 6.377900221452034], [-76.77135614737728, 6.364238455654569], [-76.7901721925665, 6.346549907538755], [-76.79078719137823, 6.338657419944093], [-76.77766720984135, 6.328773505914799], [-76.79030397821867, 6.322272084900629], [-76.7833927463434, 6.29119481772877], [-76.74935693561173, 6.2801731550444275], [-76.75927453020313, 6.257425505914311], [-76.74777697383763, 6.244766772812889], [-76.72306865122204, 6.236981177635702], [-76.72674253818474, 6.223770408691022], [-76.71781356280917, 6.217016703713133], [-76.72144851226489, 6.199864288552422], [-76.71378104114984, 6.191420601446664], [-76.71995288170194, 6.1762560499993455], [-76.68768272005144, 6.1615688214535975], [-76.67848924271624, 6.173125061209714], [-76.6438886912581, 6.168326266121024], [-76.61803217436898, 6.1868974141983974], [-76.58351411257416, 6.193451433410962], [-76.55286367575712, 6.178513393241367], [-76.49896741789166, 6.174172849805563], [-76.48228665635969, 6.160549692731384], [-76.47476561973582, 6.16048747806021], [-76.46867794240978, 6.176573804131533], [-76.41987194275094, 6.165732955389979], [-76.40517388770024, 6.1855857686337625], [-76.38981234723173, 6.19149480414494], [-76.33278932266171, 6.196162548403959], [-76.32640514895331, 6.202591712472352], [-76.28518559230628, 6.193406707155681], [-76.26155036833984, 6.209162358615785], [-76.2376736419983, 6.20834531146774], [-76.22427739774866, 6.188250943746517], [-76.20946804583718, 6.184548608014537], [-76.21344725334023, 6.167252216155215], [-76.20120759273726, 6.1603023171662965], [-76.20578836473629, 6.147345670139929], [-76.19695652426986, 6.080175259052906], [-76.190906460333, 6.0577297405430155], [-76.1747414301015, 6.043577750229624], [-76.17265157967427, 6.0173911956361765], [-76.1438207259327, 5.997631204486349], [-76.13148236465588, 6.000111285180556], [-76.12199608301711, 6.020075873189281], [-76.10485258094718, 6.018401827187338], [-76.08584901768285, 5.98741951111836], [-76.06678196413856, 5.9781177453829635], [-76.06727946681076, 5.961372541356598], [-76.05100398772868, 5.9508322305210415], [-76.06104828440198, 5.924128042892241], [-76.0604902675708, 5.886344125432906], [-76.08157089014088, 5.882772820767625], [-76.09902440016407, 5.849198835190913], [-76.09927240904199, 5.831112900822872], [-76.08141588391845, 5.815699241857144], [-76.08588001856799, 5.793031374865961], [-76.07094438229154, 5.7806520791260105], [-76.08110587686349, 5.7670216088613255], [-76.06118167624317, 5.757955677127073], [-76.07094276981434, 5.743528400570432], [-76.06306159830604, 5.727421777947385], [-76.08695399038032, 5.688642278424835], [-76.00515047338558, 5.621918151624938], [-76.00191683402647, 5.600120348595491], [-76.01218392205095, 5.592364755376027], [-76.0069712386449, 5.573817706422038], [-76.0177379888932, 5.5639538014833185], [-76.03704395317095, 5.567172195521452], [-76.0747858420192, 5.546602500058557], [-76.08554814739989, 5.533459569243268], [-76.07557115884953, 5.499594101684174], [-76.08533526267763, 5.449751095917992], [-76.10244762103008, 5.447452227120579], [-76.1189862698692, 5.4215160592475105], [-76.14355522863889, 5.417145683635662], [-76.15247631769824, 5.4075667335153135], [-76.168127204852, 5.410631072647648], [-76.1779780689377, 5.401276988988384], [-76.18394643642421, 5.4144511057419535], [-76.19121719592226, 5.414584253241134], [-76.19702986817799, 5.3702473289712565], [-76.21142656785509, 5.348616176136256], [-76.17751769815737, 5.288370013523162], [-76.17361817397847, 5.260251416572558], [-76.1420230500895, 5.233378448842107], [-76.1424925935745, 5.2060423156703015], [-76.13248693257401, 5.183449257740625], [-76.11775993378183, 5.168214803833777], [-76.08544533333708, 5.159982083545651], [-76.06042059328354, 5.135854558157477], [-76.07651919933511, 5.048031074408039], [-76.09117746617352, 5.042889291490747], [-76.09681678859408, 5.031767693846387], [-76.08869594458037, 4.946136608685353], [-76.09968353593581, 4.917179197491763], [-76.13059655501121, 4.911196500966899], [-76.11414051620977, 4.890401920178217], [-76.14054478487316, 4.840181868728969], [-76.21266894786623, 4.828868903725471], [-76.2305646189061, 4.80209046399102], [-76.26065538688886, 4.794951712927744], [-76.27624370633322, 4.771023833778922], [-76.31210694333737, 4.750618884080519], [-76.2856898790609, 4.7124038207553145], [-76.29756760185921, 4.699288840144038], [-76.30012815729407, 4.655045802472625], [-76.32003061776885, 4.61968512476252], [-76.31936076239231, 4.607949755406144], [-76.34361093037319, 4.581747156888987], [-76.34461625287679, 4.561772771845968], [-76.3812725169575, 4.559631297893238], [-76.3849460329157, 4.54669871944743], [-76.40375935620744, 4.534967259562271], [-76.36524926165202, 4.4916274669507015], [-76.38296956523902, 4.492769429606091], [-76.41831526173434, 4.447818702183145], [-76.44879612343999, 4.440309685027616], [-76.48213354738067, 4.414071981219485], [-76.50199361542508, 4.41320372287286], [-76.53952799866721, 4.396297316938633], [-76.5551262157573, 4.39935729115357], [-76.56201886506778, 4.3697343535681945], [-76.5482750973921, 4.350908063983945], [-76.54925497329839, 4.337135041749845], [-76.52792248178656, 4.3235381765883885], [-76.52663543031736, 4.288619923999878], [-76.50896792974481, 4.267918619853106], [-76.50658846403581, 4.252838786791114], [-76.48710820579282, 4.23553212628164], [-76.45501005638494, 4.22946195623627], [-76.44487675635895, 4.175693045445361], [-76.45297589436314, 4.144916315281225], [-76.4944153210377, 4.069537959461387], [-76.5016693341289, 4.0625656555731], [-76.52441735516254, 4.067284282246997], [-76.541525500413, 4.043732605262599], [-76.53727312669247, 4.0162087806407065], [-76.5591335100084, 4.008843752760168], [-76.5592524838778, 3.9911048728972047], [-76.59027470763607, 3.9701061264412965], [-76.58940620494747, 3.9940553989856182], [-76.62457012809847, 4.014874452597053], [-76.68241933389368, 3.9648832130127944], [-76.70138915191751, 3.9787170683081334], [-76.74587361291367, 3.984216334280907], [-76.75947047088903, 3.993494898310674], [-76.76766947198797, 3.988654026998873], [-76.79419543282495, 4.01137998179759], [-76.81531883140633, 4.007013071888868], [-76.82554633693286, 4.021706828496992], [-76.82344577318901, 4.0326583156337374], [-76.867439713225, 4.032366970195381], [-76.89098450282137, 4.073358723784942], [-76.90118698395912, 4.073030275200772], [-76.90648324129592, 4.084813419697018], [-76.91333963816595, 4.081836840647937], [-76.91474525477071, 4.097745228286019], [-76.95443445734816, 4.120651838923862], [-76.9760875533488, 4.122228230790117], [-76.98593257119393, 4.114298678677306], [-76.9949983187737, 4.120390096590975], [-77.00475410778887, 4.098855974460375], [-77.01986844516892, 4.101192604869177], [-77.03557288722766, 4.091298805770596], [-77.05758766141963, 4.102477513854693], [-77.06798114699689, 4.096010139016903], [-77.0861886998772, 4.122609051197023], [-77.1048330193866, 4.107731262878185], [-77.12002587677159, 4.116570960016064], [-77.11632581377899, 4.133346161508554], [-77.15956531569879, 4.1837286698131635], [-77.2049549450494, 4.172733386178131], [-77.21379575969263, 4.156773923885615], [-77.22318273429426, 4.157202229276291], [-77.24988028606361, 4.187718815211725], [-77.25348516978107, 4.234153999044815], [-77.27911196481108, 4.2226612001612125], [-77.2869284943983, 4.1833644008784985], [-77.30545259766734, 4.1664821255087165], [-77.33496981064701, 4.192501530443979], [-77.352953079175, 4.197473053733137], [-77.38925175689383, 4.162066675094921], [-77.39032846318003, 4.148491849218179], [-77.43580591100454, 4.145785214127109], [-77.4433904432982, 4.1278500252687085], [-77.42890547419262, 4.09308015112716], [-77.44962159426592, 4.038513453083205], [-77.48532552570725, 4.094496144180004], [-77.5081132046974, 4.105510185551406], [-77.52549730902979, 4.126376370210109], [-77.52450159940571, 4.191107035889673], [-77.53133280120682, 4.200690344639244], [-77.51665858476781, 4.276227882054236], [-77.49907601368494, 4.292972770771635], [-77.48384297462525, 4.293163320663237], [-77.4887368627509, 4.27187598480246], [-77.50033103390052, 4.263474722466501], [-77.4853272684403, 4.258468693961472], [-77.45635584441442, 4.272853049877944], [-77.45160430434044, 4.282527421818804], [-77.42977843432521, 4.28295311490657], [-77.41410502369433, 4.29287246121383], [-77.41761578814953, 4.3022491527918465], [-77.45617247925418, 4.313062446588398], [-77.42610572235986, 4.319446047170997], [-77.37611111498728, 4.389085279459461], [-77.38680790169059, 4.368547115786456], [-77.36677248236293, 4.370114333151342], [-77.3700814167725, 4.3844563128071785], [-77.3656492603759, 4.393957122910293], [-77.36540420516098, 4.398238374795152], [-77.36713400424725, 4.399809607632636], [-77.36769618926468, 4.403153884488486], [-77.3673358136316, 4.404941343783741], [-77.36606729531974, 4.407636947554344], [-77.36626910380579, 4.400861903978169], [-77.33764093800164, 4.429340512743774], [-77.34437633979127, 4.432010890902793], [-77.35152257113214, 4.421826701275772], [-77.33992839459268, 4.512053443531728], [-77.32274215334246, 4.522620077720998], [-77.32477638004298, 4.533075874987269], [-77.33622896940443, 4.536033309125758], [-77.32581366283324, 4.569517852073263], [-77.32102692584004, 4.675355152484007], [-77.32100827500324, 4.689284735027201], [-77.33014828007856, 4.692657430109682], [-77.32819087287078, 4.739715627529824], [-77.32239332735816, 4.748496540665295], [-77.30447211899104, 4.7402536999491875], [-77.29988298187345, 4.747077724205292], [-77.31326980727977, 4.774641540058871], [-77.30834006107438, 4.778467325968819], [-77.30908237821274, 4.7819695429471665], [-77.3484300257756, 4.771717739769736], [-77.34694539239717, 4.7833473746380095], [-77.32960864908091, 4.797952988480252], [-77.34795576792828, 4.8084090318851285], [-77.36075648616207, 4.869868655920654], [-77.35297486962622, 4.880184787506852], [-77.36290406596873, 4.8924575241045005], [-77.3615167157215, 4.914452105050413], [-77.37617694807534, 4.947913469648459], [-77.36714503916096, 4.945543412003016], [-77.37637997467789, 4.97250510281148], [-77.38002250502228, 5.087808004728096], [-77.38290503308116, 5.1071268014492635], [-77.38953724441359, 5.108717179197286], [-77.3840893567259, 5.152097254993228], [-77.39718458875865, 5.169016161892914], [-77.38784527790568, 5.288284649248584], [-77.39289283825451, 5.3188257601091165], [-77.4033148642294, 5.3246451634464345], [-77.39751737441242, 5.3493982734020395], [-77.41328943091986, 5.403425954896568], [-77.4100813279897, 5.411211311121701], [-77.38742913122206, 5.391760926377929], [-77.39338455128006, 5.405635828426187], [-77.38078473333479, 5.408637133623168], [-77.39534955644456, 5.408467245897875], [-77.39682189367363, 5.4195890618330145], [-77.39101182114439, 5.41719368155787], [-77.38276106356909, 5.421265262895103], [-77.39319201431346, 5.425891804094121], [-77.38983395100183, 5.443588175643966], [-77.4025979909934, 5.441515577375577], [-77.39993645585702, 5.452195694926833], [-77.4076322553671, 5.453970991921768], [-77.42115511456194, 5.443987407037326], [-77.41974506836095, 5.4360934111700745], [-77.4282676419848, 5.437175012380146], [-77.42988862895231, 5.468352482210247], [-77.4540052469884, 5.488740117766097], [-77.47303663379421, 5.489874101578737], [-77.49252828537902, 5.468626105670548], [-77.5105092560147, 5.483044548187667], [-77.5393666639772, 5.48120772912314], [-77.50729016667987, 5.528689503198576], [-77.50801526040556, 5.568186326013389], [-77.49274758317927, 5.604555870981991], [-77.45810257765555, 5.597200450591075], [-77.41437971165914, 5.630252801134553], [-77.38928367495964, 5.6299996520925], [-77.37113252374769, 5.608308286932638], [-77.34185772313725, 5.617330939598658], [-77.32639501791408, 5.651525562716546], [-77.31707291071086, 5.653986286497569], [-77.31674741938298, 5.669115180189597], [-77.31114281238428, 5.66398801556859], [-77.2997827450792, 5.669388592545669], [-77.26413660859436, 5.716082525522758], [-77.25614070416657, 5.734994872881532], [-77.2558672900139, 5.783506284179692], [-77.24765185781695, 5.767036361006699], [-77.24335535611954, 5.767466012074776], [-77.24126894893749, 5.786967898173164], [-77.24860229590792, 5.810540070237088], [-77.25218596858798, 5.788696263546988], [-77.27288729609165, 5.823234279633972], [-77.27014339436124, 5.823634635718944], [-77.26760881732685, 5.830673137411594], [-77.27564096341536, 5.827208542805664], [-77.27651979314464, 5.846142445256857], [-77.29052248333932, 5.843320425068857], [-77.29450651210436, 5.873561939458572], [-77.30696636702697, 5.873601000034858], [-77.30388553481276, 5.889403679235908], [-77.31190951431046, 5.910082384447118], [-77.30676673156734, 5.919222216147099], [-77.32284172358618, 5.941724603449669], [-77.33429870122131, 5.998989231004368], [-77.34914939183852, 6.015290729808822], [-77.35153409203485, 6.0459489244818405], [-77.36372217312976, 6.0591500643773095], [-77.35258892971638, 5.998878073382514], [-77.36359358188929, 5.998975007967144], [-77.37304796073363, 6.044129064725116], [-77.43177337766707, 6.102297910215919], [-77.47083720408637, 6.16037145066732], [-77.4755369778025, 6.183671886632862], [-77.48181378657921, 6.1842149689605295], [-77.4680208199328, 6.2489122918451105], [-77.47444500463587, 6.297075109822852], [-77.45904242100761, 6.272806826402344], [-77.4340617622185, 6.270134381218228], [-77.40918444210877, 6.227140990036021], [-77.39904275091305, 6.228867871391833], [-77.39497202028093, 6.2460344035884425], [-77.40067209132098, 6.250546186715174], [-77.38100962944031, 6.2774312179311735], [-77.37887442303827, 6.335137480987691], [-77.36996388829357, 6.34839084448384]]]}}, {"type": "Feature", "properties": {"dpto_ccdgo": "41", "dpto_cnmbr": "HUILA", "dpto_ano_c": 1905, "dpto_act_a": "Ley 46 de 1905", "dpto_narea": 18141.6605489, "dpto_nano": 2024, "shape_Leng": 10.3355645769, "shape_Area": 1.47421917702}, "geometry": {"type": "Polygon", "coordinates": [[[-74.53474407935408, 3.843206594684656], [-74.49020481479369, 3.8176130094996434], [-74.47702002963888, 3.824337630598775], [-74.45023019296849, 3.8189938325827972], [-74.44530024643865, 3.8008048505897336], [-74.46344641199676, 3.7409007478448015], [-74.44212449276591, 3.7302300158991044], [-74.41779340268317, 3.7419631834830063], [-74.41303179158848, 3.7247281367250493], [-74.42447801009291, 3.7083972575975084], [-74.43898561227013, 3.707259998524711], [-74.46104511541233, 3.6672012017966824], [-74.48242534343638, 3.667539121326398], [-74.50286305202508, 3.6462775958809255], [-74.5141975002561, 3.600930113721875], [-74.52471750016718, 3.5951959129622266], [-74.52409939857205, 3.579742184611374], [-74.53739291499716, 3.559792482597118], [-74.56648146415802, 3.522414665953504], [-74.59066507141489, 3.527326598552505], [-74.63053112636157, 3.4713014395667803], [-74.61551352593659, 3.4595368399060757], [-74.61749529637262, 3.4294005569476043], [-74.60566752623208, 3.4141415511661424], [-74.62397658432883, 3.3930493250489886], [-74.62214293991298, 3.378283173154411], [-74.63984328022349, 3.368367132649962], [-74.61786774806768, 3.3305144724570317], [-74.62606169793577, 3.29978716045268], [-74.61632758887896, 3.287795270674258], [-74.63553077233155, 3.2784846385599726], [-74.65657649173176, 3.2475902011520246], [-74.67325823602147, 3.1863481555398687], [-74.7130224021708, 3.169957559957917], [-74.72720883212344, 3.1379646132361354], [-74.74887156795307, 3.122510943275808], [-74.74900954659574, 3.1102307964694114], [-74.76432523881226, 3.105125564233559], [-74.79026216755977, 3.0736663079457043], [-74.78777999289093, 3.0604188580638114], [-74.8159630053878, 3.0530283126190056], [-74.84960421105353, 2.9947103888930924], [-74.86292699102063, 2.9935768039327013], [-74.86904829590782, 2.9736313832925014], [-74.90101355203996, 2.962735494729664], [-74.9110339436262, 2.9316013812230066], [-74.95579305395955, 2.879709918532685], [-74.98895538173878, 2.8580048082397216], [-75.02027666387659, 2.8149552965620854], [-75.02648572615215, 2.7931545829887927], [-75.07034433488269, 2.7421463212334323], [-75.07471860469457, 2.745459186673688], [-75.08785963018204, 2.730334188079851], [-75.09628292192156, 2.7375677501087288], [-75.11418915715763, 2.724775368247808], [-75.12282660293994, 2.7294748041970167], [-75.1470971043035, 2.72200329892099], [-75.15409344622987, 2.704123760738775], [-75.13333209414935, 2.6914888905035768], [-75.15552010678527, 2.6450468381463876], [-75.13269170084266, 2.5951513877938255], [-75.1541315384215, 2.581194712938409], [-75.1575563511035, 2.563633337622122], [-75.18139363328783, 2.5310790134689922], [-75.17263145363393, 2.523832734878831], [-75.18055808801665, 2.5077083381754566], [-75.22710328322188, 2.5116703581983626], [-75.23109796781131, 2.4809133218158976], [-75.25334452639589, 2.4529634322034055], [-75.25058991943371, 2.4444540979610196], [-75.27053535624424, 2.422461940671733], [-75.27954463837523, 2.4227124729193292], [-75.28982344762687, 2.3891733761394343], [-75.31014718686458, 2.3616131652279595], [-75.32962409977881, 2.3653083845005822], [-75.34808738615635, 2.323784419105277], [-75.371772092063, 2.3260503241970603], [-75.3885568722996, 2.3126244067737867], [-75.41040519572329, 2.245648226877359], [-75.43965742614421, 2.2207114112997477], [-75.42627104989583, 2.1881266548955223], [-75.44236401182798, 2.1470153102935354], [-75.48662728676368, 2.135240575831703], [-75.50137201292381, 2.1229883361101756], [-75.53498428113625, 2.117660721256949], [-75.54099361093404, 2.0897496442855554], [-75.55414013321712, 2.0803269822845962], [-75.56982975755346, 2.041384450086165], [-75.58436028834825, 2.0311655109012734], [-75.58805904698602, 2.0111183730420614], [-75.61613604921178, 1.9970074178035766], [-75.62392716633764, 1.9748044095794093], [-75.64103852576278, 1.9580310667026781], [-75.64737902783884, 1.9357744613526944], [-75.6412686877967, 1.9225439330492937], [-75.65175862286793, 1.9010538373858534], [-75.6896216819681, 1.879438003533627], [-75.7019735027136, 1.8662078156920077], [-75.70791263181093, 1.8396815916493285], [-75.73066979770152, 1.8233489679920902], [-75.7371492432116, 1.7824643978744057], [-75.77364823192369, 1.7621602868419022], [-75.78672043293079, 1.7631339832324049], [-75.79940296422012, 1.7499874609497548], [-75.81644967633429, 1.7536195402856944], [-75.8303202502965, 1.7474009873017589], [-75.84402044695122, 1.7226488439341723], [-75.90695680637299, 1.7151762319328736], [-75.93370260579644, 1.692964438178215], [-75.95265118673171, 1.6638002562010104], [-75.97999357308208, 1.6575898662145971], [-75.98342951500098, 1.621334016610597], [-76.0060270968508, 1.6147510015541495], [-76.03437752939891, 1.5827672571814562], [-76.07457936857816, 1.5848320562703264], [-76.11981589613629, 1.5521251711110118], [-76.12437813407956, 1.5660689165042485], [-76.1653501588545, 1.5874089242253377], [-76.19068982783637, 1.5718747669480728], [-76.20239677806819, 1.5786514733071353], [-76.20066690711667, 1.5920240415398301], [-76.2119337687468, 1.606548462887038], [-76.21155502614477, 1.6407185206555563], [-76.24225436458988, 1.6830912895678707], [-76.25322524906437, 1.6740456013846632], [-76.27233599669887, 1.6745025073601572], [-76.30368110666859, 1.6901972062830666], [-76.31722614708212, 1.6837153056755896], [-76.32559910078629, 1.6630916690317974], [-76.3813756660922, 1.6671885972532614], [-76.37190640574505, 1.7425218971357352], [-76.38262631689878, 1.746755556238962], [-76.41949161372281, 1.717774115092365], [-76.4305097657886, 1.741010565805851], [-76.4209403827333, 1.7561482836559226], [-76.4351262126109, 1.7918003247706407], [-76.48877941491287, 1.8258071198944408], [-76.51270946708883, 1.8336382596927938], [-76.53044834785072, 1.8235374499602546], [-76.54542717156721, 1.8399790941455851], [-76.55730732161538, 1.8391550509124794], [-76.59030684039936, 1.8681582456793482], [-76.59205402459514, 1.8814094586069339], [-76.57872337268492, 1.8987324091787732], [-76.59503823394039, 1.919972465770108], [-76.61928494160804, 1.9265397791612087], [-76.61046455377232, 1.9467271953519893], [-76.62425897209732, 1.9738477066326658], [-76.61067955582541, 1.995010535895827], [-76.59234818715248, 2.0055182360639687], [-76.57923259927918, 2.0017491707245383], [-76.57251299796968, 2.0197378947249884], [-76.57384549794028, 2.029883917600118], [-76.586062540743, 2.0346440922873272], [-76.57727863082505, 2.0565387445613434], [-76.59026540018397, 2.107948136750116], [-76.55338511495745, 2.1396918025784974], [-76.51340118927351, 2.1353069326380143], [-76.50322899216474, 2.126205497658787], [-76.48741747533035, 2.1290608489636536], [-76.4674299991276, 2.100007627877041], [-76.43091717275587, 2.120387713985214], [-76.42431416837155, 2.131666358825977], [-76.43745834874483, 2.1611116481341464], [-76.43426272881379, 2.1872880993674486], [-76.4047317805825, 2.2005414610669387], [-76.38509288422546, 2.268510682588911], [-76.37376724937269, 2.279089391941858], [-76.35574312004314, 2.2707031970601244], [-76.29906426728223, 2.2824868122739326], [-76.24976430880781, 2.246863760714848], [-76.2092697048509, 2.198403317171581], [-76.14783691441056, 2.201315807662295], [-76.13630360596659, 2.220884158364854], [-76.12113532920233, 2.224808971935687], [-76.14645181174996, 2.2940190975355894], [-76.1202152901248, 2.3905326144857586], [-76.08924786903242, 2.4159180185309843], [-76.03253500692603, 2.402631165814437], [-76.02189805794984, 2.4436028815672466], [-75.98920865671369, 2.478794325526091], [-75.97721133571633, 2.504040835544691], [-75.95269055902367, 2.4870979139633844], [-75.92399552976298, 2.481229635049157], [-75.91573586987613, 2.4711630610377164], [-75.91763206942494, 2.457024686499903], [-75.88858416007992, 2.4342247149543477], [-75.8874972659919, 2.4251072225766683], [-75.87280023861473, 2.4317285238610546], [-75.8742426286833, 2.426147699778597], [-75.86153302484468, 2.4279047133479756], [-75.85324383012437, 2.4547917702665565], [-75.84613570804316, 2.4511310957357546], [-75.84873920028787, 2.458585267106186], [-75.83642281990524, 2.4608822898642284], [-75.84283331157746, 2.466629588969493], [-75.814115640262, 2.483622896196883], [-75.8226828170719, 2.494739352778789], [-75.81932678575106, 2.5197224963091567], [-75.83750830094215, 2.540845275051806], [-75.83755865155393, 2.5671196121863677], [-75.79101917413004, 2.6303960569756573], [-75.78908913681414, 2.658198718883961], [-75.78064276374334, 2.659649522580147], [-75.77150211816871, 2.677189467669962], [-75.75807901427072, 2.680641213662168], [-75.7524393693547, 2.697431221198958], [-75.75102595177378, 2.742181797528895], [-75.78018452197193, 2.761819627584205], [-75.78981214824336, 2.758443699462367], [-75.80580667091158, 2.768290347750757], [-75.81180211274403, 2.7790437526161975], [-75.80555201090203, 2.819133006748188], [-75.82221768881004, 2.8355137082777158], [-75.845602568277, 2.842984695225384], [-75.87917940690636, 2.833765852141629], [-75.8952415296502, 2.8553876139811796], [-76.02899347335119, 2.9404902611619246], [-75.98858766613426, 2.9825432942570043], [-75.98153408171572, 2.9561020742641486], [-75.95895498990416, 2.9367819291706514], [-75.95340013613708, 2.917754834519318], [-75.92740629996928, 2.921416324721059], [-75.9273651292487, 2.9137352081862353], [-75.90855786869162, 2.9094712147483444], [-75.90154201624, 2.8948595471545793], [-75.8843685445517, 2.8975711481365223], [-75.86006847960863, 2.873008061659331], [-75.84013335636405, 2.871896852852192], [-75.80117136843643, 2.886228674350735], [-75.78081099677053, 2.9117441285015686], [-75.76295009594975, 2.914932280731573], [-75.76149996958384, 2.942320915083707], [-75.70271245655687, 2.969973676797735], [-75.6932148812894, 2.993391953856158], [-75.6607963250222, 2.9866385911366415], [-75.63291843902948, 2.9958641706920726], [-75.60152390730667, 3.0391529218867954], [-75.60197547009864, 3.0541146371745858], [-75.61702675198364, 3.06151164690136], [-75.62214259512825, 3.0754314899024866], [-75.60165296117987, 3.1139024780662163], [-75.58254868681047, 3.1237974620435773], [-75.5766991377846, 3.1429505787515994], [-75.58850585768636, 3.1558209299497353], [-75.57254987007957, 3.200657080760144], [-75.57592420458889, 3.2284056721301164], [-75.52194690334886, 3.3012280620115946], [-75.52747635363778, 3.3182822849452718], [-75.51125371170622, 3.3287295329381625], [-75.49854056580762, 3.321400439494271], [-75.49042422774698, 3.3259118938372954], [-75.47880442584528, 3.361144245310152], [-75.44486950498356, 3.35684122902517], [-75.44060789208294, 3.3451628344627493], [-75.42609555937366, 3.3525010889332707], [-75.41496682011672, 3.371225067511695], [-75.37535294403085, 3.37494521146001], [-75.3734351651351, 3.3957855470758562], [-75.36166665959604, 3.4088238447383756], [-75.34138087870087, 3.405367666455042], [-75.34028960891561, 3.397965141068031], [-75.32177286914288, 3.4080449526640795], [-75.31850674937215, 3.4194992820632533], [-75.30830257760368, 3.403914847836103], [-75.25931957915009, 3.376758074233428], [-75.25235370720412, 3.365705478935964], [-75.24599767593935, 3.3951161381623285], [-75.22726536727606, 3.4157698630021907], [-75.20044408505413, 3.4094309769968434], [-75.19988382333122, 3.3845546279675274], [-75.17489824716034, 3.3773098307004266], [-75.17416142412259, 3.4086903810319313], [-75.15159861518686, 3.418679097097378], [-75.14742834934532, 3.435821367575522], [-75.03696097375678, 3.429534273979129], [-75.04273437523022, 3.408442885092494], [-75.02765311564195, 3.391391070543989], [-75.05688354213692, 3.377985855711224], [-75.05789591372616, 3.3146563231413273], [-75.07060673478293, 3.2952961984942326], [-75.01354703017398, 3.2877233470037273], [-75.00062715571266, 3.2762122880508473], [-74.98003886690447, 3.2852739905133665], [-74.95908176368272, 3.2770767456224714], [-74.90537398688713, 3.291358759092058], [-74.8754825381568, 3.32613157252351], [-74.84849373617055, 3.340828073487053], [-74.82567470325705, 3.3888812879295878], [-74.81532405208162, 3.393473648204847], [-74.81634721963258, 3.4064298137337996], [-74.7645052029481, 3.440883009027424], [-74.76171134766156, 3.454611145105989], [-74.78082763071927, 3.4790074771840698], [-74.78071953455833, 3.5097149265233587], [-74.76923646084344, 3.530120045105212], [-74.74757577676752, 3.527733624633778], [-74.72862579715428, 3.55158116648435], [-74.7383543932458, 3.590761642828234], [-74.72021935063634, 3.614109924900542], [-74.70098438835697, 3.6157160609078436], [-74.69739139834331, 3.64163136269683], [-74.67538138792116, 3.671716674307194], [-74.64727103122232, 3.6830934718490744], [-74.59077682641686, 3.7294592284317436], [-74.5576029615653, 3.767068510565799], [-74.53454143812911, 3.8210187671025775], [-74.53474407935408, 3.843206594684656]]]}}, {"type": "Feature", "properties": {"dpto_ccdgo": "44", "dpto_cnmbr": "LA GUAJIRA", "dpto_ano_c": 1964, "dpto_act_a": "Acto Legislativo No. 1 de Diciembre 28 de 1964", "dpto_narea": 20620.2390227, "dpto_nano": 2024, "shape_Leng": 10.792601097, "shape_Area": 1.7069764544}, "geometry": {"type": "Polygon", "coordinates": [[[-72.51479962316728, 11.776910147346651], [-72.44641381927624, 11.779158714939665], [-72.41226663622518, 11.792394058216852], [-72.38087447156505, 11.8183040608398], [-72.29722994216661, 11.856841577388277], [-72.24876724295035, 11.890977583590614], [-72.25186571180257, 11.880453078625056], [-72.2453599896512, 11.878016574341705], [-72.22672197093016, 11.89122896834005], [-72.22550693206477, 11.899994788868437], [-72.24669193805573, 11.892342881976647], [-72.21471793142746, 11.93038451461839], [-72.13875449610623, 12.104636047026537], [-72.14825300831728, 12.199486220511853], [-72.18003398929505, 12.206940745818835], [-72.17870306586906, 12.216813333880046], [-72.14315181760497, 12.239441133282744], [-72.08367905386189, 12.230905972455407], [-71.9612140213058, 12.257721699490403], [-71.95682425015303, 12.248627828331843], [-71.96425539768467, 12.228179393850768], [-71.98858765827322, 12.21010801489679], [-71.98789046714074, 12.198371263930342], [-71.99574172113296, 12.20018057476236], [-72.00085124192958, 12.186319566967589], [-71.9824349752081, 12.181118286784995], [-71.97887709497707, 12.172291352920826], [-71.98651425780855, 12.147562364546404], [-71.97301944044597, 12.156619335578545], [-71.96582535671007, 12.146915921979751], [-71.97040427907643, 12.162355718347815], [-71.96083940197423, 12.179749258590926], [-71.9631501788486, 12.149461653403842], [-71.9468908209455, 12.157131294850112], [-71.94715238092027, 12.151507750451934], [-71.93861001559827, 12.153100338057326], [-71.94458538725468, 12.160640001263255], [-71.92996369086057, 12.151122094409997], [-71.91779224657802, 12.166351291371681], [-71.92491976330166, 12.183875827647183], [-71.91463552283147, 12.182102868968798], [-71.88758204299154, 12.19773851619117], [-71.86854985668447, 12.190906755637657], [-71.86154412106771, 12.217268096473534], [-71.87985078784726, 12.235934734643463], [-71.8702630521961, 12.247576572236289], [-71.89026689930961, 12.25144747696564], [-71.89120704808909, 12.27527661950796], [-71.93993271224639, 12.275829772856335], [-71.94406074825275, 12.259358497717715], [-71.95572449128161, 12.272877987328867], [-71.85748509728973, 12.357886908709945], [-71.84092404894113, 12.351462363782433], [-71.8226972882681, 12.371996351184405], [-71.80833733061371, 12.370700305775445], [-71.83975418099749, 12.339488130404968], [-71.82680244236934, 12.315994960741563], [-71.80423959211106, 12.305376120019625], [-71.7937526663984, 12.32860540037483], [-71.76102297029979, 12.330425660780568], [-71.74333953809304, 12.345454615919262], [-71.73837047259627, 12.371909142667098], [-71.76189144424228, 12.380974889348312], [-71.73448005374831, 12.393752596319104], [-71.72791274215365, 12.409849650978456], [-71.71913253060268, 12.412705000486682], [-71.71130758828616, 12.400377317492483], [-71.72572476058491, 12.387112032444747], [-71.72217620397561, 12.370391084746975], [-71.71851617443554, 12.376912254340107], [-71.7100070701618, 12.36897909369194], [-71.70287624494028, 12.376673234910443], [-71.69351333712268, 12.368317360888616], [-71.69992012683468, 12.360657457187807], [-71.6853785027356, 12.372708707687572], [-71.70017130227649, 12.381583617016016], [-71.68965494144351, 12.388761272348642], [-71.69572542679794, 12.3923235363617], [-71.67456230198809, 12.389264630244494], [-71.64800367209318, 12.408367096303254], [-71.64022149231317, 12.402233356926164], [-71.62745836680733, 12.407695090358187], [-71.63473946412591, 12.415650906535914], [-71.67717726033823, 12.405261891877757], [-71.64883964496278, 12.424276968857697], [-71.65802995842904, 12.42519883600823], [-71.64744618706504, 12.429811594344896], [-71.65177032635256, 12.43327752923833], [-71.66804726879138, 12.425684321008916], [-71.6718030902581, 12.432100998484959], [-71.70010457626233, 12.417664090184125], [-71.68488779672225, 12.442943131818412], [-71.71186051436058, 12.417499818730448], [-71.73535172839075, 12.408994485587558], [-71.71971556194126, 12.437257390715368], [-71.67073859567961, 12.459383327918367], [-71.6107163841416, 12.436981875401546], [-71.57666509273031, 12.435937443812596], [-71.57418030935179, 12.444168294705094], [-71.55679781210671, 12.434903130855037], [-71.52605305210966, 12.43734291848339], [-71.46037446362186, 12.407352483415618], [-71.43661778912889, 12.380660319746395], [-71.40258227484145, 12.383999925359076], [-71.3527104609779, 12.368314063170596], [-71.32379284787709, 12.34809694775445], [-71.3120639796332, 12.356834931266622], [-71.2741565446209, 12.337736940618187], [-71.22282136501013, 12.292434683279726], [-71.21962075762872, 12.260323782277164], [-71.11486134029468, 12.085059263831596], [-71.11614078392569, 12.034736333640701], [-71.13613016815162, 12.002713540369713], [-71.21900880500652, 11.964230358464507], [-71.28219976694567, 11.906109152467721], [-71.29011480406882, 11.916274543035847], [-71.31093704221115, 11.928871350723808], [-71.31287700232559, 11.92137017317197], [-71.30392731986797, 11.922456548931601], [-71.31196518822941, 11.914998958570411], [-71.3270435229008, 11.921154156021789], [-71.3324210338181, 11.90709774832736], [-71.32629156503509, 11.901585161226569], [-71.30042902403886, 11.916590148396077], [-71.29005679621145, 11.914025497538724], [-71.32219562406277, 11.859419117283608], [-71.32412493643761, 11.833120769060594], [-71.33321754007255, 11.850431899590532], [-71.34130499368052, 11.849152424518502], [-71.34661059979192, 11.84099878658116], [-71.33815837868394, 11.841733765376116], [-71.34523252016584, 11.837415780451675], [-71.36521467384625, 11.8401030361717], [-71.36241257920534, 11.827011281520537], [-71.38818636568243, 11.828325189044875], [-71.38743055673604, 11.81524968762514], [-71.37840944378337, 11.812129722969427], [-71.45713524661875, 11.786500263534931], [-71.61100662105804, 11.7463008075892], [-71.80219021081962, 11.680047961617301], [-71.97136323589802, 11.646266878269923], [-72.24941648287302, 11.140186008762724], [-72.33144020586548, 11.144273934959573], [-72.34931359597363, 11.151372836725162], [-72.43789416877263, 11.115286980847563], [-72.44358856155725, 11.127657617719638], [-72.49826049462746, 11.085079118273518], [-72.48187019638755, 11.0585608443274], [-72.50504374791382, 11.037926109887731], [-72.50876451978513, 11.022737016447259], [-72.5260553322043, 11.011802875792451], [-72.5188830586826, 11.000663658578041], [-72.53500489428762, 10.987450094972305], [-72.55377450462447, 10.940203575484164], [-72.57475301561482, 10.91572656923931], [-72.60390858274258, 10.897485769684376], [-72.61251726444658, 10.882642600667474], [-72.64797635537059, 10.88042812865823], [-72.66187032776969, 10.831174596054565], [-72.67554749339877, 10.820293708470562], [-72.68261488044266, 10.796142781950552], [-72.67994478165986, 10.763989906234569], [-72.71135835678353, 10.752109422013223], [-72.71774293832738, 10.739052726838954], [-72.71593345412037, 10.706062013349406], [-72.72970495281095, 10.696344872583833], [-72.73843757517352, 10.654632918395718], [-72.7497638074064, 10.651539620250453], [-72.75014256977136, 10.634127550443202], [-72.7896888053574, 10.604073122936871], [-72.7928199118266, 10.58852100023786], [-72.81982039281917, 10.57015005625414], [-72.82601958260187, 10.548050911325852], [-72.84300298499761, 10.538949474550009], [-72.83443692928608, 10.518486108260394], [-72.84377631380096, 10.507481103049605], [-72.84466702465772, 10.485173654810591], [-72.86272713423801, 10.463383743487205], [-72.89126876885513, 10.451343668936852], [-72.90103120361209, 10.434346366898168], [-72.94251020020812, 10.42698200646638], [-72.97793480567918, 10.402506530053694], [-73.01045201231454, 10.404489638082161], [-73.01617852618438, 10.411821653747996], [-73.03685685590017, 10.403462344565831], [-73.08446821565332, 10.426336160381593], [-73.14226030382235, 10.396806626998853], [-73.1423307569496, 10.436776225439722], [-73.16868715704828, 10.461867068973715], [-73.1778890785539, 10.456581857330585], [-73.18167432705616, 10.466279091413663], [-73.17069483581605, 10.473030832672787], [-73.17493402135943, 10.481165229579767], [-73.16398689464825, 10.484477637777188], [-73.16801456719782, 10.4922001379335], [-73.16052070373462, 10.488031342635427], [-73.15605527191678, 10.497666671067943], [-73.14487502681368, 10.49949002078235], [-73.14948462038319, 10.508085020235093], [-73.13950016503026, 10.514164753752619], [-73.1375512720615, 10.53033508943797], [-73.12337805274393, 10.527140933762121], [-73.09538140308774, 10.5577511556658], [-73.10166392156094, 10.570321116281836], [-73.08507654267214, 10.591030649003232], [-73.08939742017424, 10.608232692529702], [-73.08219369211776, 10.629399481569813], [-73.10409213169277, 10.673862336268202], [-73.14614414430224, 10.69150836708778], [-73.15741840985288, 10.71554287544743], [-73.20762661431235, 10.707460894380796], [-73.21510317620937, 10.730510306719987], [-73.23705809201294, 10.74044109757313], [-73.27782523606112, 10.72642766082457], [-73.27505744271832, 10.741459939732497], [-73.25243582013576, 10.770733100915308], [-73.25931388169272, 10.785097026431059], [-73.25220276013442, 10.813161966967014], [-73.2649994853536, 10.844982150454015], [-73.28947110170321, 10.862269233962959], [-73.31231864896318, 10.846152619371031], [-73.3375480128251, 10.86256445383823], [-73.37359256593072, 10.85809508470145], [-73.39316084207371, 10.867486396372422], [-73.47940666284262, 10.867173370077342], [-73.51979317423189, 10.847671654658956], [-73.56187281904153, 10.847074522454225], [-73.59944651169349, 10.836634394513917], [-73.6146124330732, 10.880937615764156], [-73.63604720684481, 10.907923633868325], [-73.64260460731907, 10.967151699026145], [-73.66492907325704, 10.98970615631736], [-73.64860841696503, 11.015930544387444], [-73.65303670521291, 11.030564072501127], [-73.63545193595075, 11.041631613081899], [-73.65002809940171, 11.060798148834392], [-73.6408846456913, 11.077925872881531], [-73.65087230713414, 11.08853369665608], [-73.6374031411849, 11.108752676077918], [-73.6533359720018, 11.137620067923553], [-73.63426341088211, 11.146339217342454], [-73.62746695055398, 11.141701582839127], [-73.61675184089921, 11.153586189432636], [-73.61978288394914, 11.161706078536179], [-73.60863867209741, 11.16305255360872], [-73.61044780236796, 11.171355866263035], [-73.58392597288628, 11.189353357827686], [-73.5819696939634, 11.216462330239384], [-73.57259968226282, 11.225245793694016], [-73.57812633699234, 11.229682975270187], [-73.56806000822081, 11.232674966726867], [-73.56545145576212, 11.255228692788839], [-73.57489592977424, 11.259700987740805], [-73.53194838684266, 11.251133315959093], [-73.48454498095526, 11.2632079109967], [-73.4368497382506, 11.25735059962251], [-73.36056236299322, 11.262329879870352], [-73.2756061979116, 11.28630136866767], [-73.19907331378971, 11.3417800523863], [-73.18914337364151, 11.36587970931732], [-73.15963557321692, 11.385038259040519], [-73.14310667380136, 11.407525174646642], [-73.09393512870082, 11.426246143866521], [-73.02921531737138, 11.491763482833656], [-72.88377710177457, 11.563181368225834], [-72.83199049142434, 11.63115485854561], [-72.77736111517635, 11.674042748801899], [-72.72296680217437, 11.70011431804902], [-72.6239866020116, 11.72145106488309], [-72.59246295173688, 11.746791616010565], [-72.5614461169763, 11.745068458174543], [-72.51479962316728, 11.776910147346651]]]}}, {"type": "Feature", "properties": {"dpto_ccdgo": "47", "dpto_cnmbr": "MAGDALENA", "dpto_ano_c": 1964, "dpto_act_a": "1964", "dpto_narea": 23135.9611023, "dpto_nano": 2024, "shape_Leng": 10.8134897685, "shape_Area": 1.90926812959}, "geometry": {"type": "Polygon", "coordinates": [[[-74.04346764705616, 11.348789520505889], [-74.03572361157012, 11.338686519780577], [-74.03047990841429, 11.346629380444957], [-73.97515601082898, 11.338699550752477], [-73.94710771788431, 11.314313852040794], [-73.89466347644168, 11.29881599391638], [-73.85799646131505, 11.274194199793625], [-73.79068639442721, 11.256427906021235], [-73.76094807264224, 11.265112030997617], [-73.71522416463665, 11.253891887189697], [-73.69854795127856, 11.260801538926918], [-73.66051740295683, 11.252124712768016], [-73.59304127786481, 11.263474104485395], [-73.56534437469827, 11.25458061169386], [-73.59100284614709, 11.178636556644241], [-73.61028807010501, 11.171524831417809], [-73.60820621828344, 11.163546876242236], [-73.61978288394914, 11.161706078536179], [-73.61675184089921, 11.153586189432636], [-73.62746695055398, 11.141701582839127], [-73.63426341088211, 11.146339217342454], [-73.65334873258058, 11.137587606376568], [-73.6374031411849, 11.108752676077918], [-73.65087230713414, 11.08853369665608], [-73.6408846456913, 11.077925872881531], [-73.65002809940171, 11.060798148834392], [-73.63545193595075, 11.041631613081899], [-73.65303670521291, 11.030564072501127], [-73.6486342246854, 11.015841959650105], [-73.66494127508327, 10.989868581731608], [-73.64260460731907, 10.967151699026145], [-73.63604720684481, 10.907923633868325], [-73.6146124330732, 10.880937615764156], [-73.59859493327832, 10.835955299957314], [-73.63521681161927, 10.807864939773529], [-73.6386621193808, 10.78779308924115], [-73.58899432206397, 10.781709464218741], [-73.57373832294564, 10.76650663462835], [-73.541907340801, 10.75471829247569], [-73.56231565828682, 10.740852487673509], [-73.56313152774266, 10.715958864925783], [-73.58291392199584, 10.716716506436786], [-73.59378546978871, 10.705264795628699], [-73.59668608813519, 10.685801986276303], [-73.61165902428866, 10.672737199071479], [-73.61688144005024, 10.644687932353168], [-73.59850005404076, 10.639577566241352], [-73.59535931223417, 10.630943145089205], [-73.6012007440766, 10.613959713049578], [-73.59594421925652, 10.585117931294747], [-73.61342951708968, 10.564226379090506], [-73.5978352993024, 10.562299133740815], [-73.59045716229627, 10.549091741565944], [-73.57047412826614, 10.541776798395663], [-73.56194938610747, 10.50567744442191], [-73.59235596426652, 10.49383911637378], [-73.6014704239297, 10.500620497569388], [-73.62945601262095, 10.494608239261595], [-73.63983595069459, 10.500767710900485], [-73.65321603783264, 10.476852575262438], [-73.64391931075136, 10.468626180915637], [-73.6522632748999, 10.460454997070173], [-73.66162305118792, 10.454824282313702], [-73.7033199972119, 10.463598682658176], [-73.70417396155432, 10.430109516976522], [-73.74071798284751, 10.435749347843732], [-73.7790307056996, 10.396173316015522], [-73.80648186374458, 10.396357014451002], [-73.81765529242585, 10.38507768150017], [-73.82952156618683, 10.402359608675228], [-73.84252259182063, 10.401007149919774], [-73.85651938457079, 10.387941264972875], [-73.86740859864608, 10.394566069689642], [-73.88401153636806, 10.387523652237522], [-73.88393194018056, 10.39366070460402], [-73.92185145394978, 10.375068848546203], [-73.9329777452956, 10.365645659233671], [-73.93288132814098, 10.355225292448754], [-73.96132195880205, 10.33677742386934], [-73.9555217219347, 10.326074458548948], [-73.96329146632633, 10.315779514643904], [-73.95772583186897, 10.309739890935832], [-73.96509243719265, 10.288102542415345], [-74.00066950844848, 10.26565589292564], [-74.0123213838246, 10.252252861000756], [-74.01037084783593, 10.236252127376199], [-74.04080554957397, 10.219901316413196], [-74.03893200016478, 10.201534208238797], [-74.06572920482301, 10.166521606419058], [-74.06041322765338, 10.140368836592033], [-74.0744136963126, 10.120145099688688], [-74.06737619714033, 10.097778624901961], [-74.08437106474321, 10.073056473610617], [-74.0617803487226, 10.041601334304918], [-74.05109341744418, 10.010254520230728], [-74.03709107759272, 10.006383007341428], [-74.03198965691149, 9.991143486033968], [-74.01175835259352, 9.976095316814321], [-74.00183122237775, 9.940197452424481], [-73.95266612359285, 9.92693513092118], [-73.95013690231843, 9.913524204595262], [-73.9369812800943, 9.90672993436173], [-73.92285014059308, 9.876933457396479], [-73.90437368041142, 9.861254771854556], [-73.8949634367305, 9.832090918660942], [-73.88628822215026, 9.833424708613261], [-73.87440365598059, 9.812731380614192], [-73.8669616262489, 9.815953120879456], [-73.84179211718208, 9.79734287180152], [-73.82743345669599, 9.752937203899746], [-73.83901967415568, 9.731024289759693], [-73.8090914420801, 9.692074682424385], [-73.8151242053491, 9.689603394447216], [-73.80936348180938, 9.689131261117241], [-73.81465846892735, 9.685530724350969], [-73.8032641479349, 9.636416578949442], [-73.86789294907368, 9.600995157111397], [-73.87938423788847, 9.600862280005334], [-73.88226845657806, 9.614031893500773], [-73.89339731620936, 9.616429466565318], [-73.90979166315947, 9.60175998155718], [-73.91870684758777, 9.60561133084555], [-73.98926109557294, 9.579814429800214], [-74.00396235761173, 9.595359782789835], [-74.03673941831977, 9.591322590785756], [-74.05367238027213, 9.566776666635667], [-74.06591440524284, 9.567804770432987], [-74.09523541612663, 9.536123454921448], [-74.10359608805442, 9.517950220407853], [-74.13915998999767, 9.493779959432603], [-74.12078672656145, 9.480133966267433], [-74.09741047002984, 9.47670304683333], [-74.04925800514246, 9.42444318744626], [-74.03401152278383, 9.424034754602122], [-74.0083472670783, 9.398881721549836], [-73.97809479323246, 9.389381325570405], [-73.99169077175645, 9.324019727648169], [-73.978860441434, 9.305965844296663], [-73.95785093943994, 9.303765197370687], [-73.94279143706518, 9.289562937293885], [-73.94945212770972, 9.2373852747191], [-73.96572677315453, 9.217818119675094], [-73.95594135677936, 9.196243041521374], [-73.9620326821667, 9.187675888966323], [-73.89282930291773, 9.173587284728137], [-73.87890851937925, 9.185847991976333], [-73.86662226132876, 9.18296807532211], [-73.8619314384332, 9.170575698304566], [-73.87549765035823, 9.145983824392806], [-73.87532567943816, 9.130541568435556], [-73.8610650396007, 9.109165699939696], [-73.79802235010726, 9.058297959959477], [-73.79636580599589, 9.04594588768593], [-73.80982164722388, 9.04463520242112], [-73.8026909720212, 9.036525321456114], [-73.81104316923586, 9.037158348571593], [-73.80824798533996, 9.028078563008002], [-73.82580164322405, 9.022713162288857], [-73.83218777256639, 8.979253176793035], [-73.86765512799752, 8.936489178686267], [-73.87038742618017, 8.960431515332797], [-73.90005575926727, 8.980717823538775], [-73.92075651005212, 8.978294434669019], [-73.95913625895594, 8.995924506904846], [-73.97766558683082, 8.983928362701825], [-73.9908980177679, 8.99625567379316], [-74.00184394163404, 8.99546458977412], [-74.00225665764884, 9.00973276827903], [-73.98500888444755, 9.010554474992166], [-74.00676216783506, 9.031829937810388], [-74.02835203406738, 9.02702698262028], [-74.03559382736603, 9.044391840531867], [-74.05709585087004, 9.018505769047177], [-74.07750791702847, 9.02628256342249], [-74.09799583519333, 9.015818200713195], [-74.1131799582518, 9.04098370239157], [-74.12725497186767, 9.02826210693312], [-74.13941289739273, 9.029861527129958], [-74.14023585366351, 9.041239119681531], [-74.11793922743664, 9.04888141369379], [-74.13466072400598, 9.064402751103424], [-74.15729310931255, 9.057377077363263], [-74.15755763013686, 9.070863398452735], [-74.17738888200068, 9.077109892657493], [-74.1765868951203, 9.089289781110027], [-74.22843910858967, 9.124046038577706], [-74.22007533298012, 9.136127052083117], [-74.24827782456111, 9.164652782014594], [-74.2664599479121, 9.1695821545204], [-74.28388639706412, 9.157466211793935], [-74.29824690897948, 9.159834908490673], [-74.29100438804488, 9.192158098631987], [-74.29543874801061, 9.201758208585716], [-74.34752151877302, 9.232909463758332], [-74.40303060779496, 9.213748526311143], [-74.43498618457221, 9.274147196929967], [-74.46383315140781, 9.271320158748816], [-74.51086493744077, 9.23405047599534], [-74.52990507294612, 9.241471304570902], [-74.53372486798679, 9.260986189301853], [-74.56081415470248, 9.292947544944855], [-74.56557337986987, 9.31423536409966], [-74.61528059529275, 9.340995333558821], [-74.61844712056518, 9.371501502621962], [-74.66018044030227, 9.385967377122181], [-74.67240618688874, 9.413078677070633], [-74.69889072188334, 9.426862109888887], [-74.7320748760464, 9.418828271373263], [-74.74275015706462, 9.447165622642904], [-74.76333732118115, 9.463752472423097], [-74.77768770099033, 9.462374072098257], [-74.80282707335203, 9.44366965165574], [-74.8067705826756, 9.465303786899888], [-74.77574539716949, 9.500681003505902], [-74.80705403730622, 9.547422054055579], [-74.77358049423708, 9.587267881619614], [-74.77697453869774, 9.626194693288083], [-74.80575276729138, 9.675530603265592], [-74.78764598390666, 9.696864822238423], [-74.81528884797592, 9.731168807244522], [-74.80523041809698, 9.761811293963989], [-74.81559729914756, 9.78989428166838], [-74.873290636337, 9.848504208400039], [-74.88236986404667, 9.872851248980972], [-74.87172380255299, 9.90193885311255], [-74.87262537405013, 9.936749178423565], [-74.85293278893909, 9.954389226458577], [-74.82039499200266, 9.967333129075861], [-74.78788013536195, 10.009399041327503], [-74.83974108405613, 10.078660645824234], [-74.89259370174904, 10.10624235433595], [-74.92692940000592, 10.108234197589224], [-74.94643853282014, 10.135661470309216], [-74.92597801419157, 10.222138836516011], [-74.89531605198027, 10.295442659993228], [-74.86122790086688, 10.352653582624269], [-74.86190661274088, 10.386521716385264], [-74.81806411979937, 10.424832653383978], [-74.80997106519112, 10.475273210868549], [-74.79839908963328, 10.496174783787817], [-74.76706556344834, 10.52813721741011], [-74.73891923997354, 10.542295216559255], [-74.7382098479132, 10.582076165046876], [-74.72439523185125, 10.606790418343925], [-74.72665074612195, 10.623682728801795], [-74.74705868002678, 10.64919885579146], [-74.72284167697427, 10.672575687244588], [-74.72511400322895, 10.77172806673373], [-74.74164515292608, 10.84063497924274], [-74.73650231987722, 10.888761198030082], [-74.71838811191077, 10.909236330462651], [-74.7538496139149, 10.936128187083721], [-74.75884476740657, 10.98365735541302], [-74.76867216837667, 11.001971450367039], [-74.83904970592653, 11.05869934848492], [-74.85186053201198, 11.105367257247542], [-74.61981038606211, 11.01568909231803], [-74.51236190200297, 10.986101627434818], [-74.42069784875417, 10.974801452654503], [-74.30431936613758, 10.984878153382246], [-74.25059224320859, 11.01769449205806], [-74.21499961401793, 11.070133564588877], [-74.23349456693279, 11.11652763699031], [-74.22662902879915, 11.144357050749177], [-74.23028626008488, 11.164969727039459], [-74.24123475493138, 11.175833230412184], [-74.22810168942198, 11.204856533084486], [-74.24179670459, 11.220009145912178], [-74.21657158886444, 11.240531335730122], [-74.21500316326444, 11.252100928953613], [-74.22071648716047, 11.250325136986588], [-74.22084807877633, 11.253210540554928], [-74.19138701683488, 11.26439700020776], [-74.20658081206176, 11.274191877646738], [-74.19083160781503, 11.291823920787845], [-74.19428300795568, 11.303660835784932], [-74.18542683480376, 11.298720247803825], [-74.17338933213176, 11.307599304657296], [-74.16791468900033, 11.295462273064441], [-74.14895298636327, 11.298126522911698], [-74.1609090414185, 11.324158490796286], [-74.14474942803241, 11.33696847336265], [-74.134972473794, 11.315514281593037], [-74.1253505221847, 11.319464342335028], [-74.12424992159117, 11.334387068911838], [-74.10535817441433, 11.318907496907924], [-74.10727614285474, 11.347920843544026], [-74.09569270298812, 11.339213195264806], [-74.09991993374211, 11.322324873330007], [-74.08291469508106, 11.315537194040923], [-74.07475489469573, 11.342216171329579], [-74.06483541813225, 11.345286331549637], [-74.05684918227956, 11.328079408370636], [-74.04946725797316, 11.332001675215635], [-74.05210412535217, 11.345419348792971], [-74.04346764705616, 11.348789520505889]]]}}, {"type": "Feature", "properties": {"dpto_ccdgo": "50", "dpto_cnmbr": "META", "dpto_ano_c": 1959, "dpto_act_a": "Ley 118 del 16 de Diciembre de 1959", "dpto_narea": 82830.1857525, "dpto_nano": 2024, "shape_Leng": 18.1921059924, "shape_Area": 6.73615533201}, "geometry": {"type": "Polygon", "coordinates": [[[-71.07793104491816, 4.899101334492937], [-71.07752569599285, 2.8822324123184737], [-71.10944914270169, 2.8726135482216444], [-71.13824223303521, 2.9039486033393027], [-71.1388348071846, 2.8827593716706206], [-71.15382367317568, 2.87231312530004], [-71.18350852898891, 2.904840702094275], [-71.1903342869951, 2.8915595132600718], [-71.2131890899534, 2.8858867330602864], [-71.22179443800673, 2.8655918486314365], [-71.24717188117643, 2.8627532625980563], [-71.25177545962202, 2.882449515532724], [-71.25964179095001, 2.886178781880077], [-71.28368110260607, 2.8678208014945836], [-71.29956226587996, 2.875577233741152], [-71.3060249802545, 2.920177835316551], [-71.32474234004127, 2.9245276556616844], [-71.33309325895226, 2.9134788647324683], [-71.32776031079675, 2.895088707566182], [-71.34529771634783, 2.8603367126079977], [-71.3570251409979, 2.859587562878157], [-71.35840321074255, 2.886849450232597], [-71.37456710999425, 2.891843702713177], [-71.38347369933501, 2.886098491294279], [-71.37924275134941, 2.872495242699366], [-71.39072260819472, 2.8440266860898027], [-71.46338082903299, 2.89927768622822], [-71.46840691244284, 2.8923534691953567], [-71.46352141458863, 2.8614941487565275], [-71.47029821616945, 2.853095305585516], [-71.4817818468403, 2.854373994631008], [-71.49305127495927, 2.8710809860913336], [-71.52067294326247, 2.878997281754976], [-71.52993211983664, 2.8785431120499956], [-71.54509390536947, 2.859110219315362], [-71.58324906539184, 2.8722861659386076], [-71.57180168895809, 2.8524685523089293], [-71.57516630189167, 2.844268214516061], [-71.6105878171557, 2.8463158081585997], [-71.6277874711621, 2.8375578982009024], [-71.63404921877276, 2.8249099942989186], [-71.6522125987604, 2.8201860936117877], [-71.67389647196552, 2.825781930351252], [-71.65798330708253, 2.86101822183803], [-71.6620053157497, 2.8727345082676288], [-71.68150331393713, 2.871685287756104], [-71.68333944758655, 2.8501762879307666], [-71.6970667383502, 2.838110260132915], [-71.76185604969356, 2.8973037338363885], [-71.76762675801564, 2.888210496888977], [-71.75800891081218, 2.8529742045038495], [-71.78004252269062, 2.8178253479099875], [-71.78922319542954, 2.8219347905716354], [-71.78843627959668, 2.8694994145350785], [-71.82061234893445, 2.879117262636518], [-71.85086484793317, 2.871597854659838], [-71.82314796262551, 2.8700240256891707], [-71.81895108417245, 2.855859559563149], [-71.82791007408218, 2.837469388023774], [-71.85554865677739, 2.842702981531167], [-71.91175444106136, 2.827828468472491], [-71.95394434607516, 2.831740238494983], [-71.98191802668947, 2.801187394729217], [-71.99223205172495, 2.8235295646781813], [-72.0048586817079, 2.8293504601183557], [-72.05162370022822, 2.8166846285239107], [-72.08212851103849, 2.8258543966046057], [-72.10004904656694, 2.840558525169321], [-72.11599971344799, 2.8807696861723793], [-72.13485447695518, 2.889037481208658], [-72.14396435790172, 2.864742259986245], [-72.18281997533347, 2.8752151117817353], [-72.20270724797967, 2.8640465349055337], [-72.2058056270003, 2.8148327393102237], [-72.18404491543782, 2.7903339273428105], [-72.19286090691503, 2.7723492215098435], [-72.21512088095074, 2.7756620546107422], [-72.24745361120898, 2.8198766138683315], [-72.2594868531682, 2.824704323054097], [-72.2721685921428, 2.8128872455692737], [-72.26646886964937, 2.7870654387129203], [-72.27995287038897, 2.7757819079314454], [-72.29497268426456, 2.7740537563568077], [-72.31302396699186, 2.7991246770384692], [-72.335505232191, 2.7967468525528716], [-72.35841511269984, 2.781131545001414], [-72.3820256868753, 2.7449129934777163], [-72.40665012564114, 2.7260013701616552], [-72.43463821614245, 2.7399942597282765], [-72.4705916503612, 2.7338293999900585], [-72.46384544632167, 2.7024142977301957], [-72.47220881499408, 2.6893455067310557], [-72.5072992729643, 2.6902030310997422], [-72.5363094054266, 2.7027197889506285], [-72.53724520186506, 2.68282006474702], [-72.56506105195143, 2.6819574532147663], [-72.57142082021073, 2.6741166439429502], [-72.56959129816704, 2.6647076731761175], [-72.55495512091909, 2.6602645519345645], [-72.5558263221489, 2.649897258557292], [-72.58671925667522, 2.6393234782641986], [-72.58045263570028, 2.5919623740787863], [-72.58641398194891, 2.5836681389076843], [-72.59904939925894, 2.5857115158549315], [-72.60265521632675, 2.619717330915885], [-72.62087370530605, 2.6273586268990656], [-72.6459202519805, 2.6024431705810183], [-72.64308542539953, 2.5808021632194964], [-72.65295977685531, 2.5715399485409325], [-72.66312186790907, 2.5742745697686713], [-72.66635650529724, 2.608792381830454], [-72.67942270914676, 2.622178103205995], [-72.70215884995133, 2.6178182549593476], [-72.71970753835137, 2.5846968275087288], [-72.73966628461176, 2.5699089399602113], [-72.76160773735347, 2.573095013486986], [-72.78889799712135, 2.5888670807736958], [-72.7987397549777, 2.611666517821211], [-72.81821266589418, 2.6139726926226374], [-72.86850134868746, 2.5780547805146705], [-72.89809907862849, 2.563188292112778], [-72.92032015917471, 2.5624587418414113], [-72.92103083403026, 2.534376495247813], [-72.94974631075974, 2.5226845226390133], [-72.95834261726253, 2.508514786093057], [-72.95423339199323, 2.4948646076736245], [-72.94320546175777, 2.503922381800298], [-72.93273396282581, 2.496979690000618], [-72.927556010113, 2.4755756485183955], [-72.93480059537774, 2.464143248809424], [-72.96255149003082, 2.4801699042404213], [-72.9717807194445, 2.4657346946551773], [-72.96576699238989, 2.448437309258408], [-72.98609636766219, 2.4519015095036245], [-73.03279347618786, 2.412567496582302], [-73.04522969372152, 2.4379230298239487], [-73.05369038235614, 2.4273558755096714], [-73.06953735392642, 2.425085487821015], [-73.11055318867432, 2.3809992026983844], [-73.11835651481294, 2.4080736618093113], [-73.12778459186313, 2.4109807426410073], [-73.14127494459524, 2.3971158047138386], [-73.12406632180182, 2.378824614122915], [-73.16350174292273, 2.3653898437954766], [-73.16573338264914, 2.399409687857457], [-73.18005624703926, 2.398537766178154], [-73.20159558389491, 2.3824665632567603], [-73.21768746605119, 2.386355631935602], [-73.21122181418332, 2.3990563541234837], [-73.21652308681831, 2.405468079183381], [-73.22594560598742, 2.3889090771992043], [-73.26787343898633, 2.3808665411880963], [-73.2633757441493, 2.371937292724817], [-73.24115183480603, 2.371342010152704], [-73.2424746868628, 2.347332252195523], [-73.26742608660146, 2.3587692485874645], [-73.30064515740912, 2.3359935962527163], [-73.32003939830184, 2.3590179186259537], [-73.33041052030228, 2.3603562217178418], [-73.33625515733621, 2.355546029694089], [-73.33316512277293, 2.333345882606395], [-73.35670684911173, 2.3240950450999645], [-73.36001435609722, 2.3337263472801935], [-73.34508920676171, 2.3526760852458066], [-73.35690931157183, 2.3685038328531154], [-73.37460760462017, 2.3624833342927265], [-73.37897040832661, 2.3249561232067664], [-73.39630160364322, 2.328868419642461], [-73.39034820030469, 2.351127101000735], [-73.4121622960921, 2.356968593928456], [-73.42409830881905, 2.349577444815298], [-73.42523828709443, 2.328043487974855], [-73.43677162428452, 2.326544104247694], [-73.44101699114026, 2.3382190196322683], [-73.4308235470615, 2.3596946658828655], [-73.44230822876204, 2.386267030130234], [-73.45567872727509, 2.382377818619111], [-73.44578198708962, 2.3495765977032965], [-73.45030149303909, 2.3397270748037617], [-73.46084723778847, 2.3390970139276654], [-73.46418831484283, 2.3556193969584323], [-73.47403902441818, 2.3617629189967184], [-73.50586309222456, 2.356443894739434], [-73.50496894530909, 2.337560804634468], [-73.51228372768105, 2.332943709228119], [-73.51862403931409, 2.336552826708772], [-73.51439351263866, 2.3533727553549464], [-73.52803386258313, 2.3875601901482], [-73.57196604429242, 2.354919430029571], [-73.58543861665595, 2.359570088318291], [-73.58637689963308, 2.390019462250562], [-73.61757434621535, 2.3772666736673087], [-73.63297828899567, 2.3603447322562436], [-73.61384779278222, 2.3411350773357715], [-73.63503548383972, 2.32569802172987], [-73.62970149543429, 2.2948691362370828], [-73.64340105428465, 2.2836679612698507], [-73.65693153030088, 2.2944709468903386], [-73.65666833269603, 1.6177319437239746], [-74.0400009180513, 1.970833298598527], [-74.06624603296729, 1.9791667371781942], [-74.10500336115388, 1.9725000871055434], [-74.12500000197645, 1.9929165756729867], [-74.14958190188645, 1.9974999402118112], [-74.15333557278467, 1.979583377037291], [-74.19000243789253, 1.985416777934518], [-74.22331741022134, 2.019021774277832], [-74.23141580531825, 2.0495098485616805], [-74.24189608079752, 2.0564173039163007], [-74.3619428772243, 2.059513748862465], [-74.39250182684498, 2.084166525904033], [-74.41750335171815, 2.078333372942057], [-74.42624664607473, 2.0850000400827415], [-74.43666839716496, 2.0816667056140705], [-74.43166350682611, 2.0908331921464174], [-74.44291686856343, 2.094166516733601], [-74.46208190772205, 2.08916663809992], [-74.48416900713175, 2.1100001258528724], [-74.47750091166841, 2.1208333981972256], [-74.48542023375887, 2.149166583975514], [-74.49166870605569, 2.1474998053499923], [-74.4908371025951, 2.13666677375434], [-74.5087509151266, 2.1324999421749915], [-74.5116653459799, 2.1216666707289327], [-74.53874969105931, 2.1100001258528724], [-74.55083465625722, 2.1316666615584494], [-74.55290233444896, 2.1241965765200184], [-74.58000183681418, 2.124583246760746], [-74.60416412882898, 2.1566665146647166], [-74.5891647399643, 2.1699998390645976], [-74.59166717794722, 2.2016665982636643], [-74.61083221620748, 2.2083334980681597], [-74.62708282361444, 2.192499880864103], [-74.6433334301231, 2.2024998636087734], [-74.64416503268535, 2.2108333093749786], [-74.66500091355283, 2.211250074100026], [-74.66000366069665, 2.2266666849320913], [-74.65083312814875, 2.227499964650289], [-74.65000152558645, 2.2400000075353286], [-74.65916442873657, 2.252083302763352], [-74.7012481698672, 2.271666527782278], [-74.69333648615765, 2.2841665706673195], [-74.70916748387282, 2.2837500547758727], [-74.71583557933616, 2.263333323663073], [-74.72875214619796, 2.2691664757267573], [-74.7300033566554, 2.2799999726501925], [-74.74833678516694, 2.274166819688159], [-74.73374938378282, 2.3466668102454955], [-74.70874786789278, 2.3758335102024337], [-74.69291686927932, 2.4200000715378325], [-74.6729202293551, 2.4250001909202155], [-74.66291808526177, 2.488333221532634], [-74.64749908131535, 2.4937498577048713], [-74.65708160044551, 2.512500042855958], [-74.67749785724811, 2.5237500637556765], [-74.68166350844035, 2.558333391800015], [-74.64583587080097, 2.587499859093148], [-74.64791869729538, 2.6016666886885464], [-74.62416839186284, 2.625833269263105], [-74.61333466227524, 2.6224999437776306], [-74.59791564934568, 2.6383335609817458], [-74.58583069313096, 2.665416708604981], [-74.61583710744463, 2.683333403831932], [-74.61583710744463, 2.696250204255473], [-74.63749695339175, 2.7008333181641597], [-74.62708282361444, 2.7216668140019533], [-74.6295852687839, 2.7366666762786513], [-74.61750031167082, 2.753750081905919], [-74.6433334301231, 2.755833392592621], [-74.65666962194814, 2.8037500369520028], [-74.66666411867732, 2.804999826273513], [-74.67166900182963, 2.831666706838791], [-74.66166686582113, 2.8420832135598637], [-74.67333221414071, 2.8887498359339223], [-74.69208526671707, 2.8933331905912625], [-74.72583007786204, 2.877500055782852], [-74.76937484462661, 2.8731249505372505], [-74.80000305261422, 2.938333515837155], [-74.8368759204455, 2.908541554706542], [-74.84541321207871, 2.9166667546542566], [-74.87833404197431, 2.9149999526725128], [-74.91062545239151, 2.8835418237712136], [-74.92041778310494, 2.9033334311526637], [-74.9333468096097, 2.909426042029954], [-74.9110339436262, 2.9316013812230066], [-74.90101355203996, 2.962735494729664], [-74.87415352724554, 2.969492008741736], [-74.86292699102063, 2.9935768039327013], [-74.84960421105353, 2.9947103888930924], [-74.8159630053878, 3.0530283126190056], [-74.78777999289093, 3.0604188580638114], [-74.79026216755977, 3.0736663079457043], [-74.76432523881226, 3.105125564233559], [-74.74900954659574, 3.1102307964694114], [-74.74887156795307, 3.122510943275808], [-74.72720883212344, 3.1379646132361354], [-74.7130224021708, 3.169957559957917], [-74.67325823602147, 3.1863481555398687], [-74.65657649173176, 3.2475902011520246], [-74.63553077233155, 3.2784846385599726], [-74.61632758887896, 3.287795270674258], [-74.62606169793577, 3.29978716045268], [-74.61786774806768, 3.3305144724570317], [-74.63984328022349, 3.368367132649962], [-74.62214293991298, 3.378283173154411], [-74.62397658432883, 3.3930493250489886], [-74.60566752623208, 3.4141415511661424], [-74.61749529637262, 3.4294005569476043], [-74.61551352593659, 3.4595368399060757], [-74.63053112636157, 3.4713014395667803], [-74.58971385268734, 3.5281980522091323], [-74.56362545798072, 3.525902890761839], [-74.52505446029545, 3.577520220646686], [-74.52758237631673, 3.5884088831556618], [-74.5141975002561, 3.600930113721875], [-74.50286305202508, 3.6462775958809255], [-74.48242534343638, 3.667539121326398], [-74.46450119757594, 3.664190705030411], [-74.43898561227013, 3.707259998524711], [-74.42447801009291, 3.7083972575975084], [-74.41303179158848, 3.7247281367250493], [-74.41574936277863, 3.7410545350523754], [-74.4015638491083, 3.7374222185610333], [-74.3973730315933, 3.7537270959320126], [-74.38715890558524, 3.752702313208879], [-74.3938930281729, 3.7699145741815467], [-74.3633122009644, 3.786147374269871], [-74.35359597378584, 3.807092856875194], [-74.33731231373997, 3.810556341162549], [-74.32723803397352, 3.8266723691540587], [-74.3167652495514, 3.815160483750452], [-74.2966166343229, 3.8189038464724856], [-74.294257807424, 3.8317341696079885], [-74.30707660786055, 3.840342539596041], [-74.30410495337975, 3.8511519257180153], [-74.31704602989527, 3.880753320787351], [-74.31032208612623, 3.888400374976126], [-74.29752175596491, 3.8832847680887963], [-74.27358716459821, 3.9249045658349875], [-74.2564258031079, 3.9278656291700837], [-74.26014055805871, 3.9482519801340206], [-74.24427084022898, 3.9544339842331593], [-74.2173829811133, 4.010896176647834], [-74.19551482466903, 4.01651670180589], [-74.18389878132143, 4.00877883325949], [-74.17559334774279, 4.018025454070563], [-74.16025853487025, 4.017847856997408], [-74.15224028123873, 4.005479756969783], [-74.12349035139573, 4.001268890838451], [-74.12389331798698, 4.00913460322639], [-74.09974180576415, 4.013144280709766], [-74.07069700010089, 4.057704230791194], [-74.0476691114124, 4.065198207441954], [-74.0348880195865, 4.060840245658926], [-74.0358869173341, 4.0823805482035835], [-74.00593453942275, 4.109766209129742], [-73.99148432706153, 4.1027676645327835], [-73.97974823096712, 4.109335493557235], [-73.97357073371916, 4.093073232297365], [-73.96007498659947, 4.095520095062509], [-73.93307902862796, 4.149235960293598], [-73.895825432018, 4.142640836835816], [-73.86089172929144, 4.1718326599963715], [-73.84054886490605, 4.177339283177212], [-73.82589326426955, 4.168337784954709], [-73.80935822127088, 4.203921262100763], [-73.80458181221672, 4.197486885104606], [-73.7543795662873, 4.192847239271714], [-73.74259343489001, 4.1980227782093555], [-73.76033185391742, 4.236398264602489], [-73.74441897110557, 4.267356462683454], [-73.78434554560118, 4.30169567784637], [-73.79268185969062, 4.381111363112667], [-73.81147739632559, 4.40282419892324], [-73.79252285326709, 4.441114875302822], [-73.76419941511477, 4.449758552702955], [-73.7557507549314, 4.462186529983544], [-73.74533430480392, 4.455290338613308], [-73.73833067124656, 4.460570455008021], [-73.73332755687846, 4.474731808469095], [-73.73866420429925, 4.486011868157554], [-73.71373876679127, 4.515097990965969], [-73.686428265269, 4.519346317772813], [-73.68787977863485, 4.527938667193375], [-73.66165421556661, 4.546730937550766], [-73.64070969505707, 4.547128520534267], [-73.62189984914653, 4.562476821621035], [-73.57845364022359, 4.542371779210814], [-73.56776360436504, 4.5255706262673385], [-73.5757003268364, 4.516640821746442], [-73.57576143657894, 4.498477197417445], [-73.59624906728271, 4.4869288799101446], [-73.60328697878197, 4.4562327646237865], [-73.57257003513985, 4.419912065587753], [-73.57681444978067, 4.396195197274116], [-73.57180446868512, 4.37365118200815], [-73.5533677059858, 4.347721588011564], [-73.55123618537425, 4.309192976469677], [-73.53105023972608, 4.296731916007469], [-73.4716800501954, 4.27624162628906], [-73.44180517180206, 4.291043807841772], [-73.43028618700669, 4.3063814216631], [-73.35364488333016, 4.321194294972848], [-73.3225614240651, 4.304768867187979], [-73.26052777430692, 4.293845132625737], [-73.2035440519602, 4.2732551558825], [-73.13763771611184, 4.212571695735546], [-73.12414289605431, 4.2597843900329435], [-73.05255695460102, 4.736324804430445], [-73.05023200589346, 4.692427537570589], [-73.02799524164823, 4.653881372934101], [-73.01685936527065, 4.6473854460205395], [-73.01685936527065, 4.635607114701439], [-72.96797561905697, 4.599190899521723], [-72.93792698568791, 4.52274079342509], [-72.92344875664725, 4.520400976689429], [-72.90266590786484, 4.496206066821465], [-72.89696906177926, 4.474805907860987], [-72.8701743041338, 4.450712957757343], [-72.85237626207686, 4.450373177815173], [-72.84014969173461, 4.431045671022069], [-72.81347202329158, 4.42980594104319], [-72.81242486172027, 4.4234663372833305], [-72.8250305492623, 4.417614491263693], [-72.8081112911205, 4.408032563225765], [-72.80506564684231, 4.3959736689552384], [-72.78827263174298, 4.397520175644765], [-72.8005846939206, 4.378346511754876], [-72.76891655311056, 4.366389540417715], [-72.7673151170925, 4.3562377871848135], [-72.77968872469592, 4.352769038765658], [-72.76297241500322, 4.3478360451480915], [-72.77030171775499, 4.33432975359562], [-72.74188527515054, 4.325797577872365], [-72.73981218190994, 4.309735279059113], [-72.71644601167037, 4.293274280655592], [-72.6907203264218, 4.288472559751666], [-72.68757401775099, 4.3118761385637026], [-72.67586593384436, 4.317383418413529], [-72.65812353168377, 4.316529533122954], [-72.64197050025905, 4.302831954161486], [-72.60610226682132, 4.315387910030993], [-72.57344579066319, 4.30214050686154], [-72.57346878665447, 4.325484145538489], [-72.5545599831517, 4.336790023727102], [-72.54783745512867, 4.354675083857796], [-72.53273529981192, 4.33961100007189], [-72.46681826591833, 4.317375378485369], [-72.42794812810678, 4.3537052089035795], [-72.41556480521581, 4.343963825284066], [-72.41713908064958, 4.321330451830667], [-72.40503584999249, 4.317859740591037], [-72.38831806526485, 4.332570249894324], [-72.35621694332934, 4.341740619846724], [-72.3421929423842, 4.371529784519655], [-72.32050271359338, 4.370916437711112], [-72.30285786316051, 4.408411275285027], [-72.2866607585562, 4.417213935752577], [-72.25566399936156, 4.418380921000089], [-72.24339790760695, 4.434563174643774], [-72.19872411483567, 4.42847893966484], [-72.14310961112602, 4.440299599633882], [-72.0708404518457, 4.408092704583656], [-72.07186055973233, 4.386954977862766], [-72.06063925709645, 4.375000940425684], [-72.02675119868547, 4.386977662138446], [-71.98820894980719, 4.38444907148193], [-71.90499109176261, 4.467750694795787], [-71.89861132609087, 4.489414861642159], [-71.86779118480501, 4.505377393480436], [-71.85006901721232, 4.532712494487165], [-71.82377412840344, 4.551812569228688], [-71.80674993976635, 4.583547650749383], [-71.732387149945, 4.5753059041821755], [-71.59792645198797, 4.645268782657393], [-71.57675918863634, 4.675033444863159], [-71.52334912005136, 4.6822300331037665], [-71.50883707210824, 4.6981416537811045], [-71.42929804086606, 4.723292071835488], [-71.39016833644291, 4.756689490707456], [-71.37615141871942, 4.751228088754039], [-71.32277522383418, 4.766715396156948], [-71.28827874857285, 4.803051074612331], [-71.2749111345525, 4.799207847897247], [-71.23893322122268, 4.817717969775456], [-71.21174826924289, 4.817327841916453], [-71.15013525505339, 4.861743842248861], [-71.11317269126778, 4.874584830191882], [-71.07793104491816, 4.899101334492937]]]}}, {"type": "Feature", "properties": {"dpto_ccdgo": "52", "dpto_cnmbr": "NARI\u00d1O", "dpto_ano_c": 1904, "dpto_act_a": "Ley 1 de 1904", "dpto_narea": 31497.0335108, "dpto_nano": 2024, "shape_Leng": 12.8395080684, "shape_Area": 2.54843109142}, "geometry": {"type": "MultiPolygon", "coordinates": [[[[-78.88521300791177, 1.5100669547325793], [-78.8791797029582, 1.5083529785844305], [-78.87727840995768, 1.5092793741459194], [-78.87863647600165, 1.5083166021763226], [-78.87957984704065, 1.5081904956779413], [-78.88521300791177, 1.5100669547325793]]], [[[-78.1402578001979, 2.6761529241938162], [-78.13719095386551, 2.643983498802249], [-78.09671139490496, 2.6472315040307013], [-78.08329189415241, 2.6369160632495543], [-78.07245866402855, 2.611161696568625], [-78.05841746482355, 2.6161252490998783], [-78.03291470028364, 2.6494673721304007], [-78.0200818879141, 2.6438031007798055], [-77.97821800423463, 2.661697059628745], [-77.94537291315754, 2.6256705527944626], [-77.93424169904006, 2.627124497901716], [-77.92833815403611, 2.640404027546271], [-77.91551538843265, 2.593678845748813], [-77.91466150314204, 2.5437799476594622], [-77.92564231221166, 2.5103544456327667], [-77.91879457061634, 2.416698907561765], [-77.88324523486699, 2.3527147029523383], [-77.87843872683698, 2.3044413858184147], [-77.86267479380115, 2.2706113972497546], [-77.84792214000225, 2.2605938623087667], [-77.85321644170511, 2.2054082182526], [-77.83864224556623, 2.178210975514186], [-77.80731663624022, 2.1738089791791126], [-77.78064287996335, 2.1483784922470877], [-77.7393592392495, 2.1335663411833967], [-77.64562036979004, 2.1685444198208215], [-77.60362508314103, 2.1647096103266814], [-77.57416370139907, 2.180668082674966], [-77.5562121101882, 2.202519827783552], [-77.48794162222373, 2.195252599565923], [-77.48773623125345, 2.2160806417273027], [-77.47227354758991, 2.241319502585154], [-77.47902225882939, 2.2736880846338887], [-77.45943429609127, 2.2861777097482983], [-77.4322789526068, 2.2818486153498396], [-77.38567747341261, 2.2559424135019666], [-77.37479380015037, 2.2642064823234977], [-77.35884691607794, 2.2623604627064973], [-77.3230770212927, 2.2219965304912033], [-77.31669056137008, 2.2006819648758795], [-77.30774341036698, 2.1959627587881463], [-77.31796126258979, 2.1819209990344586], [-77.30534632059636, 2.1456062522402286], [-77.31106571890513, 2.141958462255752], [-77.30762318963502, 2.1081604896693253], [-77.3335277322941, 2.0513616398590027], [-77.30618294025345, 2.0361429549911674], [-77.30301900931767, 2.027033705561102], [-77.27950085119738, 2.0207606131179134], [-77.25931160962779, 1.9940986140017565], [-77.22056992561431, 1.9881875087705432], [-77.20315946828379, 1.9520375993689805], [-77.21050274344259, 1.935731496695027], [-77.21984624583797, 1.9340006762235884], [-77.21837534411793, 1.9169732617342872], [-77.245491197631, 1.9113298313148395], [-77.24339623219248, 1.8878568683716401], [-77.25574746723589, 1.8696953991026795], [-77.2784628596358, 1.8621855977172748], [-77.2802688709532, 1.8508675626182443], [-77.28918621044153, 1.8490480037973451], [-77.2952405611423, 1.8188629916874333], [-77.31007293958783, 1.804204476015961], [-77.29469356125855, 1.7659967663055331], [-77.33087997912179, 1.6815126932341944], [-77.29750632070699, 1.6697084050742774], [-77.28169447508895, 1.6737060648861437], [-77.27517223470295, 1.662179515372152], [-77.25646585143943, 1.6708850606935395], [-77.23897015020867, 1.6573434159149576], [-77.19183978207957, 1.6774576777422856], [-77.16210517932285, 1.6758412030161618], [-77.15079958590002, 1.6856448147815688], [-77.13755999179114, 1.654930831091711], [-77.07233418241515, 1.6689567131101197], [-77.05685439211999, 1.6990519879432098], [-77.04562365806441, 1.697796681164876], [-77.02634854016145, 1.713971689890015], [-76.99833048183842, 1.7073271868999877], [-76.98841418261867, 1.7148031738745257], [-76.96811409604123, 1.712412829558789], [-76.96062400640352, 1.722091535874336], [-76.93608470373994, 1.7290020571814169], [-76.90208801377179, 1.6623733180659888], [-76.85451312924141, 1.637677128107122], [-76.83453426339759, 1.61542417530997], [-76.84150129237457, 1.5847594696426213], [-76.85753452617416, 1.5640385893935322], [-76.85140715585732, 1.5345261419811946], [-76.85860744605844, 1.5224678558706233], [-76.88763908600242, 1.5230217826690364], [-76.91274688435334, 1.50051536192767], [-76.92892711409161, 1.5004861262334444], [-76.91825425493329, 1.4296635009557057], [-76.93180291735689, 1.3857985186745785], [-76.92092461871931, 1.3358832397930267], [-76.90415224602333, 1.320942952036768], [-76.92998441675223, 1.296737539058135], [-76.93958733214714, 1.2726798209080188], [-76.9627648991459, 1.2736535128069215], [-76.96099149580101, 1.2830968782967458], [-76.97205166030949, 1.2930017859709508], [-76.97941270775209, 1.2866880150843232], [-76.98345403829813, 1.2679698540003166], [-76.97128566086639, 1.2521356897218445], [-76.98110979196622, 1.222788886389979], [-77.02095789766088, 1.196220274408587], [-77.04002765333968, 1.2016578449367874], [-77.06920936325969, 1.1848112623566036], [-77.08843350172958, 1.1833731141362975], [-77.08645379292881, 1.172903488193504], [-77.10006430979894, 1.1540010483618965], [-77.0916135583359, 1.1159615950348698], [-77.09299017101199, 1.075041015022035], [-77.08447836370544, 1.0620534407723872], [-77.06812289856674, 1.059708242225624], [-77.06675233155732, 1.042233481639725], [-77.05812916540611, 1.034295601239252], [-77.03679967606632, 1.0470590330704477], [-77.02806688931196, 0.9949312692546014], [-77.0388561953767, 0.9930440331029304], [-77.04779954380825, 0.977532856545562], [-77.07377605505371, 0.969696414886101], [-77.0787443722532, 0.9598168918254366], [-77.07275000031512, 0.9423129871735456], [-77.0902197069758, 0.915115538720735], [-77.121209005656, 0.8931623288199716], [-77.1175606614105, 0.857558243406547], [-77.10207218170467, 0.8336487590745177], [-77.1391541846873, 0.8215102416670262], [-77.18680573240334, 0.6309540618573212], [-77.16650123329771, 0.6109785584108903], [-77.136469390353, 0.6032903020604846], [-77.13363391698454, 0.5960346154068467], [-77.12677199097953, 0.6019574822894775], [-77.11735945838944, 0.5913613402162182], [-77.11511631842166, 0.5618505753497559], [-77.13036537984544, 0.5558396276850578], [-77.13023084983791, 0.5245017617365684], [-77.11555698913207, 0.48310350308904965], [-77.10207153491712, 0.4703754397554056], [-77.10761896859407, 0.44247688710568656], [-77.10134244188856, 0.4270811225947105], [-77.09641268669998, 0.43115061175398195], [-77.08907906574319, 0.42438440042074943], [-77.09915211571507, 0.4106164617568761], [-77.08802355791795, 0.3946313660172807], [-77.09638828125088, 0.3947472856122551], [-77.09968291985967, 0.3792685876698558], [-77.11209272241132, 0.38308182769854593], [-77.11269553287156, 0.3726744829024132], [-77.12576815069735, 0.37977968455803734], [-77.14964473690162, 0.37587592931088804], [-77.17908461834838, 0.3898017245538117], [-77.21372859709692, 0.3632495418737143], [-77.24565905606045, 0.3613480790915233], [-77.26469650919421, 0.3703141450360581], [-77.28806367566625, 0.36325638434665136], [-77.30397261666747, 0.3669757979641411], [-77.32549439593691, 0.3873714096677202], [-77.37161790544206, 0.4010658400315635], [-77.38332029402522, 0.3960165890521964], [-77.38117617722673, 0.38526148097960605], [-77.4077212488383, 0.4048630846455718], [-77.42449996903508, 0.3920230632905099], [-77.49158058266033, 0.4040671209740266], [-77.52772119898401, 0.40019436840861217], [-77.51870899103784, 0.45300650528589476], [-77.52529414857815, 0.4766940390905104], [-77.51677567936014, 0.49544419190224187], [-77.5222960279113, 0.5315644101633317], [-77.51096265496454, 0.565214747210065], [-77.48901212833289, 0.5850237603623111], [-77.48086247263012, 0.6095797977538581], [-77.48089404214932, 0.657116368206906], [-77.49219813628275, 0.6626634362690186], [-77.55639290526636, 0.6493927226977221], [-77.6226995585721, 0.6945913125730395], [-77.666203504061, 0.705278426209236], [-77.67538509487883, 0.737219186161341], [-77.697834333316, 0.7414162703286056], [-77.68855908586858, 0.769064820737173], [-77.66158839303455, 0.790004452610371], [-77.67695719189635, 0.7923789775812989], [-77.6649199290747, 0.8180394073581558], [-77.68489927282269, 0.825062820935233], [-77.71424399206234, 0.8510905748194291], [-77.74636763298338, 0.8328621648388382], [-77.76460923473502, 0.8418983829747411], [-77.80476878029867, 0.8309693169071003], [-77.82020328289104, 0.808120847077369], [-77.84279401328467, 0.8024497386436147], [-77.93723440555635, 0.8166789383189565], [-77.9667216138833, 0.8252981123535647], [-78.0217192314193, 0.8747701109167295], [-78.07111932517824, 0.8972576912766808], [-78.08913393235815, 0.8970885392721755], [-78.10509792575715, 0.9114219786377653], [-78.11186948296915, 0.9322509595393292], [-78.13407162881066, 0.9358641275268316], [-78.15351920901253, 0.9240066626529733], [-78.18511940659027, 0.9380067917483011], [-78.19996925728202, 0.949687250640874], [-78.191849916151, 0.9697363342525264], [-78.20610265529922, 1.002064253129203], [-78.23461833038056, 1.015464547885187], [-78.23980016202194, 1.0272062350980546], [-78.2815766826738, 1.0561658085382708], [-78.27702750714343, 1.0729140371945867], [-78.2623270526907, 1.0824393129339085], [-78.25188611716402, 1.079181761301361], [-78.2510766311417, 1.099461554021402], [-78.26495709466474, 1.0997407416510336], [-78.26551959588943, 1.111603865915654], [-78.28196497437489, 1.1109647976250936], [-78.27928088342208, 1.119230092647953], [-78.29915031820741, 1.1492004252001724], [-78.29508676242523, 1.169700222695129], [-78.30523621417285, 1.17296131189611], [-78.31138897359483, 1.1913027551823883], [-78.32516604723452, 1.1953645260105457], [-78.33743617422459, 1.178748728895604], [-78.35677866582756, 1.18194407394182], [-78.35988880290631, 1.1747438960304386], [-78.37446250766641, 1.1747063230654193], [-78.39510151090434, 1.1522699655821809], [-78.41768195378319, 1.1598961896194857], [-78.42548272241618, 1.1528237639214052], [-78.41631860564115, 1.1389347223793258], [-78.42777924571061, 1.138806908182201], [-78.43813216603223, 1.1583624246441129], [-78.42561631637841, 1.1783576631947055], [-78.43817256779431, 1.19392447785188], [-78.45519553831491, 1.1765149547705147], [-78.47880930869866, 1.1936375557214454], [-78.48995470363258, 1.1857805758633115], [-78.4950990988529, 1.198386961396462], [-78.51670936404497, 1.187857846273233], [-78.51462733525517, 1.2131991052736104], [-78.53958193210048, 1.2292307239005151], [-78.54758286979285, 1.2266430599838438], [-78.54454072894703, 1.2443605266883146], [-78.59284852794218, 1.2387307830114436], [-78.61542294312068, 1.2462686037712407], [-78.64886586619065, 1.277266773320957], [-78.64616435329731, 1.2890151493947049], [-78.65958327822926, 1.305242229905103], [-78.66073446569169, 1.319618495587671], [-78.6852621791806, 1.3330339700874467], [-78.6950445278066, 1.3301949968798963], [-78.70966813581714, 1.3589558448546082], [-78.74366856277987, 1.3760746908446881], [-78.75771221259089, 1.3940366423334172], [-78.77858562959238, 1.392482755079609], [-78.77535888121531, 1.4060509073667393], [-78.79221406068018, 1.4086137040998794], [-78.79814980492284, 1.427819171071112], [-78.81331552328317, 1.4317015949065817], [-78.82465602436741, 1.4451377666069822], [-78.80813683844275, 1.4558095271244573], [-78.81733091675136, 1.4595425053135227], [-78.81976230512515, 1.4504029449049567], [-78.83359782410213, 1.450680766195926], [-78.83309774505966, 1.4587375953129267], [-78.79860686810366, 1.4848040010395949], [-78.81887099778658, 1.4730824055624594], [-78.85634393172273, 1.480746904149574], [-78.87480765737678, 1.5147745752388777], [-78.86627451416683, 1.5261759048923413], [-78.87444527760067, 1.5483757115183097], [-78.8659661851662, 1.5448299091459718], [-78.86349953699107, 1.5508423587950049], [-78.87799108176978, 1.555621486153196], [-78.90250337296953, 1.543134091557422], [-78.91391160887684, 1.5613256023100088], [-78.91992405762778, 1.5563923131464572], [-78.931486459832, 1.5631755870938064], [-78.96545590836752, 1.6019582522819729], [-78.97789023225107, 1.5981292468074586], [-78.97341592776604, 1.5912280033080146], [-78.98158749788763, 1.5939076961056267], [-79.01007805066376, 1.6319746576651606], [-78.99859824322579, 1.6388436668915862], [-79.00883373118836, 1.6481508153364783], [-79.00688971158394, 1.6580370622924379], [-78.96164558696739, 1.6886428932274875], [-78.95442197917788, 1.6843747747224893], [-78.9531882751026, 1.6994824609704207], [-78.93084452321841, 1.7341487152596362], [-78.864906387882, 1.8033407622500275], [-78.80964391534815, 1.8292844813673452], [-78.78211528832799, 1.8302610559622852], [-78.77971018827361, 1.8245162317176165], [-78.7995735549344, 1.8152579049507032], [-78.81349166508443, 1.7903928908726732], [-78.81193188128435, 1.7869664890697499], [-78.80791922678162, 1.792786082850084], [-78.80690465162326, 1.7881340061204167], [-78.80351091528496, 1.7878808615698916], [-78.79609311403414, 1.8064347125726712], [-78.78440916877673, 1.800443645539363], [-78.76418408260213, 1.8154592121764188], [-78.76615142338824, 1.8214232569661082], [-78.76766344103163, 1.814358981689113], [-78.7778831869046, 1.8158487345704204], [-78.76862689212817, 1.822286716508667], [-78.75443220395653, 1.81862991371978], [-78.73105691760611, 1.8303059070835168], [-78.72372752142951, 1.8235335270143025], [-78.75180800462971, 1.8056702348769147], [-78.75991019062008, 1.81973027356457], [-78.76316810876574, 1.8046379305539881], [-78.78510310171708, 1.7985885385577445], [-78.77880982231653, 1.797716783066939], [-78.78476095111898, 1.7948762521794108], [-78.78195756469967, 1.7900650836861622], [-78.76703858589678, 1.785498002921468], [-78.7757617462969, 1.791712216140762], [-78.77087677575418, 1.7946365518261824], [-78.75754695568457, 1.7771299989387674], [-78.7560183263817, 1.7981382783239874], [-78.74566684336565, 1.7993512151299307], [-78.75286137266625, 1.7915917573550464], [-78.74372282376123, 1.7854772338555318], [-78.73827292564232, 1.7969253433147476], [-78.72584777266684, 1.7628038242546016], [-78.73755845719825, 1.771021710650592], [-78.73971847778319, 1.7701909327424579], [-78.73897077883362, 1.7668345932993061], [-78.74520160730589, 1.7697589316797397], [-78.74661392894131, 1.7685958442253003], [-78.74721208792124, 1.765771198259648], [-78.74388897898353, 1.7603877620501436], [-78.74576653578038, 1.768911536722232], [-78.73905385599562, 1.766086895248118], [-78.73714306869329, 1.7700912403276827], [-78.72646963012119, 1.7530860205318162], [-78.75761711057089, 1.7499824339734131], [-78.76399747991104, 1.7428340556575324], [-78.76216607679362, 1.7414457361274005], [-78.75726264585711, 1.7478851823207462], [-78.73809200120667, 1.7454630043809454], [-78.72855040755684, 1.7416501982388688], [-78.72836636865958, 1.7324991887928949], [-78.71923335877102, 1.7480097976145683], [-78.71376684539933, 1.7456670065546285], [-78.71715641624638, 1.793403463097443], [-78.69945670655369, 1.7697740835757172], [-78.69257787244493, 1.790472895793914], [-78.67986473912282, 1.7588760300713002], [-78.68666888544266, 1.7483519787553663], [-78.67520909068855, 1.7615722357136077], [-78.68789229032495, 1.7816355037348868], [-78.67769865400652, 1.7896670425615357], [-78.65967909710542, 1.7855546965425144], [-78.65445766230494, 1.7750853481794502], [-78.65127059344388, 1.7936937161836122], [-78.59759393161954, 1.792681780277606], [-78.59979904676942, 1.7735371373844169], [-78.58073900098822, 1.778447797967931], [-78.56859380819412, 1.7512519215681333], [-78.58190416894257, 1.7403219769474183], [-78.55365228076136, 1.7577319860177323], [-78.56262467444407, 1.760909706104031], [-78.56403284136798, 1.7921510848292965], [-78.54247463538474, 1.8021084658360036], [-78.55043763359913, 1.8065946631263887], [-78.55081633038702, 1.8357296147992583], [-78.53849634685895, 1.8558853267235247], [-78.54466961842843, 1.857810115178942], [-78.55193787970967, 1.8988795838822716], [-78.5970889351953, 1.894344557727417], [-78.60269005762632, 1.9470137761223465], [-78.58740894967747, 1.9586463439923438], [-78.58500462936138, 1.9726061270211173], [-78.60607833040666, 1.9962510842406544], [-78.6212483220562, 1.9965044749297078], [-78.63573987402145, 2.011558041231858], [-78.64589197130971, 1.9784266460669078], [-78.66784019286246, 1.9724197749601737], [-78.67436685925139, 1.9800944299080427], [-78.66857772736648, 2.0077039242318646], [-78.67595502804045, 2.049512788749944], [-78.655630064398, 2.044166737757453], [-78.64982293205702, 2.0499489436258274], [-78.67990537444706, 2.0586347188086935], [-78.6897403913402, 2.111769842508804], [-78.70356036855202, 2.1186486775156332], [-78.71274507203486, 2.1675867619642593], [-78.69310550014416, 2.2204823452113334], [-78.69779445274582, 2.2324680842201063], [-78.68832022291451, 2.233265238160393], [-78.68168603079533, 2.2464297025084625], [-78.67324687569356, 2.240744378224083], [-78.6617036857736, 2.261087713326361], [-78.66050547955342, 2.2868441865583433], [-78.62324550130654, 2.3267358524928796], [-78.63074080297366, 2.333781433813926], [-78.62197962673872, 2.377320810681072], [-78.56641445495057, 2.4545557341443054], [-78.5701787610119, 2.4423300630167954], [-78.5616174618836, 2.431336955103181], [-78.55179028818748, 2.447210338061658], [-78.54853282189481, 2.4544307307779527], [-78.55677049998917, 2.4558549191676673], [-78.55089085198745, 2.485986034114236], [-78.55702034322837, 2.4915825257260322], [-78.5272889780025, 2.506190037709972], [-78.52449073174733, 2.4987946736981157], [-78.51334771735088, 2.5081554704728206], [-78.51424704934624, 2.5003563709112315], [-78.5019462206102, 2.530615468039947], [-78.45424082064653, 2.575529200115041], [-78.45517553641088, 2.597590157630119], [-78.39553498790025, 2.603032508996188], [-78.3712170491637, 2.6371894109268523], [-78.33269119724736, 2.6563440700434815], [-78.27326347956006, 2.6556774495028512], [-78.1752153406378, 2.6755226019077964], [-78.16676700025494, 2.6715856206467463], [-78.1542989994029, 2.6836815372145835], [-78.1402578001979, 2.6761529241938162]]]]}}, {"type": "Feature", "properties": {"dpto_ccdgo": "54", "dpto_cnmbr": "NORTE DE SANTANDER", "dpto_ano_c": 1910, "dpto_act_a": "Ley 25 de 1910", "dpto_narea": 21887.8145539, "dpto_nano": 2024, "shape_Leng": 10.879924878, "shape_Area": 1.79487394272}, "geometry": {"type": "Polygon", "coordinates": [[[-73.01086876086987, 9.290745742784514], [-72.9947716523111, 9.272327421614941], [-72.99502395334287, 9.256835850804219], [-72.98441622658612, 9.251639918296833], [-72.98780801088373, 9.228728984063995], [-72.99623502434645, 9.220957962267244], [-72.97094558200877, 9.213403095063063], [-72.95550066793402, 9.179484060022576], [-72.96461619569493, 9.155905717425995], [-72.98715531963097, 9.143420869556005], [-72.97233573410364, 9.136344634099771], [-72.94784169488833, 9.10579285663504], [-72.9483972117061, 9.092332230976476], [-72.93252179855295, 9.083042491895657], [-72.887061184272, 9.10356128158747], [-72.88123178716899, 9.132266866958574], [-72.8233603040353, 9.121863539431555], [-72.82189220955269, 9.141521604953091], [-72.80766512810607, 9.12891636656946], [-72.81151524490502, 9.119942320883863], [-72.79612508319042, 9.121259548584097], [-72.79628823264738, 9.103460842672186], [-72.78520744370189, 9.115195587699], [-72.77633709332684, 9.113985914475075], [-72.77540595914843, 9.103700393006646], [-72.76580917925179, 9.105603008328215], [-72.7757988843635, 9.099948717268319], [-72.76288436117056, 9.09363719935826], [-72.77311604386654, 9.085689798604779], [-72.76083802517036, 9.080835697793285], [-72.74698388589934, 9.014294442978], [-72.72019555929813, 8.940742500130108], [-72.65478619611554, 8.614276839882132], [-72.63552523836773, 8.600758696846693], [-72.6288027498706, 8.606327981161813], [-72.63229803095123, 8.597239563679745], [-72.617089068557, 8.595209486300917], [-72.42825201223985, 8.381818607845416], [-72.40934797879504, 8.375443245718873], [-72.41577227219432, 8.364164906305584], [-72.40697951655875, 8.367346961664879], [-72.40788291972223, 8.360129458831087], [-72.39287209888818, 8.358301504348866], [-72.38832680318461, 8.348233752645111], [-72.39542986235682, 8.326131217472286], [-72.38128943606483, 8.315727155122772], [-72.3799071900491, 8.304305166896171], [-72.38627871636652, 8.303198046325177], [-72.38447524818179, 8.277532871643208], [-72.3936658329394, 8.252608888509611], [-72.38061666655119, 8.2467533333432], [-72.38644111123807, 8.241743056701816], [-72.36881499967694, 8.200817501814868], [-72.37405638877078, 8.195179445121719], [-72.36220472162802, 8.191232222159973], [-72.36704672122488, 8.184095044047938], [-72.35453051134635, 8.165724598629623], [-72.35374915608952, 8.156020881400018], [-72.36610964199116, 8.149134951493393], [-72.35874056360353, 8.12053547969985], [-72.37351588281336, 8.10513654862497], [-72.37045426917166, 8.093683704142089], [-72.35236849829647, 8.086637423931197], [-72.3464123227547, 8.037595264184054], [-72.35502071789597, 8.027312361306688], [-72.34713392562446, 8.01638469571365], [-72.35134609072088, 8.004400863829769], [-72.38338548127922, 8.034464871876175], [-72.41599819417672, 8.033352364104147], [-72.41159186436516, 8.021827056062797], [-72.42176184622667, 8.00848220716694], [-72.41874571073078, 7.995463523335923], [-72.43696683267427, 7.991308382441029], [-72.44824345540604, 7.963931676827027], [-72.4746920990832, 7.9596769144843185], [-72.48806630674301, 7.943475426996791], [-72.48652588524601, 7.9268400501862635], [-72.47996279483823, 7.930458710477786], [-72.47757445017385, 7.921397168813807], [-72.45708754620779, 7.911201729575526], [-72.46230465202348, 7.907441084152001], [-72.45491333402668, 7.895724738433503], [-72.45796636605564, 7.884703237446056], [-72.44459144064132, 7.859838388658093], [-72.45060258413912, 7.85142591354183], [-72.44698703830909, 7.827036867704713], [-72.46840475665311, 7.795384919939927], [-72.47365711777854, 7.758533140077849], [-72.4760360966003, 7.631621736176873], [-72.45250320070772, 7.564527764594867], [-72.47397236111749, 7.519702027063507], [-72.47513692001354, 7.48721058233545], [-72.46069829682705, 7.481044258342077], [-72.44711537712271, 7.461875291746516], [-72.44249435158378, 7.422577822320063], [-72.42859298514566, 7.4023850961833695], [-72.35348575277033, 7.396249317628958], [-72.32553873237822, 7.375971913531141], [-72.29983893120692, 7.390686694326955], [-72.25645253934977, 7.378444678339831], [-72.22214694815358, 7.394884036310897], [-72.19445002702071, 7.383795744630533], [-72.15386421434539, 7.328193193017096], [-72.17066506365859, 7.290156347501358], [-72.17441612315218, 7.257609784798503], [-72.04760561360865, 7.038183054663914], [-72.07791968408435, 7.045377053059531], [-72.12212912473876, 7.027676095606495], [-72.1530627143523, 7.035047797076589], [-72.15976204336465, 7.0472596494090896], [-72.18543674289197, 7.054041089893517], [-72.2057407928396, 7.023217600584928], [-72.20096781804756, 7.006687168642788], [-72.22084082363904, 6.985748925566163], [-72.24424683868483, 6.977025848709672], [-72.25541734155092, 6.983979265504116], [-72.25166927434793, 7.006877325071982], [-72.27652400809848, 7.012792372113833], [-72.29370962412077, 6.9898533708958945], [-72.31342579990832, 6.93222380336449], [-72.3500457010557, 6.892893168111325], [-72.37054519402221, 6.889853772519309], [-72.39232798619202, 6.872214493442878], [-72.43229077989037, 6.882895867738175], [-72.48901542969935, 6.924786390977347], [-72.5121467936113, 6.903453732379402], [-72.51374108442388, 6.887997283927703], [-72.54736680671499, 6.885951257846575], [-72.55259901232438, 6.922308950433876], [-72.54190933938548, 6.941897845623364], [-72.5623664542947, 6.999793604846857], [-72.6320281381972, 6.986918156603708], [-72.64912304226982, 6.997517819177379], [-72.66850496814857, 6.965503129615086], [-72.67731532808278, 7.007791445145337], [-72.69956306166466, 7.000789488744186], [-72.72177780009991, 7.005051653210744], [-72.73403882086075, 6.9868253273232055], [-72.75661490690698, 7.040642519904236], [-72.74989336703152, 7.0591073531813215], [-72.77229121191198, 7.060195185111137], [-72.78686778230008, 7.048790681707243], [-72.8004478390713, 7.073153337715153], [-72.82049116807133, 7.073037003996551], [-72.81905616305858, 7.090111202783104], [-72.83589555102645, 7.09661463961838], [-72.84012502487559, 7.126716075102637], [-72.85905286908428, 7.154524494318208], [-72.8436645049, 7.165312283126871], [-72.84192304118051, 7.192620115751466], [-72.83121971204184, 7.199233989759199], [-72.83241414982638, 7.207459482196688], [-72.85642292412837, 7.216958034831697], [-72.86807300377086, 7.257769350872946], [-72.87618716521183, 7.263461208609613], [-72.8708813102669, 7.277097190941294], [-72.83405531656445, 7.3042365084674605], [-72.84318434601488, 7.31537650362349], [-72.83683125044683, 7.355610083000685], [-72.85602475364618, 7.362785011045972], [-72.85066834686671, 7.374721619356054], [-72.87216468492869, 7.387425237714717], [-72.8771604663433, 7.406096645044215], [-72.90036225104308, 7.433364694846409], [-72.8960849769013, 7.479603549921126], [-72.92793320042495, 7.495061436576756], [-72.93926848319154, 7.512278419098295], [-72.97830107516353, 7.529047365616527], [-72.99223877039896, 7.596969474057578], [-72.98051755221411, 7.61088881579838], [-72.98235477731754, 7.620307810873493], [-73.03433021099602, 7.622944556081474], [-73.04858431109295, 7.606278663476464], [-73.08966575524823, 7.60960211197755], [-73.0998947744373, 7.619371270629446], [-73.12331751433038, 7.6081243058007315], [-73.16422388029048, 7.625516599181202], [-73.18159791090727, 7.6187097489304225], [-73.21903680765018, 7.632110967155272], [-73.25917694599497, 7.587377123757476], [-73.24754340524834, 7.558261216383738], [-73.2565710390769, 7.531573137357421], [-73.28376247779653, 7.549366131776236], [-73.35534401211152, 7.544349893909867], [-73.38644380994793, 7.5821386227497305], [-73.39921611175174, 7.576730875414355], [-73.39574976183621, 7.567186193354453], [-73.40874438517193, 7.565163559421924], [-73.46769516533521, 7.576225022894992], [-73.48946308588364, 7.594331195424243], [-73.50556377962158, 7.595783951161061], [-73.50857392334973, 7.611485630897612], [-73.52089578705323, 7.619327419333868], [-73.51788246418477, 7.6414303407826365], [-73.53756257438152, 7.663244917168405], [-73.55882629171873, 7.672356009942965], [-73.55908975342845, 7.691290771184254], [-73.59691828844814, 7.701346700151168], [-73.6000278128754, 7.725856175129472], [-73.63314898071377, 7.745177346099874], [-73.58822280157074, 7.741325968963691], [-73.55890598402601, 7.7283191563786025], [-73.55165303813425, 7.7121175143807115], [-73.52181642171428, 7.707428535728083], [-73.50805821720218, 7.682024888681463], [-73.490833257634, 7.674369490933692], [-73.46274299716242, 7.692269357108708], [-73.43930720024633, 7.6965471513753565], [-73.40343758609686, 7.724082012707636], [-73.39101712772077, 7.7548453220307865], [-73.35420393502136, 7.789752269312443], [-73.34309533241588, 7.812147917809549], [-73.34682802404228, 7.848473677958027], [-73.35553958089463, 7.860383844336686], [-73.34787872857186, 7.898538976509969], [-73.33340059115943, 7.907278363191757], [-73.30345930385744, 7.906506304607262], [-73.3027769789565, 7.92242717973602], [-73.27861843022447, 7.936208906652182], [-73.27603233207253, 7.9460460839949265], [-73.27925050602335, 7.987902579024], [-73.28878064704247, 7.992430034171609], [-73.29836207561698, 7.985009369987957], [-73.3092888267247, 8.015515331540042], [-73.32349967200793, 8.01409733973406], [-73.33236313229929, 8.021630920442348], [-73.36702559928938, 8.01262964051061], [-73.37757292687155, 8.105542597338404], [-73.39339589274334, 8.112755711898497], [-73.39645283963341, 8.106569186574996], [-73.39655281322109, 8.121900015415568], [-73.40557129231127, 8.113071540041167], [-73.42966420468639, 8.123275652520428], [-73.42239947558369, 8.135121144638644], [-73.43552115583611, 8.13937005804588], [-73.43765806364866, 8.152719867442713], [-73.42651218631909, 8.164489229974905], [-73.42808426177697, 8.180522132295334], [-73.44890370615656, 8.19251865648605], [-73.42933976528661, 8.224861129878581], [-73.42803155578065, 8.244506301870533], [-73.44211685421635, 8.249436957171607], [-73.44063379109429, 8.25724332141474], [-73.4184522696898, 8.2655611508556], [-73.4062428589798, 8.255454114894839], [-73.39179857011425, 8.268646551006567], [-73.3741785033215, 8.266005731037282], [-73.37659124175684, 8.31051991281691], [-73.35067338156301, 8.33108200852647], [-73.35387449379806, 8.36529218598591], [-73.35005468079106, 8.406100916673713], [-73.33928689837768, 8.419411469661355], [-73.34205511842055, 8.43556879144276], [-73.37035414932711, 8.459076246127125], [-73.41439876965688, 8.459258383289427], [-73.41321917384926, 8.435953914783301], [-73.39898882432902, 8.41771065563918], [-73.40178235981506, 8.390671025137882], [-73.39316235304125, 8.382126308923214], [-73.42479497443662, 8.361077494825041], [-73.43424164483139, 8.365376585469082], [-73.44180746610112, 8.340839011166235], [-73.45849249014253, 8.347084054590692], [-73.4566994621863, 8.36163429982796], [-73.48805208117949, 8.383977217175875], [-73.52999783468425, 8.38078982671782], [-73.47329328379749, 8.446829541828794], [-73.47767132294331, 8.470115004663304], [-73.52277299620181, 8.482929071872443], [-73.54770129484626, 8.471406183894462], [-73.55932300656775, 8.479457778524086], [-73.56136258184176, 8.491259468754183], [-73.5739196201825, 8.490813978578432], [-73.5777276886061, 8.495809957622333], [-73.56878635330071, 8.497665149943995], [-73.57605110935293, 8.506396332305721], [-73.5546142946074, 8.507027546619549], [-73.53184585574934, 8.527936231506558], [-73.51499289871828, 8.528976117616523], [-73.54719751204692, 8.564321206849115], [-73.54197370479386, 8.588226941610161], [-73.55224160309933, 8.60687471514402], [-73.52158612583122, 8.638261667773751], [-73.52154974762652, 8.658152460021375], [-73.50733924999156, 8.684948825651604], [-73.47176622205603, 8.707454445095136], [-73.4713374603208, 8.727118293076781], [-73.4583904567163, 8.74966770901855], [-73.41461794708277, 8.766029819000176], [-73.411910426252, 8.783343918464471], [-73.42454778122965, 8.80028253172227], [-73.42982271793448, 8.834540973903783], [-73.44824594031672, 8.862248706268826], [-73.44727949423469, 8.870919457116564], [-73.4328829499662, 8.873371459147567], [-73.42568450310955, 8.899569218436483], [-73.43739622160268, 8.910031511425744], [-73.43025199260819, 8.919723405918463], [-73.4396647515739, 8.97530806397559], [-73.4368443941687, 8.999157857904414], [-73.42277092655473, 9.013474498760825], [-73.4119353149951, 9.052667527274203], [-73.41794494842372, 9.088826418937462], [-73.42947251573014, 9.10241010400658], [-73.42420444934606, 9.12380257068718], [-73.40595191598698, 9.161390159388143], [-73.3811894671374, 9.15277944210032], [-73.37170120291523, 9.158101385884667], [-73.36904386201627, 9.172574465777531], [-73.30107175869432, 9.171443157149934], [-73.25094671044866, 9.158230888915856], [-73.21361668780833, 9.183199597406439], [-73.1769815215772, 9.17663692830909], [-73.13005567035685, 9.228397127268934], [-73.08816520730352, 9.226235928093477], [-73.07280690795915, 9.243019706707186], [-73.07092160588178, 9.264125875586997], [-73.05017800632203, 9.258400139659035], [-73.03594795414438, 9.281460890542752], [-73.01086876086987, 9.290745742784514]]]}}, {"type": "Feature", "properties": {"dpto_ccdgo": "63", "dpto_cnmbr": "QUINDIO", "dpto_ano_c": 1966, "dpto_act_a": "Ley 2 TM de 1966", "dpto_narea": 1933.57084666, "dpto_nano": 2024, "shape_Leng": 2.55482543763, "shape_Area": 0.157423729434}, "geometry": {"type": "Polygon", "coordinates": [[[-75.7019439948296, 4.720491903184196], [-75.65978547068869, 4.699894917779515], [-75.64671376016207, 4.709518773818383], [-75.61737143403622, 4.7008420716271555], [-75.60649729909329, 4.70946166966695], [-75.51490226975096, 4.69366783348858], [-75.49478783903953, 4.668321683157588], [-75.47937845066758, 4.663172532252505], [-75.46459723760648, 4.67939093592862], [-75.44119762036723, 4.681104146711574], [-75.43870670598204, 4.6953163125188615], [-75.41340765795132, 4.697944916288894], [-75.39603490384161, 4.715352150461087], [-75.38317170593336, 4.704006130123736], [-75.42151430587728, 4.658615796494821], [-75.41539123669747, 4.624475024726199], [-75.42100092726645, 4.610864251836429], [-75.43232224211755, 4.601056772820644], [-75.46887076217729, 4.598322770532637], [-75.49012838893196, 4.569744127093821], [-75.51503550438679, 4.5555873891803405], [-75.52467875327181, 4.542343954770992], [-75.52462512560328, 4.4979296459676466], [-75.57734501710712, 4.452690363275852], [-75.5828045703264, 4.386921826409132], [-75.60032272406727, 4.333856858493681], [-75.59295618072741, 4.318893597204049], [-75.60441231664043, 4.289164389734189], [-75.59710189199939, 4.279506154243698], [-75.6167662205807, 4.2723322071595025], [-75.6234636092305, 4.257533436512627], [-75.64331059599738, 4.246054307303638], [-75.64637890838151, 4.22623987281434], [-75.65981501360693, 4.220243229035264], [-75.6561913317289, 4.200502982871149], [-75.69138280533326, 4.160955035096114], [-75.69644123710236, 4.131950464109081], [-75.71459114235, 4.126719477514708], [-75.71985648503994, 4.11235245730042], [-75.73310632444282, 4.114143808998915], [-75.73263819131398, 4.10258403616597], [-75.74699985397211, 4.095275287782789], [-75.75239640739204, 4.0773907091495], [-75.76709653306108, 4.07531142920667], [-75.78497090862186, 4.089910986602435], [-75.83904134995976, 4.097565540831495], [-75.83309250198158, 4.114597366052349], [-75.84223404497385, 4.124363255732274], [-75.84185403664458, 4.156130601170454], [-75.81947313400389, 4.201624154901026], [-75.82399040673982, 4.225853200776957], [-75.78737066100109, 4.293618998640753], [-75.7971673799882, 4.313083176128428], [-75.78973512662952, 4.351783554672632], [-75.80377525414355, 4.368887686246637], [-75.80107116038835, 4.390569099861899], [-75.81243584503761, 4.404518952905595], [-75.82818986964799, 4.40740087729608], [-75.83785690324572, 4.400846964084774], [-75.85735203311009, 4.415280890874753], [-75.88517445258145, 4.410939246103508], [-75.89579562623038, 4.42517761489022], [-75.8875558146355, 4.430118404094054], [-75.88809119659845, 4.446693728479963], [-75.86547679827316, 4.454767242918297], [-75.88139113186531, 4.467422574995318], [-75.87301402075474, 4.472407921571101], [-75.87912089958525, 4.486026709236221], [-75.87050662766075, 4.51269540529816], [-75.87189331584915, 4.524586646853595], [-75.88130378590569, 4.527616373870506], [-75.86428405561088, 4.57056265825994], [-75.87255156228804, 4.580252802833112], [-75.85975537605839, 4.595169006737383], [-75.86496308728539, 4.6147643626155865], [-75.82508812194231, 4.66346988383164], [-75.75787292261401, 4.6507437797251665], [-75.70846995334557, 4.655063981693507], [-75.71360663292978, 4.713757299997694], [-75.7019439948296, 4.720491903184196]]]}}, {"type": "Feature", "properties": {"dpto_ccdgo": "66", "dpto_cnmbr": "RISARALDA", "dpto_ano_c": 1966, "dpto_act_a": "Ley 70 del 1 de Diciembre de 1966", "dpto_narea": 3556.75006368, "dpto_nano": 2024, "shape_Leng": 4.85153003321, "shape_Area": 0.289788645681}, "geometry": {"type": "Polygon", "coordinates": [[[-76.00823561212667, 5.563659949743302], [-75.98339487503773, 5.519400507923394], [-75.95926791019792, 5.505081593429149], [-75.93079979106727, 5.5088746168562785], [-75.90502306530027, 5.4798592184665145], [-75.86802412600485, 5.49024212547426], [-75.86467124238334, 5.44506332280542], [-75.85064151287702, 5.412476716768566], [-75.86067798521799, 5.371708953781977], [-75.83893967675823, 5.36983909824827], [-75.83313117179046, 5.361079598271298], [-75.82834369368658, 5.367408964821956], [-75.80917475763312, 5.362126563111368], [-75.78845441188139, 5.366818857448349], [-75.76310139482206, 5.3868941817686995], [-75.74210962468754, 5.3838342830123205], [-75.73941607177233, 5.397644673395347], [-75.72522650939175, 5.397141540078517], [-75.71244974026246, 5.386248632128136], [-75.69843357712443, 5.38779449292847], [-75.69778274269083, 5.376454770684576], [-75.68034770114627, 5.356270327919701], [-75.66617087239501, 5.354000321117085], [-75.65984859804894, 5.318755356389257], [-75.64815884787356, 5.308686686606542], [-75.6619932691084, 5.290434517066047], [-75.66622917669667, 5.268471334061048], [-75.69263834657215, 5.255185182030923], [-75.73480751126613, 5.264365800870557], [-75.74927234102535, 5.284523874467554], [-75.76314459843178, 5.2733689573844185], [-75.78694587880574, 5.284818182552113], [-75.82366414375849, 5.270118110782483], [-75.82060058795759, 5.243741786035782], [-75.80497942608025, 5.235080546557788], [-75.80831433889023, 5.207404913718416], [-75.802375204403, 5.200359328804122], [-75.83382269544722, 5.150083376048491], [-75.8365688214081, 5.114781864125139], [-75.84584852090956, 5.105580898428087], [-75.87503403340116, 5.132230477427199], [-75.8918282540406, 5.130996997931043], [-75.88837846637716, 5.116562187198115], [-75.89987578199396, 5.118437496408273], [-75.89891890567225, 5.1066598334362485], [-75.9173516681704, 5.0786863504523545], [-75.91225197135753, 5.073666490575859], [-75.92203422476206, 5.042051382750218], [-75.90386704040617, 5.023616511904971], [-75.90442621337007, 4.995729226832863], [-75.89216009286929, 4.961530422952297], [-75.86072690121915, 4.942129236280882], [-75.8671185138823, 4.93329365702351], [-75.81480708576532, 4.919438477503028], [-75.80274562231062, 4.936486135543371], [-75.792188903733, 4.937768377428673], [-75.78836707580325, 4.9493832592532785], [-75.79624084428934, 4.966341520478579], [-75.79324701397974, 4.980117921279152], [-75.77853404329016, 4.993165879431994], [-75.78561035779848, 4.996047637633976], [-75.78139178591232, 5.010384384599143], [-75.77061721133168, 5.007478611715468], [-75.77242631824595, 5.020078296709605], [-75.74681297100648, 5.046819019748403], [-75.71990894310107, 4.99271937326085], [-75.7137879481329, 4.9562656327268355], [-75.70238478501608, 4.9455003000215285], [-75.65553959808096, 4.945802033586107], [-75.63950501321409, 4.974998157883712], [-75.62307886677593, 4.9709598591542425], [-75.61706107933298, 4.931405170415928], [-75.59497491866347, 4.926196528533747], [-75.58757241663244, 4.934562712528263], [-75.5645941778692, 4.937803213224837], [-75.55737013439642, 4.924111793117915], [-75.54338247302843, 4.928460260599178], [-75.53745761278242, 4.91653321216793], [-75.51193141836461, 4.924286891075956], [-75.48008524120485, 4.916464207126097], [-75.48404645184519, 4.9106760669822], [-75.47427281598601, 4.903948141876854], [-75.4729462673589, 4.890789717805502], [-75.45634952622072, 4.886899300754319], [-75.43874710325252, 4.855231645035903], [-75.42686677264282, 4.8163908731756235], [-75.40553666436335, 4.804059401982943], [-75.3754990703996, 4.802684967723203], [-75.37892422174673, 4.761290985958072], [-75.38800026312958, 4.74684932287071], [-75.37793799564469, 4.729580021527021], [-75.4119110787667, 4.698896656039724], [-75.43870670598204, 4.6953163125188615], [-75.44035053173548, 4.681713291197855], [-75.46459723760648, 4.67939093592862], [-75.47937845066758, 4.663172532252505], [-75.49478783903953, 4.668321683157588], [-75.51370658690041, 4.693239531691135], [-75.54578583034976, 4.7014802020758255], [-75.5827288638472, 4.707571186102886], [-75.59308427789404, 4.702631423674225], [-75.60649729909329, 4.70946166966695], [-75.62154144116278, 4.701044324779603], [-75.64671376016207, 4.709518773818383], [-75.65978547068869, 4.699894917779515], [-75.70293742003611, 4.721360404974468], [-75.72974634322657, 4.707933105941143], [-75.75395720269591, 4.709884144088434], [-75.77604004768108, 4.721772014263927], [-75.79056564582271, 4.716406953108272], [-75.83109515564445, 4.737821919011353], [-75.84122951029337, 4.728279833084698], [-75.85085525818607, 4.734009200904265], [-75.85609931078687, 4.7278300067376], [-75.84454278985743, 4.759658946110631], [-75.85197175178627, 4.778653766064702], [-75.87095531224821, 4.776244868828699], [-75.88863635044288, 4.754680602806394], [-75.89773837112438, 4.758817720787401], [-75.90773470490984, 4.752056916418131], [-75.91681430991224, 4.756545364888382], [-75.91515217827532, 4.763740947015144], [-75.92325312997951, 4.760258745415565], [-75.92045024931213, 4.769777636823127], [-75.92907438205134, 4.768253849443587], [-75.9288830892524, 4.7792379211965725], [-75.9215829018205, 4.7781433662697514], [-75.92794082134549, 4.787470852588872], [-75.91747119270747, 4.794485505788392], [-75.9357097617443, 4.807727204651243], [-75.9107611117509, 4.816590697281621], [-75.90060806943421, 4.852073174963171], [-75.91424119242646, 4.873511815984452], [-75.94280888898737, 4.856706573008283], [-75.95574010289158, 4.864786816731801], [-75.9744318409094, 4.860979370841292], [-75.98816081242222, 4.874509890874524], [-75.98757546073347, 4.9114010547066], [-76.02771486515411, 4.9385966948493], [-76.04908864506592, 5.007150578153338], [-76.06418394443494, 5.015412068807966], [-76.07981508211151, 5.040933979155934], [-76.06978820109049, 5.094996869247755], [-76.06169421043694, 5.1022706794267], [-76.06090975598994, 5.137100610484399], [-76.08544533333708, 5.159982083545651], [-76.11775993378183, 5.168214803833777], [-76.13248693257401, 5.183449257740625], [-76.1424925935745, 5.2060423156703015], [-76.1420230500895, 5.233378448842107], [-76.17361817397847, 5.260251416572558], [-76.17751769815737, 5.288370013523162], [-76.21142656785509, 5.348616176136256], [-76.19702986817799, 5.3702473289712565], [-76.19121719592226, 5.414584253241134], [-76.18394643642421, 5.4144511057419535], [-76.1779780689377, 5.401276988988384], [-76.168127204852, 5.410631072647648], [-76.15247631769824, 5.4075667335153135], [-76.14355522863889, 5.417145683635662], [-76.1189862698692, 5.4215160592475105], [-76.10244762103008, 5.447452227120579], [-76.08533526267763, 5.449751095917992], [-76.07557115884953, 5.499594101684174], [-76.08554814739989, 5.533459569243268], [-76.0747858420192, 5.546602500058557], [-76.03704395317095, 5.567172195521452], [-76.00823561212667, 5.563659949743302]]]}}, {"type": "Feature", "properties": {"dpto_ccdgo": "68", "dpto_cnmbr": "SANTANDER", "dpto_ano_c": 1910, "dpto_act_a": " Ley 25 14 de Julio de 1910", "dpto_narea": 30561.5656447, "dpto_nano": 2024, "shape_Leng": 11.8768621434, "shape_Area": 2.49910967149}, "geometry": {"type": "Polygon", "coordinates": [[[-73.7742855346861, 8.108254629512006], [-73.79142251408354, 8.102805376384172], [-73.77329654985556, 8.092184773166222], [-73.76447512985476, 8.063556548074152], [-73.74272359459019, 8.051489321922707], [-73.74982938104978, 8.044267897041275], [-73.73367640532064, 8.035120877914968], [-73.73709411771296, 8.023736343177381], [-73.72116892078543, 8.010589127394777], [-73.72727967405291, 7.991397366929028], [-73.7192271739205, 7.989581882869492], [-73.72785069221158, 7.985943384167432], [-73.71957429040941, 7.983688734076794], [-73.72369300459064, 7.968037903517413], [-73.70839528767732, 7.969823581452074], [-73.69697745236527, 7.950525066909533], [-73.68232104504096, 7.951418708073048], [-73.68388552972868, 7.939688171656684], [-73.67427141143492, 7.94115913715715], [-73.67782172964189, 7.9137678617559475], [-73.67077797190206, 7.903500483575765], [-73.67138456696762, 7.891225573053338], [-73.68981623980847, 7.884110040763656], [-73.69290672173315, 7.8715786448535425], [-73.72510051664221, 7.8487181798102625], [-73.72478309937856, 7.834626444940863], [-73.74361432341323, 7.830808050374928], [-73.75116788177127, 7.819740442420454], [-73.75087547003176, 7.8030421179129075], [-73.73738935106303, 7.785029222025504], [-73.74057665977438, 7.776749500047711], [-73.76187010867625, 7.771390273454379], [-73.75835153785499, 7.751032480854397], [-73.63304263177753, 7.749194901814509], [-73.63164811027366, 7.741257054651742], [-73.6000278128754, 7.725856175129472], [-73.59691828844814, 7.701346700151168], [-73.55908975342845, 7.691290771184254], [-73.55882629171873, 7.672356009942965], [-73.53756257438152, 7.663244917168405], [-73.51788246418477, 7.6414303407826365], [-73.52089578705323, 7.619327419333868], [-73.50857392334973, 7.611485630897612], [-73.50556377962158, 7.595783951161061], [-73.48946308588364, 7.594331195424243], [-73.46769516533521, 7.576225022894992], [-73.40874438517193, 7.565163559421924], [-73.39574976183621, 7.567186193354453], [-73.39921611175174, 7.576730875414355], [-73.38644380994793, 7.5821386227497305], [-73.35534401211152, 7.544349893909867], [-73.28376247779653, 7.549366131776236], [-73.2565710390769, 7.531573137357421], [-73.24754340524834, 7.558261216383738], [-73.25917694599497, 7.587377123757476], [-73.21903680765018, 7.632110967155272], [-73.18159791090727, 7.6187097489304225], [-73.16422388029048, 7.625516599181202], [-73.12331751433038, 7.6081243058007315], [-73.0998947744373, 7.619371270629446], [-73.08966575524823, 7.60960211197755], [-73.04858431109295, 7.606278663476464], [-73.03433021099602, 7.622944556081474], [-72.98235477731754, 7.620307810873493], [-72.98051755221411, 7.61088881579838], [-72.99223877039896, 7.596969474057578], [-72.97830107516353, 7.529047365616527], [-72.93926848319154, 7.512278419098295], [-72.92793320042495, 7.495061436576756], [-72.8960849769013, 7.479603549921126], [-72.90036225104308, 7.433364694846409], [-72.8771604663433, 7.406096645044215], [-72.87216468492869, 7.387425237714717], [-72.85066834686671, 7.374721619356054], [-72.85602475364618, 7.362785011045972], [-72.83683125044683, 7.355610083000685], [-72.84318434601488, 7.31537650362349], [-72.83405531656445, 7.3042365084674605], [-72.8708813102669, 7.277097190941294], [-72.87618716521183, 7.263461208609613], [-72.86807300377086, 7.257769350872946], [-72.85642292412837, 7.216958034831697], [-72.83241414982638, 7.207459482196688], [-72.83121971204184, 7.199233989759199], [-72.84192304118051, 7.192620115751466], [-72.8436645049, 7.165312283126871], [-72.85905286908428, 7.154524494318208], [-72.84012502487559, 7.126716075102637], [-72.83589555102645, 7.09661463961838], [-72.81905616305858, 7.090111202783104], [-72.81934448386698, 7.072077149757296], [-72.8004478390713, 7.073153337715153], [-72.78686778230008, 7.048790681707243], [-72.77229121191198, 7.060195185111137], [-72.74989336703152, 7.0591073531813215], [-72.75661490690698, 7.040642519904236], [-72.73403882086075, 6.9868253273232055], [-72.72177780009991, 7.005051653210744], [-72.69956306166466, 7.000789488744186], [-72.67731532808278, 7.007791445145337], [-72.66850496814857, 6.965503129615086], [-72.64912304226982, 6.997517819177379], [-72.6320281381972, 6.986918156603708], [-72.5623664542947, 6.999793604846857], [-72.54190933938548, 6.941897845623364], [-72.55259901232438, 6.922308950433876], [-72.54736680671499, 6.885951257846575], [-72.51374108442388, 6.887997283927703], [-72.5121467936113, 6.903453732379402], [-72.50294149982744, 6.908158765735591], [-72.49640267473143, 6.896461967373251], [-72.50062397120996, 6.87123505591482], [-72.47705870719534, 6.842202642521723], [-72.48403867371934, 6.808145092543907], [-72.49888917389353, 6.795241513535271], [-72.4985835937398, 6.764375163773643], [-72.48755187710248, 6.74364738266107], [-72.49889420266652, 6.7282596805361665], [-72.48470642344319, 6.702568230111229], [-72.49110945999092, 6.6818281654256255], [-72.48553524661577, 6.657101121007051], [-72.49702481066379, 6.633891268531985], [-72.5188382569687, 6.6200989899961264], [-72.5270478698746, 6.591630952613139], [-72.54266503155083, 6.582811495433041], [-72.54590690307771, 6.567152706692255], [-72.53632280919959, 6.540418788397079], [-72.5494686200164, 6.521468814174344], [-72.5446239398446, 6.502979014000651], [-72.53438528621649, 6.496050494932513], [-72.53923745475049, 6.487973173430932], [-72.56809531276929, 6.483649796813861], [-72.58809886882841, 6.472072553531347], [-72.60561346344127, 6.448836782843047], [-72.6490698098603, 6.436400568004735], [-72.66277255413922, 6.446572785774458], [-72.69521671780228, 6.524907674721825], [-72.71913719662467, 6.5526977655960295], [-72.74342940669266, 6.5589234044965625], [-72.74273729913045, 6.568905045425155], [-72.76460303730806, 6.582838993784116], [-72.78186639000376, 6.579749465871098], [-72.8088637403651, 6.559205823368801], [-72.80857913768659, 6.538807342443889], [-72.77844890398706, 6.528686290956947], [-72.7653771799857, 6.499138643032131], [-72.73592265868308, 6.490688268862092], [-72.73682438019904, 6.473029359784412], [-72.7248835363286, 6.4567018170024895], [-72.73797620726242, 6.440268768802977], [-72.72558927403946, 6.372056533040027], [-72.73144194381507, 6.356927713908196], [-72.74838029027353, 6.3476287491220855], [-72.74963668491262, 6.324381055983822], [-72.75791633143217, 6.315094798775856], [-72.75464397465345, 6.279644115192457], [-72.74585651099744, 6.274878988987465], [-72.7446775350279, 6.229182198448393], [-72.77501609808928, 6.210482882237442], [-72.8037375683831, 6.21596797547874], [-72.83127065464384, 6.14878329284539], [-72.86843404775101, 6.144522181205243], [-72.87251881277399, 6.125122362669081], [-72.89500233633959, 6.123868668367952], [-72.90091430036108, 6.111785898654769], [-72.91597507025978, 6.107376271125273], [-72.9227723498521, 6.087929397000407], [-72.95273591539092, 6.067449350779333], [-72.96265532727557, 6.027425194014581], [-72.98297150538752, 6.010017516972579], [-73.0091299435893, 5.964709024422826], [-73.01799016634976, 5.970410605531932], [-73.03406316231047, 6.023434199707369], [-73.06219704680365, 6.011052394072528], [-73.06781644996522, 5.982041703756949], [-73.10077675456085, 5.9622609588125615], [-73.14263910391662, 5.961076946883531], [-73.17551371006414, 5.994537466166292], [-73.1993145403818, 6.003134278420732], [-73.22048733915665, 5.972724301034917], [-73.21630119468148, 5.962283184947052], [-73.22473870137338, 5.94113991381981], [-73.20830580139551, 5.921504988020155], [-73.22132379532025, 5.910570092779951], [-73.22184627207554, 5.897267970487953], [-73.22098261580174, 5.890703180466544], [-73.20610358870465, 5.887472447159795], [-73.18644773124322, 5.846189395742598], [-73.20495327171045, 5.826582487520673], [-73.2468909053369, 5.815959385187617], [-73.26527981743783, 5.834937148815814], [-73.27048027925474, 5.853546006402241], [-73.28347235496625, 5.86022814074782], [-73.29006960473822, 5.850360196082041], [-73.31263154230743, 5.856184232933289], [-73.32924004419874, 5.851541376519014], [-73.35147171319556, 5.872571855089272], [-73.34574940164799, 5.8422488625400835], [-73.3511303090981, 5.823139052748091], [-73.39048013777222, 5.751068437475777], [-73.41712301084328, 5.768642791661631], [-73.43080930875288, 5.767068564736954], [-73.42712588436922, 5.776365582872321], [-73.43589321496705, 5.798198038441454], [-73.47347757961313, 5.816830868488655], [-73.45108873496065, 5.867043890615199], [-73.44887988820614, 5.879766480509466], [-73.45690332691765, 5.890356060384334], [-73.44448609708928, 5.902000821995732], [-73.42050503763255, 5.889364354554695], [-73.4066096530807, 5.890871967754735], [-73.37387456978104, 5.969414447648186], [-73.37070869758435, 6.005232175064318], [-73.41908093458278, 6.068374577631665], [-73.41483270479392, 6.073094708086543], [-73.43807888876205, 6.071378101669148], [-73.49741541659552, 6.10803216038295], [-73.51520286032036, 6.099078778660332], [-73.51389056257824, 6.087263914626129], [-73.52664913092707, 6.076869227102396], [-73.52436637073208, 6.059400826593768], [-73.53964673667184, 6.0374256968842195], [-73.5847918291359, 6.008185209251035], [-73.60298855281684, 5.937484854662325], [-73.63590028277144, 5.911162379468165], [-73.6315040123024, 5.895242667658681], [-73.61126682042135, 5.887144223154705], [-73.60017153265562, 5.868990527014074], [-73.62432537780506, 5.812293882208277], [-73.62960544209767, 5.745854127219603], [-73.6440097235618, 5.7152057780899765], [-73.65176340875831, 5.7123941855540865], [-73.67232785985311, 5.747687251510437], [-73.69336221555591, 5.757226351434734], [-73.71587714874045, 5.781693267794218], [-73.72672186293607, 5.770441102614181], [-73.76360922509599, 5.772915101709046], [-73.81253161686402, 5.714967980370051], [-73.82039303440348, 5.716566221077998], [-73.81921366137823, 5.737476804106709], [-73.83639323532714, 5.739862185226517], [-73.8564521986188, 5.72624635212269], [-73.8611431041594, 5.711508600488472], [-73.88305204235348, 5.707572614561541], [-73.87454942392128, 5.727865180436765], [-73.88414408738544, 5.722771383763573], [-73.88623067602725, 5.735796844490518], [-73.92451572176344, 5.743026232943256], [-73.94386663507885, 5.736090102443666], [-73.96243084815728, 5.739438012089429], [-73.98261122065298, 5.720910168233153], [-74.01406685313515, 5.7643114658462915], [-74.01103431798236, 5.774725815710623], [-74.02506369175552, 5.780755361211497], [-74.02603033367046, 5.806822432590368], [-74.05581100207166, 5.8196869833621285], [-74.07925943919219, 5.818500395062839], [-74.07962584072902, 5.834489448782691], [-74.10307663503079, 5.876997637035416], [-74.13333312434918, 5.875921147243374], [-74.18041643868617, 5.911088567537418], [-74.18963105339685, 5.884212853654963], [-74.20007265188076, 5.876657088134738], [-74.19730385601736, 5.852941547532166], [-74.21474874669849, 5.853837279975348], [-74.23182234271559, 5.835812437383454], [-74.26608114242794, 5.8345907896072795], [-74.27498091804188, 5.868483359360086], [-74.23114068975502, 5.905005996239723], [-74.22449041508446, 5.923237040981174], [-74.23889663331795, 5.943694758659731], [-74.22222488998028, 5.967910212116329], [-74.26008464956578, 6.0124815249968835], [-74.26557556120002, 6.0525188564641095], [-74.25871623042997, 6.065524406915199], [-74.27763387875206, 6.073664327567231], [-74.2755346966182, 6.080424081805049], [-74.29807339295587, 6.084108162857582], [-74.31534928793957, 6.067740565961849], [-74.33732563127467, 6.064977650475069], [-74.34755227531622, 6.038518749826695], [-74.36696561440709, 6.046866590208461], [-74.38305881169805, 6.040277892404987], [-74.3808331152303, 6.048117930023353], [-74.40193763300601, 6.066317878658179], [-74.40798644558862, 6.0864566564274725], [-74.43017165817355, 6.0866944002484695], [-74.45169464657636, 6.099285650055318], [-74.45262554270101, 6.135675445761504], [-74.47947584681799, 6.159641996515795], [-74.46962850682598, 6.201394079377801], [-74.48286059101315, 6.199806322017535], [-74.50841812228629, 6.216470541059873], [-74.52895432224119, 6.263266832653589], [-74.52657102162118, 6.273641080793387], [-74.45038759499971, 6.3318787049503955], [-74.44039386094079, 6.3710541525213165], [-74.42353263760589, 6.38997770277896], [-74.39025347844097, 6.394085117043122], [-74.36949796271955, 6.412217322770052], [-74.4046812661399, 6.470891262601504], [-74.39379523210323, 6.5004606434852645], [-74.40673399455676, 6.542633674529953], [-74.40473599604223, 6.593854669192306], [-74.35939388670971, 6.632838418823787], [-74.33022578717544, 6.629572731143178], [-74.31222182234512, 6.654311719571295], [-74.25901325771702, 6.6733677085567935], [-74.22917779114152, 6.711423022551159], [-74.1773108039672, 6.724945430790918], [-74.14261450639651, 6.756588657704036], [-74.11514600905616, 6.765573502046281], [-74.08123923512966, 6.821495272046926], [-74.07723499874618, 6.841886664360296], [-74.02296036928323, 6.891313163218135], [-74.01064647813422, 6.913279397802622], [-73.9156177212219, 6.9691245243805335], [-73.88420883890103, 7.005244744438313], [-73.888175250791, 7.070210070918316], [-73.9311002370078, 7.119065792366212], [-73.93134409297085, 7.1593517049385875], [-73.93876801265196, 7.17676936047472], [-73.92239731836213, 7.218552697547089], [-73.92454779433956, 7.2675652937147], [-73.90395856768953, 7.359144535150357], [-73.90751962616258, 7.38143924796343], [-73.89596907364466, 7.408783373452733], [-73.895357304279, 7.431371639764888], [-73.91742851607194, 7.475973474728209], [-73.90996537771093, 7.497946383800557], [-73.88154155993215, 7.506280773696903], [-73.86657741919066, 7.533136508133209], [-73.84835785043555, 7.535924350990687], [-73.84070375973732, 7.566162771580087], [-73.83053748073434, 7.5757018589279665], [-73.82871180977133, 7.602441177898918], [-73.81031148276901, 7.616571711934686], [-73.81842576997423, 7.642814403193273], [-73.80337511241879, 7.644527733452224], [-73.79731404860257, 7.654394966651686], [-73.81566609561145, 7.6881568610709765], [-73.8109439044195, 7.706175996661267], [-73.83185068128404, 7.729819637847905], [-73.79813688360065, 7.774987191803772], [-73.82162745713151, 7.8230281388430685], [-73.82121154401005, 7.864886882357113], [-73.83536677544805, 7.8962266617186705], [-73.83158918958128, 7.935872869992779], [-73.86731027616327, 7.981893728028805], [-73.86755275231292, 8.06361557552017], [-73.86147219234454, 8.07850126452826], [-73.8235734054204, 8.105633033505052], [-73.8067711843787, 8.130394321729577], [-73.78397636916623, 8.135255787834035], [-73.77526100704733, 8.145010135950029], [-73.7742855346861, 8.108254629512006]]]}}, {"type": "Feature", "properties": {"dpto_ccdgo": "70", "dpto_cnmbr": "SUCRE", "dpto_ano_c": 1966, "dpto_act_a": "Ley 47 del 8 de Agosto de 1966", "dpto_narea": 10591.8724148, "dpto_nano": 2024, "shape_Leng": 8.55839098274, "shape_Area": 0.870812526811}, "geometry": {"type": "Polygon", "coordinates": [[[-75.4974775875865, 10.145482636965912], [-75.54492155423799, 10.044378204232466], [-75.5168244620732, 10.025244274655844], [-75.49082343937738, 10.038253769612535], [-75.47610976171313, 10.018560556579162], [-75.4844191371024, 10.006868579478803], [-75.47018244816616, 10.00401336651456], [-75.48009600033555, 9.978449511995876], [-75.46418014679273, 9.961382157478901], [-75.47775063560022, 9.935089343780769], [-75.46918593544757, 9.924713811049106], [-75.4820489033869, 9.929895498959697], [-75.46382638456203, 9.905876745266038], [-75.46550715086602, 9.8917699698918], [-75.44973990214584, 9.894749853845449], [-75.44609644024774, 9.913207662291429], [-75.43085376585066, 9.912734033265304], [-75.43306985033718, 9.897137737673626], [-75.42759242961267, 9.892876220892914], [-75.3966963455905, 9.893831778486721], [-75.42178151356472, 9.884455492947533], [-75.39358453764396, 9.880814634369349], [-75.37676829478784, 9.849402360906527], [-75.33826145303465, 9.828226992948572], [-75.33560480922887, 9.811901828009091], [-75.35997418913286, 9.737500230040556], [-75.37795970794241, 9.720356970516514], [-75.37011651274304, 9.692423674597116], [-75.38075080180556, 9.68220967165867], [-75.37142756541914, 9.674629472841582], [-75.38350708772037, 9.650607013594403], [-75.3744327612228, 9.6451676832651], [-75.37385790366153, 9.630082985821947], [-75.36254651160897, 9.630689168560451], [-75.36289915543625, 9.64700747036571], [-75.3562458327795, 9.647309142844817], [-75.33097115157034, 9.631863521795815], [-75.33432901994735, 9.619935881374337], [-75.32708239191203, 9.61670761933494], [-75.31472835142773, 9.652764226043494], [-75.30072494886844, 9.657171566460477], [-75.299788166079, 9.6699534047865], [-75.27645712538492, 9.686258789706025], [-75.26723263997803, 9.683549869299016], [-75.27055949219857, 9.670003010694357], [-75.23267622727656, 9.646671534317692], [-75.20021172394263, 9.652028309406647], [-75.18017322608603, 9.63895665727097], [-75.16450565810243, 9.646466147839067], [-75.18132227286145, 9.627704767873935], [-75.18933258717618, 9.629266062641493], [-75.18105950734656, 9.601913083349661], [-75.16721738664535, 9.6134184442842], [-75.15418543468655, 9.600444934069857], [-75.133387012698, 9.596426073102029], [-75.13197124691908, 9.579991743903873], [-75.10347514793995, 9.56584413737255], [-75.0778526783015, 9.532755737407916], [-75.03988565978557, 9.540426696683763], [-75.02700665061735, 9.528991025307857], [-75.01239443235545, 9.528293674275211], [-75.02894884484368, 9.509836700364799], [-75.02585421988562, 9.495504418928453], [-75.0364694844119, 9.47679061288038], [-75.03222927119504, 9.466568755066843], [-74.96687882766054, 9.434422380463793], [-74.94576416610062, 9.437065448019757], [-74.9356618552817, 9.448166120291233], [-74.8907783290806, 9.430964062391748], [-74.88842472499095, 9.422958445371615], [-74.91510808606245, 9.413943384374095], [-74.93234705486861, 9.366968362032376], [-74.95051410537548, 9.34794744330347], [-74.93287121057654, 9.3284044897908], [-74.94451122638486, 9.295801294552305], [-74.93123937823998, 9.29167475873376], [-74.92572111018865, 9.278960976827898], [-74.93099874004486, 9.254840198691156], [-74.91044769541804, 9.244934816706069], [-74.90466929032448, 9.229612942279322], [-74.90989170967936, 9.209748582979987], [-74.90222439666792, 9.193227703730184], [-74.90302754956247, 9.16348223494407], [-74.86325603698492, 9.148477618779072], [-74.82909840202723, 9.086473941336152], [-74.82376495261138, 9.057419909070147], [-74.78563934359221, 9.046815546507183], [-74.78185125461476, 9.037660867440335], [-74.75049141405924, 9.042356199882004], [-74.73685757600742, 9.015829403612003], [-74.70494316366262, 9.007847615322126], [-74.68382741064875, 9.011506880395121], [-74.63936084770052, 8.977455863869613], [-74.6233594412368, 8.930498907560914], [-74.6060268607169, 8.93101121627741], [-74.60856984059922, 8.919465887467403], [-74.59471395320526, 8.90099117810421], [-74.5895366311102, 8.871822909687463], [-74.57944396012033, 8.872765656396805], [-74.58601096269427, 8.841172966945171], [-74.56465404686872, 8.83695639740553], [-74.53965931595945, 8.805290829373494], [-74.57517590898891, 8.78554939294063], [-74.57147383826003, 8.773037246145776], [-74.61073381826611, 8.755937903494322], [-74.59992576524479, 8.744225690029475], [-74.60913029096844, 8.725738044017577], [-74.59481106296147, 8.694639478671654], [-74.59066737559544, 8.66877433076321], [-74.59913511062075, 8.655309480324469], [-74.58670792655278, 8.630780519075424], [-74.59471095732135, 8.592295992391232], [-74.56375085301283, 8.57176428311868], [-74.56394426404091, 8.54916207134895], [-74.57654905686019, 8.54432043197694], [-74.56947065286886, 8.509524371025659], [-74.55633385755146, 8.508562217097502], [-74.53540630173956, 8.480637178498773], [-74.53285323556526, 8.454768654718793], [-74.53907265901756, 8.427861667761407], [-74.55564212009546, 8.411607488650578], [-74.56106404465413, 8.39007293892153], [-74.58691205808395, 8.384121139975496], [-74.59677565400233, 8.403251710748602], [-74.61453594702436, 8.406543810716219], [-74.61401396074962, 8.347002819874817], [-74.6492510975529, 8.313462779863093], [-74.6534878513549, 8.278995641806805], [-74.66803850083483, 8.295327871103348], [-74.684047137844, 8.292005055915032], [-74.71315739840429, 8.304081511365071], [-74.72498769101617, 8.298545409944644], [-74.72747280587333, 8.281022453807019], [-74.73475429665433, 8.298181816543657], [-74.74181978465816, 8.293330608309615], [-74.7478371238414, 8.299055247393786], [-74.7643504949666, 8.294539112824388], [-74.77088239314793, 8.2794096936175], [-74.79469712580402, 8.281906146120821], [-74.80131896517986, 8.302327349050614], [-74.79020992689112, 8.318209945138037], [-74.79833745617248, 8.316637957715132], [-74.80147386270608, 8.337969561690082], [-74.82802366215469, 8.359747600869216], [-74.81933992704722, 8.371411302575162], [-74.8131269544021, 8.364545520099792], [-74.80373704140885, 8.368808710443178], [-74.8038024846278, 8.379916933958974], [-74.8301285072726, 8.390504216839844], [-74.83935345890552, 8.38469780584681], [-74.84030824215097, 8.393989226575204], [-74.85227455327998, 8.384710584391925], [-74.85829030603713, 8.396410059735915], [-74.87544610605312, 8.404359947028059], [-74.88274930014865, 8.43493675786475], [-74.89976758056144, 8.454291221324413], [-74.92745177704813, 8.453343679404307], [-74.92599402757259, 8.499607674750559], [-74.99390548558137, 8.509516137061238], [-75.00572085806283, 8.522802908031059], [-75.00761488278857, 8.510983924319676], [-75.02409984556857, 8.49702619843449], [-75.03348733670185, 8.498919394912857], [-75.03279531358135, 8.47090279455755], [-75.04087305639337, 8.45847482536179], [-75.05634467560623, 8.466002766442195], [-75.06237651720295, 8.453264019436329], [-75.0852614721378, 8.465838506666655], [-75.12804612163245, 8.468282917029132], [-75.13620608910458, 8.429929830145435], [-75.1565353682571, 8.433321503051717], [-75.15656196110564, 8.41899528345179], [-75.18513926515618, 8.39664049575624], [-75.19646520543637, 8.421354457998941], [-75.21139732929731, 8.425335694797704], [-75.19245410502037, 8.443412805007773], [-75.21629346590788, 8.485366483454978], [-75.23194088196863, 8.467925244428868], [-75.24153050857501, 8.471380021339295], [-75.23558920465462, 8.477945159907334], [-75.24140008297326, 8.487281766828843], [-75.27335525460995, 8.48818716245718], [-75.28669708696111, 8.499453415927062], [-75.31436382287973, 8.502373040843416], [-75.30431116827435, 8.517750176975474], [-75.31568794785028, 8.536961355439882], [-75.32640510386886, 8.534413136578769], [-75.32251031291696, 8.547158985670912], [-75.33031863099762, 8.552782319863155], [-75.31775943669851, 8.574224462520226], [-75.31834414788796, 8.590370118770045], [-75.35961557958899, 8.679696862480297], [-75.35198545865666, 8.680051155615727], [-75.34911049531678, 8.700748792836666], [-75.33674818313875, 8.696180490362224], [-75.33586720194256, 8.711336738674765], [-75.3431728196947, 8.715190098394343], [-75.32967512502597, 8.7256360043031], [-75.33144919042974, 8.7458555649354], [-75.32373055662521, 8.747488822001042], [-75.3241866289635, 8.755530959159852], [-75.33929054497958, 8.765918484410088], [-75.33555204394366, 8.771576833163373], [-75.36884514137961, 8.791225195075489], [-75.37161046525165, 8.82652406684814], [-75.3484985319148, 8.842665274637172], [-75.35083513267926, 8.850438500901403], [-75.33573085643843, 8.85338028098522], [-75.33163242982573, 8.865540615793426], [-75.29976252634373, 8.857992821929464], [-75.28718536123301, 8.890040912677243], [-75.29318235086396, 8.89734542729706], [-75.2726886008316, 8.913643314871239], [-75.2652305999398, 8.895488164356998], [-75.24464619724665, 8.882265814322471], [-75.216988066297, 8.915760891821757], [-75.20012153121957, 8.92174558350646], [-75.18634496692505, 8.914250151583735], [-75.18052412987521, 8.929685866003867], [-75.19203064963773, 8.936017861027178], [-75.18797468911731, 8.944173647736417], [-75.17174922557518, 8.92827825962921], [-75.16765890895931, 8.94446301508298], [-75.15610851364676, 8.943597351971288], [-75.18783417542693, 8.967480018875795], [-75.18637178794586, 8.986416614478383], [-75.20757887005254, 9.006669094798808], [-75.20717894965077, 9.044276070955659], [-75.2241369889926, 9.073111502514669], [-75.23618911984238, 9.06711916436417], [-75.27137312664416, 9.076762496792286], [-75.28108523234891, 9.072889437901154], [-75.29912655185342, 9.082513646079898], [-75.29356596233868, 9.096201572635959], [-75.3099748323636, 9.08879534528871], [-75.31007915829224, 9.117559544880484], [-75.32099611056901, 9.11562681261667], [-75.32815242999857, 9.131296432353492], [-75.34647944543218, 9.123746518463744], [-75.3555498498821, 9.136695541482236], [-75.38168889613638, 9.13807436042237], [-75.37876857682164, 9.14849968411495], [-75.39086624510605, 9.161267824918653], [-75.41052040295364, 9.144818967255858], [-75.42828862361438, 9.151454756580659], [-75.4337541263805, 9.140818066319788], [-75.44885677487275, 9.140080697105986], [-75.4674012744066, 9.164747778931558], [-75.454416751736, 9.176010503816205], [-75.46620361076924, 9.208508820661688], [-75.45733588976515, 9.23759500994551], [-75.49976909468438, 9.259515878673723], [-75.49073432643019, 9.273658588484542], [-75.49646897095812, 9.284930630702734], [-75.51230741930618, 9.258100527916778], [-75.51656441755756, 9.264521736498715], [-75.54833755533832, 9.259783663080048], [-75.56932665657598, 9.27968592233146], [-75.58423569102075, 9.272962343278882], [-75.60936712855721, 9.280988186782073], [-75.60301106225813, 9.299408642350457], [-75.59083418406209, 9.296509034609521], [-75.58766521986178, 9.302527140954426], [-75.62587714626875, 9.353087254417103], [-75.64095922781621, 9.348877521960567], [-75.64882663442836, 9.362379297678483], [-75.66100965081768, 9.361146727278102], [-75.67150252068728, 9.343088906607546], [-75.67922332033163, 9.344264897472991], [-75.68920300383002, 9.364606740472453], [-75.70440410236597, 9.372208409041901], [-75.70626982295119, 9.406828568940583], [-75.6962755786488, 9.41185109771393], [-75.67516609408398, 9.403900036322787], [-75.6289137993021, 9.435119288626694], [-75.59739151267104, 9.48938915072494], [-75.57594935474197, 9.555231294706505], [-75.57067000820388, 9.618260209420395], [-75.61256853543989, 9.694509449364629], [-75.63101276494177, 9.691984670262906], [-75.65379381256321, 9.70726216787924], [-75.7040971720433, 9.699704724304734], [-75.67839281640983, 9.734313337249588], [-75.64238725291358, 9.759129137085623], [-75.6453435991915, 9.773957500058152], [-75.62306436526075, 9.80541884762572], [-75.61370196319501, 9.851203208703447], [-75.62094937905346, 9.876362486848576], [-75.59791301924508, 9.905834595380957], [-75.59562526171817, 9.936321890824928], [-75.57600712634223, 9.97053406524087], [-75.58392791268778, 9.998106981035608], [-75.57159002841672, 10.017143826008823], [-75.57362449406929, 10.08642805998395], [-75.4974775875865, 10.145482636965912]]]}}, {"type": "Feature", "properties": {"dpto_ccdgo": "73", "dpto_cnmbr": "TOLIMA", "dpto_ano_c": 1909, "dpto_act_a": "Ley 65 de Noviembre de 1909", "dpto_narea": 24139.4324018, "dpto_nano": 2024, "shape_Leng": 9.55010973916, "shape_Area": 1.96502937925}, "geometry": {"type": "Polygon", "coordinates": [[[-74.626569701922, 4.222850136677317], [-74.61986229615053, 4.251868866022742], [-74.56253002000926, 4.272129583900861], [-74.53561255419487, 4.2463559995457185], [-74.51885728274056, 4.240493217427042], [-74.5080802090448, 4.198123023088384], [-74.48320185766829, 4.176335548896331], [-74.47645894505854, 4.111499861093233], [-74.50818725597259, 4.079544360673941], [-74.53146552688992, 4.034611224074916], [-74.52403664131799, 4.022252595891192], [-74.5336413371752, 3.993312112564276], [-74.5311144066066, 3.967602506274623], [-74.51125657896222, 3.946075541027648], [-74.53946045125497, 3.846039125169864], [-74.53109783716798, 3.838617542907202], [-74.53454143812911, 3.8210187671025775], [-74.5576029615653, 3.767068510565799], [-74.59077682641686, 3.7294592284317436], [-74.64727103122232, 3.6830934718490744], [-74.67538138792116, 3.671716674307194], [-74.69739139834331, 3.64163136269683], [-74.70098438835697, 3.6157160609078436], [-74.72021935063634, 3.614109924900542], [-74.7383543932458, 3.590761642828234], [-74.72862579715428, 3.55158116648435], [-74.74757577676752, 3.527733624633778], [-74.76923646084344, 3.530120045105212], [-74.78071953455833, 3.5097149265233587], [-74.78082763071927, 3.4790074771840698], [-74.76171134766156, 3.454611145105989], [-74.7645052029481, 3.440883009027424], [-74.81634721963258, 3.4064298137337996], [-74.81532405208162, 3.393473648204847], [-74.82567470325705, 3.3888812879295878], [-74.84849373617055, 3.340828073487053], [-74.8754825381568, 3.32613157252351], [-74.90694975891535, 3.2905438984450996], [-74.95908176368272, 3.2770767456224714], [-74.98003886690447, 3.2852739905133665], [-75.00062715571266, 3.2762122880508473], [-75.01354703017398, 3.2877233470037273], [-75.07060673478293, 3.2952961984942326], [-75.05789591372616, 3.3146563231413273], [-75.05688354213692, 3.377985855711224], [-75.02765311564195, 3.391391070543989], [-75.04273437523022, 3.408442885092494], [-75.03696097375678, 3.429534273979129], [-75.14742834934532, 3.435821367575522], [-75.15159861518686, 3.418679097097378], [-75.17416142412259, 3.4086903810319313], [-75.17489824716034, 3.3773098307004266], [-75.19988382333122, 3.3845546279675274], [-75.20044408505413, 3.4094309769968434], [-75.22726536727606, 3.4157698630021907], [-75.24599767593935, 3.3951161381623285], [-75.25235370720412, 3.365705478935964], [-75.25931957915009, 3.376758074233428], [-75.30830257760368, 3.403914847836103], [-75.31850674937215, 3.4194992820632533], [-75.32177286914288, 3.4080449526640795], [-75.34028960891561, 3.397965141068031], [-75.34138087870087, 3.405367666455042], [-75.36166665959604, 3.4088238447383756], [-75.3734351651351, 3.3957855470758562], [-75.37535294403085, 3.37494521146001], [-75.41496682011672, 3.371225067511695], [-75.42609555937366, 3.3525010889332707], [-75.44060789208294, 3.3451628344627493], [-75.44486950498356, 3.35684122902517], [-75.47880442584528, 3.361144245310152], [-75.49042422774698, 3.3259118938372954], [-75.49854056580762, 3.321400439494271], [-75.51125371170622, 3.3287295329381625], [-75.52747635363778, 3.3182822849452718], [-75.52194690334886, 3.3012280620115946], [-75.57592420458889, 3.2284056721301164], [-75.57254987007957, 3.200657080760144], [-75.58850585768636, 3.1558209299497353], [-75.5766991377846, 3.1429505787515994], [-75.58254868681047, 3.1237974620435773], [-75.60165296117987, 3.1139024780662163], [-75.62214259512825, 3.0754314899024866], [-75.61702675198364, 3.06151164690136], [-75.60197547009864, 3.0541146371745858], [-75.60152390730667, 3.0391529218867954], [-75.63291843902948, 2.9958641706920726], [-75.6607963250222, 2.9866385911366415], [-75.6932148812894, 2.993391953856158], [-75.70271245655687, 2.969973676797735], [-75.76149996958384, 2.942320915083707], [-75.76295009594975, 2.914932280731573], [-75.78081099677053, 2.9117441285015686], [-75.80117136843643, 2.886228674350735], [-75.84013335636405, 2.871896852852192], [-75.86006847960863, 2.873008061659331], [-75.8843685445517, 2.8975711481365223], [-75.90154201624, 2.8948595471545793], [-75.90855786869162, 2.9094712147483444], [-75.9273651292487, 2.9137352081862353], [-75.92740629996928, 2.921416324721059], [-75.95340013613708, 2.917754834519318], [-75.95895498990416, 2.9367819291706514], [-75.98153408171572, 2.9561020742641486], [-75.98858766613426, 2.9825432942570043], [-76.02899347335119, 2.9404902611619246], [-76.02079984777521, 3.003891667995011], [-76.04130435783657, 3.0158791712964037], [-76.04489847164348, 3.043123452555542], [-76.07298183484482, 3.0495925880926515], [-76.07318166613732, 3.0772694210822396], [-76.09155773501442, 3.0965477854985486], [-76.10297726994031, 3.0961180365140524], [-76.10574139905214, 3.106781589118268], [-76.07372391931938, 3.122485233471875], [-76.07267882028157, 3.140283505497203], [-76.08611653169606, 3.155062196984842], [-76.07786008598384, 3.164673548464955], [-76.09187260734882, 3.1759886577488134], [-76.09154231991187, 3.1982974292072446], [-76.08398903374359, 3.203682899204137], [-76.06863334041395, 3.195432830637453], [-76.06040693708371, 3.202738202250752], [-76.05198665380448, 3.218353304087867], [-76.0594533396154, 3.2308263373057247], [-76.03858456511097, 3.251462006892298], [-76.0505437364244, 3.282022614803282], [-76.03783027701354, 3.3009750207674524], [-76.05707201529054, 3.3275887785177756], [-76.05197076079776, 3.336274924705188], [-76.06192015667392, 3.3516658454962514], [-76.047178009579, 3.374278141761404], [-76.03144753611917, 3.382281648637224], [-76.02967301976076, 3.393321314472521], [-76.04303410931203, 3.398055527827304], [-76.04129566123936, 3.4382805884738437], [-76.02264433396681, 3.4730357248430965], [-76.02628052309859, 3.4916296811636736], [-76.00154638827104, 3.519575379233694], [-75.98395140874919, 3.5599205150850195], [-75.98928959768023, 3.5754612606118], [-75.98446733139093, 3.5888014544341518], [-75.99531593259991, 3.6110503324699414], [-75.98659282879373, 3.6234354277379643], [-75.99373121334435, 3.6383689215302764], [-75.97714874914232, 3.643629911879075], [-75.97537842971627, 3.6579495081951134], [-75.9504036081845, 3.6739632799780253], [-75.9602983055994, 3.705705164445812], [-75.94555938435724, 3.7156736441467237], [-75.93826633943587, 3.7340192888569095], [-75.92013484337798, 3.7404319355890134], [-75.90134835458178, 3.7850902548657483], [-75.90325852474103, 3.7966097409210264], [-75.85295483827394, 3.852220759162758], [-75.86084629190714, 3.8624878579666886], [-75.85837545039288, 3.8813509731170943], [-75.83535078037062, 3.908504047454434], [-75.82102579595471, 3.9050594287014273], [-75.81218765559817, 3.9194115728027503], [-75.80569770518082, 3.9527657368610094], [-75.79146733769426, 3.9710459679966736], [-75.79526276771003, 4.005061920553766], [-75.77649205783439, 4.003950289538096], [-75.77013786991404, 4.020074706902746], [-75.73869655658893, 4.05167108483983], [-75.75246910810591, 4.071234217224792], [-75.74710627387537, 4.095134912433089], [-75.73305907930944, 4.102003162582443], [-75.73310632444282, 4.114143808998915], [-75.71985648503994, 4.11235245730042], [-75.71459114235, 4.126719477514708], [-75.69644123710236, 4.131950464109081], [-75.69138280533326, 4.160955035096114], [-75.6561913317289, 4.200502982871149], [-75.65981501360693, 4.220243229035264], [-75.64637890838151, 4.22623987281434], [-75.64331059599738, 4.246054307303638], [-75.6234636092305, 4.257533436512627], [-75.6167662205807, 4.2723322071595025], [-75.59669063305313, 4.280261195129861], [-75.60441231664043, 4.289164389734189], [-75.59295618072741, 4.318893597204049], [-75.60032272406727, 4.333856858493681], [-75.5828045703264, 4.386921826409132], [-75.57753899676925, 4.452224345681159], [-75.52462512560328, 4.4979296459676466], [-75.52431823570481, 4.543435618018583], [-75.49012838893196, 4.569744127093821], [-75.46887076217729, 4.598322770532637], [-75.43232224211755, 4.601056772820644], [-75.41566275899669, 4.6219436097641795], [-75.42151430587728, 4.658615796494821], [-75.38317170593336, 4.704006130123736], [-75.38871062177793, 4.715441807787815], [-75.37794489201661, 4.729973130896849], [-75.38800026312958, 4.74684932287071], [-75.37892422174673, 4.761290985958072], [-75.3754990703996, 4.802684967723203], [-75.35235158620708, 4.842127689456903], [-75.32481155686196, 4.863300878998527], [-75.31872212242979, 4.888072056783858], [-75.33894753738804, 4.905017784704343], [-75.35246287767802, 4.940566934501125], [-75.35272461821427, 4.966741006993681], [-75.33556870501053, 4.974640814965445], [-75.3180082810103, 5.015353392603463], [-75.31941216476349, 5.032937608502379], [-75.34879275735432, 5.0572949087503565], [-75.34475243112553, 5.0807849468840605], [-75.28385131439967, 5.140668128747762], [-75.23501705192285, 5.126000107994676], [-75.21133189685816, 5.138763537130928], [-75.19841142501667, 5.162063218511047], [-75.1715782419044, 5.170964781773489], [-75.15493496081086, 5.171432864596676], [-75.13068736021711, 5.155879771716395], [-75.1161633233487, 5.160606891069792], [-75.10541273919512, 5.198465800847117], [-75.06274576370657, 5.252196588903689], [-75.05665370708999, 5.275491998791184], [-75.03279490035601, 5.277887158080674], [-75.02809694123818, 5.288826023877556], [-74.98658618378164, 5.288620084934567], [-74.93933934538984, 5.313034986102716], [-74.87246303487422, 5.294961577852942], [-74.85413309721866, 5.315009013054752], [-74.82667113872049, 5.319335664931974], [-74.80540183655273, 5.302941653054231], [-74.77445760728449, 5.299162620898818], [-74.754465438279, 5.281705116963285], [-74.74231120483267, 5.291013571559613], [-74.72842816404102, 5.2735961091614465], [-74.72335653690823, 5.239851580987122], [-74.7345631502809, 5.204775295749581], [-74.72057670074116, 5.199414551900585], [-74.71440337078116, 5.179839850103869], [-74.73188726274975, 5.143166313204292], [-74.71680799832131, 5.092314671046844], [-74.72974825826765, 5.074332082544647], [-74.728307184232, 5.042426788108263], [-74.74320665700128, 5.007077042903908], [-74.70594330737447, 4.981370212410721], [-74.71380408890616, 4.97217684916198], [-74.73268573272298, 4.976901435264209], [-74.74876966208774, 4.95770082009767], [-74.73232502561132, 4.931239135567983], [-74.7402088372703, 4.906714746747415], [-74.73166516310192, 4.893990190439431], [-74.73799979917447, 4.883168532422619], [-74.75492513891561, 4.885939930707424], [-74.75278060260354, 4.8636697482094], [-74.7695079858376, 4.842917234660698], [-74.74437493582394, 4.82340395881373], [-74.74377632139772, 4.7882563158446985], [-74.77040619942954, 4.773509200164502], [-74.77813269260076, 4.7506550368079505], [-74.81255181656627, 4.737143076881531], [-74.8191027276057, 4.725983841593437], [-74.80142603636222, 4.701718262104032], [-74.80720370663329, 4.669448788564628], [-74.78584089605818, 4.6529299799332415], [-74.81630713677265, 4.611873898833257], [-74.79377695018246, 4.592081893497789], [-74.81494647818874, 4.585191704675027], [-74.80455592830816, 4.571112731282774], [-74.80469086974443, 4.534318482272355], [-74.78629374164535, 4.505935631297317], [-74.79531161976212, 4.498516892204847], [-74.80731377908944, 4.453294472701014], [-74.83312274002782, 4.443373350422994], [-74.83265524200834, 4.405403534552256], [-74.84075952915987, 4.378004444700182], [-74.85437661900818, 4.3663663108642625], [-74.85582000710582, 4.334745323560388], [-74.88348145194317, 4.316994189768866], [-74.88426212088655, 4.310349835899307], [-74.8730898851689, 4.306619974866792], [-74.89062890229889, 4.288733993063887], [-74.87709731776073, 4.265383334047408], [-74.83365179335453, 4.275717071728848], [-74.8127197315896, 4.2942756442805505], [-74.80686196297239, 4.285882606027522], [-74.77879693619724, 4.283556837157501], [-74.78148260010141, 4.265007688838962], [-74.76866853199351, 4.265463225780893], [-74.76715213236463, 4.251298535075847], [-74.75121614037374, 4.258979297674165], [-74.74603910933308, 4.236826129818317], [-74.73409565136313, 4.247765499570479], [-74.72189834366458, 4.2310424354403215], [-74.70601335176792, 4.229471804474598], [-74.70167438757147, 4.212055442513535], [-74.68125928959654, 4.200886652736383], [-74.65872887034249, 4.215799992809241], [-74.65450933276668, 4.198565357480035], [-74.626569701922, 4.222850136677317]]]}}, {"type": "Feature", "properties": {"dpto_ccdgo": "76", "dpto_cnmbr": "VALLE DEL CAUCA", "dpto_ano_c": 1910, "dpto_act_a": "Decreto No 340 de 16 de Abril de 1910", "dpto_narea": 20665.5837187, "dpto_nano": 2024, "shape_Leng": 12.656886935, "shape_Area": 1.67948978034}, "geometry": {"type": "MultiPolygon", "coordinates": [[[[-77.23809975476826, 4.04048603194983], [-77.22899831709378, 4.041854222015087], [-77.22642849912268, 4.039938756283096], [-77.23256750802165, 4.031444079862905], [-77.23809975476826, 4.04048603194983]]], [[[-76.47419423326761, 3.2806586144839], [-76.4625908256329, 3.252313331084], [-76.47563751895723, 3.2573026589963194], [-76.46205459116806, 3.2492166768301964], [-76.47109703014257, 3.2484054292102265], [-76.46662157940636, 3.2397374990746504], [-76.47505715022731, 3.244687178013663], [-76.47734017632382, 3.2325772010037994], [-76.46543783966706, 3.2275013607691343], [-76.4733094701611, 3.2160694299811263], [-76.47949165392362, 3.222310143522373], [-76.48508496010709, 3.213131783049146], [-76.49087627220496, 3.21738281468551], [-76.49822926265131, 3.2020514872795096], [-76.49100379894094, 3.197511082906755], [-76.4871152189458, 3.173837069656223], [-76.49634037090317, 3.175431017312028], [-76.49556491488755, 3.1659749469389964], [-76.50780432665698, 3.157282197230691], [-76.50076633969917, 3.144011067739061], [-76.51976224122637, 3.1497324432412004], [-76.51408047696805, 3.145480066825811], [-76.52084146459401, 3.1434260520205117], [-76.51776143008436, 3.134485533284704], [-76.53266100885492, 3.135689744747275], [-76.5136065218532, 3.1203451878415707], [-76.52710166889779, 3.1157418294835546], [-76.53085831861182, 3.123562925210728], [-76.53668813882166, 3.1098824933050735], [-76.55218906289906, 3.1074068296306683], [-76.55591888710074, 3.0994918985090383], [-76.57286547111693, 3.128768080728511], [-76.57866307232507, 3.125092160876844], [-76.57454993399125, 3.115316206464404], [-76.5900564428992, 3.116424150791231], [-76.59077698216282, 3.102295835595991], [-76.59882072012095, 3.105098939943955], [-76.59297666339916, 3.093563641730421], [-76.61012673934556, 3.091238525037854], [-76.62431369301646, 3.102092990453267], [-76.62192161764574, 3.1159335516775157], [-76.62979485702374, 3.1284147218417213], [-76.65067409690954, 3.10208745682671], [-76.66632584375174, 3.0979788307342986], [-76.69968259226619, 3.1201981532753593], [-76.72118655703105, 3.1170188961703547], [-76.73340928078414, 3.1248875083223626], [-76.74979676639668, 3.146217752246873], [-76.73920540336422, 3.1861368850914116], [-76.75857157008534, 3.200547169102606], [-76.75285553686825, 3.2099307417811636], [-76.77291308171897, 3.2337056808343547], [-76.80939152055424, 3.207540156716782], [-76.86387473090758, 3.2126394178462183], [-76.90804959897247, 3.20137037600349], [-76.91548259344182, 3.149464045285039], [-76.92601513564091, 3.1426073429878105], [-76.92624936794465, 3.127658761978296], [-76.93848596888336, 3.113962039111973], [-76.97188179504207, 3.1187855908912647], [-76.9967542633471, 3.1548092859964845], [-77.06390453598823, 3.169211415095051], [-77.09839111180725, 3.1859724501442424], [-77.12964520170488, 3.161248338727409], [-77.13867940581662, 3.1716263597943826], [-77.15929896500478, 3.1743115466926555], [-77.1588340649152, 3.165123462847041], [-77.17267334244627, 3.1653394036403726], [-77.19261221975341, 3.1403149178110947], [-77.19991436820914, 3.144142466216999], [-77.20263272093422, 3.1340746947502844], [-77.21709902033837, 3.135999676343671], [-77.21624600102433, 3.1203991469887575], [-77.22768801361326, 3.111538458002555], [-77.23473425340018, 3.115760606084557], [-77.23410234378974, 3.1080800177595806], [-77.24408862541912, 3.114867871321926], [-77.24470335473603, 3.126311022076766], [-77.25232444130444, 3.1151596398671133], [-77.26158721024427, 3.135143345836902], [-77.27187722958126, 3.140955813276399], [-77.27715371138964, 3.130869457448293], [-77.27877993194613, 3.1395427900562303], [-77.28831858361104, 3.1386225120266826], [-77.2884962687192, 3.1470991206172014], [-77.27807089202565, 3.1491589026112248], [-77.27986551359442, 3.1593738290185165], [-77.29091869998422, 3.157087669595849], [-77.31717676143035, 3.174220742216454], [-77.34620389991284, 3.1401519471190054], [-77.36583777827673, 3.1465118680918134], [-77.36541414502756, 3.165954638709191], [-77.38388106329666, 3.1774274051459352], [-77.38207953457612, 3.2033874960723847], [-77.39242422003502, 3.213805279300476], [-77.40348517775647, 3.213232263287048], [-77.41606295641702, 3.2429939197274105], [-77.42907036728093, 3.253708732039186], [-77.45172943886092, 3.2431906635078103], [-77.45524853609533, 3.2334517098331577], [-77.47071315742653, 3.2369632944507334], [-77.46206467223885, 3.2267000844567457], [-77.47638008509779, 3.209756281627484], [-77.50406668907135, 3.222277584059011], [-77.49872200980724, 3.234021127192681], [-77.54832375125363, 3.22589540173012], [-77.54832375125363, 3.23467600853981], [-77.49549020121611, 3.3049319742881242], [-77.48406521800365, 3.308565090280731], [-77.47989997285026, 3.32310391881994], [-77.42738844214932, 3.368004477989216], [-77.41975988967664, 3.3684070035073503], [-77.41321399303712, 3.3556150204986777], [-77.40643490793701, 3.383897294217734], [-77.36459261618091, 3.4479737998978117], [-77.36596259030176, 3.42499445351175], [-77.35566904327783, 3.4103411354966537], [-77.3324585898286, 3.426580956822859], [-77.33704941398366, 3.448745114676677], [-77.37074723332034, 3.475059761945132], [-77.30039393323443, 3.5699902116429096], [-77.2366795216638, 3.585434728661496], [-77.2359475944483, 3.577383559833651], [-77.19571160398965, 3.6107068748220668], [-77.18916570735013, 3.6531635967545077], [-77.16563045876796, 3.6446855751129372], [-77.165413927781, 3.6847604570872363], [-77.1773684808519, 3.6928345212949933], [-77.18911573762432, 3.6813896529599215], [-77.19696498388026, 3.7208420109293576], [-77.19696498388026, 3.750506749853181], [-77.17836948155724, 3.7484913868903713], [-77.16599778557026, 3.7575436552383024], [-77.18179564530647, 3.809402271902422], [-77.13486060611012, 3.8048496216859418], [-77.12796357840745, 3.8173105438075225], [-77.11534259523887, 3.8213585991470294], [-77.10634704656292, 3.8488041328346085], [-77.06214271642818, 3.8606816822576078], [-77.05287072268135, 3.874846508608344], [-77.07362785716822, 3.8794716717906157], [-77.08674104833443, 3.9051898390317317], [-77.09574688003363, 3.8997176078789524], [-77.09748659113859, 3.875339928434263], [-77.13274400113744, 3.8725417432646654], [-77.16680218532741, 3.845626293272265], [-77.17710706370934, 3.8457378964588718], [-77.18162933377721, 3.8316551591225028], [-77.2001641988719, 3.8400055992307665], [-77.20506536964535, 3.8336240566901822], [-77.22315936101023, 3.835688751574437], [-77.22589368938702, 3.830066639091938], [-77.23543593341765, 3.8358701089983978], [-77.24961019657843, 3.8280272497694714], [-77.28159260066468, 3.8394403572440283], [-77.30512725725657, 3.8736714142622435], [-77.29200581415961, 3.8772144067021017], [-77.28628828434807, 3.895259411098323], [-77.30911825156392, 3.909540159738916], [-77.32076095423537, 3.9025445454487198], [-77.32083590702746, 3.9251678640512018], [-77.311017061619, 3.932788086439329], [-77.31752548231168, 3.950327093687252], [-77.29830003140205, 3.9583470702886374], [-77.29001772407054, 3.9791215449685553], [-77.28402148183852, 3.9792714550443242], [-77.28529568289736, 3.976698063572264], [-77.28448369236997, 3.9736374829940293], [-77.28262058768092, 3.9732716258367367], [-77.27117352925109, 3.9871064755678387], [-77.24865173472898, 3.980646529803375], [-77.24958854985778, 3.9882746645588143], [-77.22360795935936, 3.996051038522296], [-77.19848974772935, 4.030602906642012], [-77.19459992805821, 4.052762863071876], [-77.21307817319376, 4.061689671708872], [-77.22870726630305, 4.059066314104307], [-77.23233163090129, 4.081427527454142], [-77.24258486689303, 4.083075199796673], [-77.26158182483982, 4.0604221792739885], [-77.26859614386603, 4.077049024777439], [-77.28586660403789, 4.0501952549582265], [-77.30721077814928, 4.042318809490691], [-77.3246150218281, 3.996374822151433], [-77.3195593838218, 3.9955758149852367], [-77.32438326438495, 3.9726869568681606], [-77.33336148364691, 3.9758806139786156], [-77.34762747924435, 3.9318351528265785], [-77.35917095572717, 3.9266411364271785], [-77.38766592642133, 3.9733622210053503], [-77.43246964083909, 4.008483946659396], [-77.44962159426592, 4.038513453083205], [-77.42848906879397, 4.0974524105076755], [-77.4431822397006, 4.13382841975823], [-77.43580591100454, 4.145785214127109], [-77.38916847491578, 4.149235432982104], [-77.38925175689383, 4.162066675094921], [-77.352953079175, 4.197473053733137], [-77.33496981064701, 4.192501530443979], [-77.30545259766734, 4.1664821255087165], [-77.2869284943983, 4.1833644008784985], [-77.27911196481108, 4.2226612001612125], [-77.25348516978107, 4.234153999044815], [-77.24988028606361, 4.187718815211725], [-77.22318273429426, 4.157202229276291], [-77.21379575969263, 4.156773923885615], [-77.2049549450494, 4.172733386178131], [-77.15956531569879, 4.1837286698131635], [-77.11632581377899, 4.133346161508554], [-77.12002587677159, 4.116570960016064], [-77.1048330193866, 4.107731262878185], [-77.0861886998772, 4.122609051197023], [-77.06798114699689, 4.096010139016903], [-77.05758766141963, 4.102477513854693], [-77.03557288722766, 4.091298805770596], [-77.01986844516892, 4.101192604869177], [-77.00475410778887, 4.098855974460375], [-76.9949983187737, 4.120390096590975], [-76.98593257119393, 4.114298678677306], [-76.9760875533488, 4.122228230790117], [-76.95443445734816, 4.120651838923862], [-76.91474525477071, 4.097745228286019], [-76.91333963816595, 4.081836840647937], [-76.90648324129592, 4.084813419697018], [-76.90118698395912, 4.073030275200772], [-76.89098450282137, 4.073358723784942], [-76.867439713225, 4.032366970195381], [-76.82344577318901, 4.0326583156337374], [-76.82554633693286, 4.021706828496992], [-76.81531883140633, 4.007013071888868], [-76.79419543282495, 4.01137998179759], [-76.76766947198797, 3.988654026998873], [-76.75947047088903, 3.993494898310674], [-76.74587361291367, 3.984216334280907], [-76.70138915191751, 3.9787170683081334], [-76.68241933389368, 3.9648832130127944], [-76.62457012809847, 4.014874452597053], [-76.59285642020927, 3.998457406998775], [-76.58902549233846, 3.9707009921948258], [-76.5592524838778, 3.9911048728972047], [-76.5591335100084, 4.008843752760168], [-76.53727312669247, 4.0162087806407065], [-76.541525500413, 4.043732605262599], [-76.52441735516254, 4.067284282246997], [-76.5016693341289, 4.0625656555731], [-76.4944153210377, 4.069537959461387], [-76.45297589436314, 4.144916315281225], [-76.44487675635895, 4.175693045445361], [-76.45501005638494, 4.22946195623627], [-76.48710820579282, 4.23553212628164], [-76.50658846403581, 4.252838786791114], [-76.50896792974481, 4.267918619853106], [-76.52663543031736, 4.288619923999878], [-76.52792248178656, 4.3235381765883885], [-76.54925497329839, 4.337135041749845], [-76.5482750973921, 4.350908063983945], [-76.56201886506778, 4.3697343535681945], [-76.55520527744676, 4.399195366999644], [-76.53952799866721, 4.396297316938633], [-76.50199361542508, 4.41320372287286], [-76.48213354738067, 4.414071981219485], [-76.44879612343999, 4.440309685027616], [-76.41831526173434, 4.447818702183145], [-76.38296956523902, 4.492769429606091], [-76.36524926165202, 4.4916274669507015], [-76.40375935620744, 4.534967259562271], [-76.3849460329157, 4.54669871944743], [-76.3812725169575, 4.559631297893238], [-76.34461625287679, 4.561772771845968], [-76.34361093037319, 4.581747156888987], [-76.31936076239231, 4.607949755406144], [-76.32003061776885, 4.61968512476252], [-76.30012815729407, 4.655045802472625], [-76.29756760185921, 4.699288840144038], [-76.2856898790609, 4.7124038207553145], [-76.31210694333737, 4.750618884080519], [-76.27624370633322, 4.771023833778922], [-76.26065538688886, 4.794951712927744], [-76.2305646189061, 4.80209046399102], [-76.21266894786623, 4.828868903725471], [-76.13862640320735, 4.842014092907171], [-76.11414051620977, 4.890401920178217], [-76.13059655501121, 4.911196500966899], [-76.09968353593581, 4.917179197491763], [-76.08869594458037, 4.946136608685353], [-76.09681678859408, 5.031767693846387], [-76.09117746617352, 5.042889291490747], [-76.07714340408916, 5.047393613204736], [-76.07842264020917, 5.036917631676299], [-76.06452658820854, 5.015802297278346], [-76.04908864506592, 5.007150578153338], [-76.02771486515411, 4.9385966948493], [-75.98757546073347, 4.9114010547066], [-75.9876682630645, 4.87378177701043], [-75.9744318409094, 4.860979370841292], [-75.95574010289158, 4.864786816731801], [-75.94280888898737, 4.856706573008283], [-75.91424119242646, 4.873511815984452], [-75.90103888022821, 4.852920899602673], [-75.9107611117509, 4.816590697281621], [-75.9357097617443, 4.807727204651243], [-75.91747119270747, 4.794485505788392], [-75.92804551917698, 4.78696640862902], [-75.92325312997951, 4.760258745415565], [-75.91515217827532, 4.763740947015144], [-75.91681430991224, 4.756545364888382], [-75.90824022415399, 4.752120142593159], [-75.89773837112438, 4.758817720787401], [-75.88863635044288, 4.754680602806394], [-75.87095531224821, 4.776244868828699], [-75.85229297970636, 4.778725150745649], [-75.84454278985743, 4.759658946110631], [-75.85609931078687, 4.7278300067376], [-75.85085525818607, 4.734009200904265], [-75.84122951029337, 4.728279833084698], [-75.83109515564445, 4.737821919011353], [-75.78943117242778, 4.716125342720383], [-75.77604004768108, 4.721772014263927], [-75.77020513761278, 4.714016578249831], [-75.73282833516674, 4.707853022866394], [-75.71360663292978, 4.713757299997694], [-75.70846995334557, 4.655063981693507], [-75.75787292261401, 4.6507437797251665], [-75.82508812194231, 4.66346988383164], [-75.86496308728539, 4.6147643626155865], [-75.85975537605839, 4.595169006737383], [-75.87255156228804, 4.580252802833112], [-75.86428405561088, 4.57056265825994], [-75.88130378590569, 4.527616373870506], [-75.87189331584915, 4.524586646853595], [-75.87050662766075, 4.51269540529816], [-75.87912089958525, 4.486026709236221], [-75.87301402075474, 4.472407921571101], [-75.88139113186531, 4.467422574995318], [-75.86547679827316, 4.454767242918297], [-75.88809119659845, 4.446693728479963], [-75.8875558146355, 4.430118404094054], [-75.89579562623038, 4.42517761489022], [-75.88517445258145, 4.410939246103508], [-75.85735203311009, 4.415280890874753], [-75.83785690324572, 4.400846964084774], [-75.82818986964799, 4.40740087729608], [-75.81198344860843, 4.404290948626723], [-75.80107116038835, 4.390569099861899], [-75.80377525414355, 4.368887686246637], [-75.78979088779863, 4.35262566124387], [-75.7971673799882, 4.313083176128428], [-75.78749088712294, 4.292973341202327], [-75.82399040673982, 4.225853200776957], [-75.81947313400389, 4.201624154901026], [-75.84296072063404, 4.150759055071557], [-75.84193667902161, 4.123131720191913], [-75.83309250198158, 4.114597366052349], [-75.83904134995976, 4.097565540831495], [-75.78497090862186, 4.089910986602435], [-75.7744472893956, 4.076220912172856], [-75.75239640739204, 4.0773907091495], [-75.73764469682499, 4.05511149947399], [-75.77649205783439, 4.003950289538096], [-75.79526276771003, 4.005061920553766], [-75.79146733769426, 3.9710459679966736], [-75.80569770518082, 3.9527657368610094], [-75.81218765559817, 3.9194115728027503], [-75.82102579595471, 3.9050594287014273], [-75.83535078037062, 3.908504047454434], [-75.85837545039288, 3.8813509731170943], [-75.86084629190714, 3.8624878579666886], [-75.85295483827394, 3.852220759162758], [-75.90325852474103, 3.7966097409210264], [-75.90134835458178, 3.7850902548657483], [-75.92013484337798, 3.7404319355890134], [-75.93826633943587, 3.7340192888569095], [-75.94555938435724, 3.7156736441467237], [-75.9602983055994, 3.705705164445812], [-75.9504036081845, 3.6739632799780253], [-75.97537842971627, 3.6579495081951134], [-75.97714874914232, 3.643629911879075], [-75.99373121334435, 3.6383689215302764], [-75.98659282879373, 3.6234354277379643], [-75.99531593259991, 3.6110503324699414], [-75.98446733139093, 3.5888014544341518], [-75.98928959768023, 3.5754612606118], [-75.98395140874919, 3.5599205150850195], [-76.00154638827104, 3.519575379233694], [-76.02628052309859, 3.4916296811636736], [-76.02264433396681, 3.4730357248430965], [-76.04129566123936, 3.4382805884738437], [-76.04303410931203, 3.398055527827304], [-76.02967301976076, 3.393321314472521], [-76.03144753611917, 3.382281648637224], [-76.06157751469698, 3.3540548234733163], [-76.05197076079776, 3.336274924705188], [-76.05707201529054, 3.3275887785177756], [-76.04489488466771, 3.3191287456541327], [-76.0377731701671, 3.3003254278065914], [-76.0505437364244, 3.282022614803282], [-76.03858456511097, 3.251462006892298], [-76.0594533396154, 3.2308263373057247], [-76.06137858082212, 3.2133772892187], [-76.10899117575985, 3.2276374897791302], [-76.14586575398482, 3.222627438615081], [-76.15636074837175, 3.236033434982716], [-76.19134096410409, 3.2270903012490453], [-76.20632559543355, 3.25810643711877], [-76.22925905943237, 3.2768313831834885], [-76.26275114104885, 3.282157697275172], [-76.2764570267388, 3.276636621088194], [-76.29280169142419, 3.2868992157356822], [-76.34312841430682, 3.280555325211924], [-76.40576297279028, 3.2983228703384175], [-76.46018791836786, 3.328941010897603], [-76.46847171600564, 3.3106911410460778], [-76.47835459697188, 3.3192530321643106], [-76.4774384493993, 3.2940309590358674], [-76.4891449738293, 3.3049620849421193], [-76.49422744812779, 3.292583584211902], [-76.47517002992095, 3.2876565778704347], [-76.48718896799448, 3.2824538792468587], [-76.47419423326761, 3.2806586144839]]]]}}, {"type": "Feature", "properties": {"dpto_ccdgo": "81", "dpto_cnmbr": "ARAUCA", "dpto_ano_c": 1991, "dpto_act_a": "5 de Julio Constitucion Politica de 1991", "dpto_narea": 23851.2570591, "dpto_nano": 2024, "shape_Leng": 9.12458555622, "shape_Area": 1.94415690408}, "geometry": {"type": "Polygon", "coordinates": [[[-70.68037998039028, 7.093931252047082], [-70.64649587816297, 7.078077431716126], [-70.64233253204958, 7.068996393900043], [-70.60760751262143, 7.063670891886055], [-70.57096820605182, 7.080785160956092], [-70.55633491060155, 7.079320026424763], [-70.53543482439466, 7.054576659604516], [-70.54164477869801, 7.048706557108783], [-70.53220803110179, 7.046021499568003], [-70.5388018897309, 7.0407249197359745], [-70.52805086091092, 7.041768048766677], [-70.51118768733198, 7.0275487709916264], [-70.51464967682165, 7.0207443848215965], [-70.50233736760708, 7.005667910563143], [-70.46697946389571, 7.000707953990786], [-70.45541384302521, 7.011911445715008], [-70.45521086044016, 7.003755442511643], [-70.43941240512044, 7.0078652444997065], [-70.43693735679238, 7.001191300999403], [-70.43110665263958, 7.007284271203165], [-70.41667100467566, 6.980871292468684], [-70.40411263772558, 6.988225945697748], [-70.39738393378002, 6.98155591616026], [-70.37211170227857, 6.980913020145176], [-70.36075412241053, 6.956215537509521], [-70.32238755180248, 6.934567946390016], [-70.2655028490318, 6.941233867928427], [-70.22433276534184, 6.974719691874577], [-70.14903051664771, 6.984335341796794], [-70.1336866550381, 6.975080634345044], [-70.11780200629818, 6.979412320385089], [-69.4275551718431, 6.1072969336528065], [-69.45249231171357, 6.083334804409853], [-69.54154856798743, 6.0436533902334695], [-69.68257957791457, 6.038423382803474], [-69.70449497500073, 6.045654761026211], [-69.74385410304205, 6.042954264128352], [-69.7843168742732, 6.058551863176498], [-69.83680825035634, 6.040983526809506], [-69.86819605638726, 6.041670135779422], [-69.89727202373422, 6.059661936512185], [-69.90408996010302, 6.072881692210101], [-69.8994915847037, 6.096273441098776], [-69.93255015878145, 6.116654557575386], [-69.94624554136078, 6.140837528823771], [-69.98518700097117, 6.136569833425588], [-69.98251010732616, 6.160602388846271], [-69.99006489637708, 6.1658966869557235], [-70.00267603490056, 6.148883544911021], [-70.02998034972057, 6.161792117658345], [-70.0416397116623, 6.155248600658087], [-70.05799850596009, 6.15869881861473], [-70.0621625617431, 6.169108960766977], [-70.0400930630388, 6.184634942470303], [-70.06019950772094, 6.185051348767296], [-70.06620764725005, 6.211463364507003], [-70.09725961155613, 6.2339492731008335], [-70.11474864997712, 6.232819028079369], [-70.12206549308598, 6.261729478905802], [-70.13515409824157, 6.2706170832359485], [-70.14953311636486, 6.268865827872102], [-70.15169921405754, 6.2944963266581535], [-70.16149480655639, 6.298341160460566], [-70.1751857900822, 6.279017802090731], [-70.19837797537724, 6.2957432117240515], [-70.208283304362, 6.287805541529523], [-70.22288880142366, 6.2929430897851395], [-70.25451750077139, 6.286833747772325], [-70.27148248499418, 6.273911876354936], [-70.29083037996787, 6.285603777098426], [-70.29944894674117, 6.277871564349533], [-70.30947575410028, 6.287874288754671], [-70.31137037530789, 6.279802996750092], [-70.32290698057159, 6.279251579846573], [-70.32958100222555, 6.293495502022833], [-70.3809441131757, 6.302418229610277], [-70.39129761830105, 6.292892425661101], [-70.43069382703021, 6.291502481975559], [-70.43067458420319, 6.278045330104974], [-70.47655889371714, 6.265073388350405], [-70.48364132306239, 6.249614561157892], [-70.50031815805517, 6.248628313496246], [-70.53054745085666, 6.230093006430701], [-70.5390240244131, 6.24504961748695], [-70.55158517344779, 6.237917616370087], [-70.55790743342084, 6.2465175170349045], [-70.57208653042, 6.2398324928068085], [-70.57967039526494, 6.249620022020897], [-70.58541857112681, 6.23869674290484], [-70.60974620628622, 6.23975962141284], [-70.63077194264702, 6.227145677448875], [-70.63944342023274, 6.235478720769537], [-70.67832486424948, 6.220408894049481], [-70.69025415128453, 6.22752343459827], [-70.7166071243077, 6.224599354932877], [-70.72578167412473, 6.216413650707619], [-70.73317520826714, 6.227864888103122], [-70.76939067138164, 6.228736239351722], [-70.7711665666551, 6.243520998065616], [-70.79716857300696, 6.253488900149341], [-70.80973648366626, 6.245922248835881], [-70.8210830510784, 6.251866102176881], [-70.832876304325, 6.238688992234419], [-70.86115971082137, 6.239347343776254], [-70.86790894128757, 6.2216215218346465], [-70.89582831241148, 6.235699882575476], [-70.93543358891827, 6.22578535663185], [-70.9560224634285, 6.235884671566543], [-70.98516212676975, 6.228832619675333], [-71.03471473302591, 6.266203115043564], [-71.03539709206285, 6.254611363059323], [-71.05979225094109, 6.254616231033708], [-71.09258058102336, 6.279136259428419], [-71.11023518806633, 6.265067384904577], [-71.12180837365582, 6.2749237529720565], [-71.13075649304363, 6.260208875158117], [-71.1581477298181, 6.262923290564024], [-71.16032971422925, 6.271918850917824], [-71.19003698841658, 6.278286999566868], [-71.22054825901722, 6.2983073406598], [-71.22601074164498, 6.293933486768413], [-71.21661896734099, 6.286790811860772], [-71.23302525830064, 6.2785319945946005], [-71.23358869107904, 6.263608482889646], [-71.26766768655574, 6.284980352980982], [-71.27238126469388, 6.261382435180462], [-71.27848300515694, 6.273970743002395], [-71.29775960797622, 6.271839642802847], [-71.3161918620275, 6.25358868688725], [-71.33245149571366, 6.256601595631987], [-71.33116073060609, 6.244878931158748], [-71.34290518193762, 6.243527357244561], [-71.3486043088476, 6.229170135861147], [-71.37259492908152, 6.235146171372896], [-71.37788729221847, 6.225152099547459], [-71.38066985657122, 6.24130466654228], [-71.3952225290588, 6.2367216388719315], [-71.41427681214282, 6.243408784024171], [-71.42086363695762, 6.225106762437221], [-71.44870657755962, 6.245797257147612], [-71.43966115797264, 6.214917761429691], [-71.45634203898067, 6.222890986073198], [-71.46177280207041, 6.211642401580742], [-71.48716955364421, 6.201425766576405], [-71.49661020172852, 6.21659622355313], [-71.50979149243403, 6.197752106887788], [-71.53515600164997, 6.225636467941369], [-71.5331171180793, 6.212221316835329], [-71.55143909485844, 6.212128663624755], [-71.55329994926592, 6.197159800436602], [-71.5661890150817, 6.211641540994004], [-71.5740286242036, 6.209792058368826], [-71.56930462739649, 6.1942216306847095], [-71.57515861679832, 6.1911059887256075], [-71.59260548557131, 6.211425088160553], [-71.61227911082489, 6.210089735138371], [-71.61400537683431, 6.226829021957244], [-71.63758817238403, 6.228698634945637], [-71.64932247094816, 6.2014489907399595], [-71.67148725223399, 6.190366600995694], [-71.77678698777737, 6.193356145439605], [-71.82407658780738, 6.18724449565299], [-71.85447434180833, 6.165610081930847], [-71.87939256494047, 6.159145501754163], [-71.95471397920647, 6.168989003241592], [-72.01041074171223, 6.129982941237279], [-72.07744422878176, 6.112930117879912], [-72.11187654541601, 6.075743199674569], [-72.13766171715014, 6.066610131395726], [-72.26266724215145, 6.123247365174587], [-72.28903750416436, 6.163203914677167], [-72.28225413499524, 6.1750978547738695], [-72.28661633682998, 6.199894598632569], [-72.32457345320864, 6.209641367656475], [-72.3262736321214, 6.2190462034747735], [-72.34387879675, 6.226032078222891], [-72.34667048978997, 6.243320046573067], [-72.36174407326803, 6.262797836243091], [-72.36662389466346, 6.306891565710452], [-72.35227976174372, 6.320245268408817], [-72.34589915704476, 6.341574379556896], [-72.3385393376002, 6.3455518991240485], [-72.3170922137802, 6.334699436054939], [-72.31565281959553, 6.357516559147866], [-72.30210824091643, 6.359269950707175], [-72.29513160175486, 6.374590624085388], [-72.28271603021784, 6.379385894182085], [-72.28666130563062, 6.403408288750467], [-72.27950760030063, 6.4210388667381615], [-72.26881321389772, 6.419170179913569], [-72.26787216680219, 6.441579419931778], [-72.25996922191075, 6.441830315098968], [-72.24597092627795, 6.420487607039951], [-72.23508261411189, 6.421961236945679], [-72.21889720558187, 6.438634944001586], [-72.21375443811013, 6.465485814955099], [-72.1747464420302, 6.4630056677855245], [-72.17788401008636, 6.496758420941151], [-72.13089513660873, 6.520588905567511], [-72.11281631330951, 6.612115458973156], [-72.09142714883791, 6.645960285925511], [-72.10012238867841, 6.747193736599436], [-72.09234833596327, 6.753877407065361], [-72.0769286879243, 6.750900784897138], [-72.05060356539207, 6.7688958492119236], [-72.03773849988488, 6.795887099108435], [-72.03454534493295, 6.829704955919512], [-71.99293653538672, 6.929419843819684], [-71.96015410005401, 7.001604440121079], [-71.94885388215414, 7.011323087362586], [-71.93775220376841, 7.006171912551544], [-71.91657082787242, 7.017050825636972], [-71.8349593061597, 7.025661570772553], [-71.821944038624, 7.03714602160552], [-71.82578487492032, 7.055603910001639], [-71.81194379536731, 7.062394653446574], [-71.74621611391012, 7.065732712159056], [-71.71769864579005, 7.053872651151935], [-71.7152415646803, 7.035370870137808], [-71.70501032934573, 7.032519572933033], [-71.66166973363823, 7.0335521485474315], [-71.64038426627405, 7.0535191988402595], [-71.61670990806937, 7.042579068214436], [-71.58772440833013, 7.055196883920365], [-71.58347525058082, 7.047600585483925], [-71.59293504088077, 7.0292101857722695], [-71.58699647682414, 7.016382702213664], [-71.54030619011019, 7.034747986806543], [-71.51204322299776, 7.0216278777092445], [-71.49846167592028, 7.036281679916709], [-71.47817521859321, 7.015116050602537], [-71.46522642733981, 7.042229586459508], [-71.45497286705597, 7.009776680386131], [-71.44931189072821, 7.02747554745785], [-71.43689889017156, 7.024245881350536], [-71.42436141356006, 7.038929816669865], [-71.39174485587006, 7.035942755171387], [-71.3698456096073, 7.015351974435279], [-71.26447641627084, 7.032062785535238], [-71.25857487091827, 7.019133495824314], [-71.24094873869592, 7.011829260580753], [-71.22792009523499, 7.02741012579848], [-71.19147212099017, 7.018955656205804], [-71.12998499770322, 7.032706384931753], [-71.12319385271081, 7.013056967498344], [-71.10311629787122, 7.006872407690216], [-71.11506097126272, 7.006652321168553], [-71.11167099168193, 6.989927640967821], [-71.023823061158, 6.973901640409212], [-70.9954417427092, 6.983075541641801], [-70.96977785441487, 7.016364241819869], [-70.94019308897032, 7.0123044320154815], [-70.92156361143788, 7.023691924907654], [-70.92757536219727, 7.0452145629665], [-70.91895574708923, 7.052554058909696], [-70.90768269067195, 7.041283410877999], [-70.88632153479489, 7.0643781800902685], [-70.84913370839081, 7.0570180201841595], [-70.8455000579001, 7.069807614570541], [-70.85666680760193, 7.06961863493529], [-70.85330484470057, 7.077654451542702], [-70.8226429022522, 7.0698533199903215], [-70.81839188498878, 7.079408602179024], [-70.79678341373375, 7.083193804867009], [-70.77743170630697, 7.076685164985459], [-70.76048994265443, 7.09765773361483], [-70.7359624591345, 7.08870144314501], [-70.69704426770511, 7.094008496443296], [-70.68721431731427, 7.104380670371447], [-70.68037998039028, 7.093931252047082]]]}}, {"type": "Feature", "properties": {"dpto_ccdgo": "85", "dpto_cnmbr": "CASANARE", "dpto_ano_c": 1991, "dpto_act_a": "5 de Julio Constitucion Politica de 1991", "dpto_narea": 44394.2358511, "dpto_nano": 2024, "shape_Leng": 12.1327629413, "shape_Area": 3.61506282848}, "geometry": {"type": "Polygon", "coordinates": [[[-72.33885328377079, 6.34470535307514], [-72.36662389466346, 6.306891565710452], [-72.36174407326803, 6.262797836243091], [-72.34667048978997, 6.243320046573067], [-72.34387879675, 6.226032078222891], [-72.3262736321214, 6.2190462034747735], [-72.32457345320864, 6.209641367656475], [-72.28661633682998, 6.199894598632569], [-72.28225413499524, 6.1750978547738695], [-72.28903750416436, 6.163203914677167], [-72.26266724215145, 6.123247365174587], [-72.13967875906553, 6.066683699882822], [-72.11187654541601, 6.075743199674569], [-72.07744422878176, 6.112930117879912], [-72.01041074171223, 6.129982941237279], [-71.95471397920647, 6.168989003241592], [-71.87939256494047, 6.159145501754163], [-71.85447434180833, 6.165610081930847], [-71.82407658780738, 6.18724449565299], [-71.77678698777737, 6.193356145439605], [-71.67148725223399, 6.190366600995694], [-71.64932247094816, 6.2014489907399595], [-71.63758817238403, 6.228698634945637], [-71.61400537683431, 6.226829021957244], [-71.61227911082489, 6.210089735138371], [-71.59260548557131, 6.211425088160553], [-71.57515861679832, 6.1911059887256075], [-71.56930462739649, 6.1942216306847095], [-71.5740286242036, 6.209792058368826], [-71.5661890150817, 6.211641540994004], [-71.55329994926592, 6.197159800436602], [-71.55143909485844, 6.212128663624755], [-71.5331171180793, 6.212221316835329], [-71.53515600164997, 6.225636467941369], [-71.50979149243403, 6.197752106887788], [-71.49661020172852, 6.21659622355313], [-71.48716955364421, 6.201425766576405], [-71.46177280207041, 6.211642401580742], [-71.45634203898067, 6.222890986073198], [-71.43966115797264, 6.214917761429691], [-71.44870657755962, 6.245797257147612], [-71.42086363695762, 6.225106762437221], [-71.41427681214282, 6.243408784024171], [-71.3952225290588, 6.2367216388719315], [-71.38066985657122, 6.24130466654228], [-71.37788729221847, 6.225152099547459], [-71.37259492908152, 6.235146171372896], [-71.3486043088476, 6.229170135861147], [-71.34290518193762, 6.243527357244561], [-71.33116073060609, 6.244878931158748], [-71.33245149571366, 6.256601595631987], [-71.3161918620275, 6.25358868688725], [-71.29775960797622, 6.271839642802847], [-71.27848300515694, 6.273970743002395], [-71.27238126469388, 6.261382435180462], [-71.26766768655574, 6.284980352980982], [-71.23358869107904, 6.263608482889646], [-71.23302525830064, 6.2785319945946005], [-71.21661896734099, 6.286790811860772], [-71.22601074164498, 6.293933486768413], [-71.22054825901722, 6.2983073406598], [-71.19003698841658, 6.278286999566868], [-71.16032971422925, 6.271918850917824], [-71.1581477298181, 6.262923290564024], [-71.13075649304363, 6.260208875158117], [-71.12180837365582, 6.2749237529720565], [-71.11023518806633, 6.265067384904577], [-71.09258058102336, 6.279136259428419], [-71.05979225094109, 6.254616231033708], [-71.03539709206285, 6.254611363059323], [-71.03471473302591, 6.266203115043564], [-70.98516212676975, 6.228832619675333], [-70.9560224634285, 6.235884671566543], [-70.93543358891827, 6.22578535663185], [-70.89582831241148, 6.235699882575476], [-70.86790894128757, 6.2216215218346465], [-70.86115971082137, 6.239347343776254], [-70.832876304325, 6.238688992234419], [-70.8210830510784, 6.251866102176881], [-70.80973648366626, 6.245922248835881], [-70.79716857300696, 6.253488900149341], [-70.7711665666551, 6.243520998065616], [-70.76939067138164, 6.228736239351722], [-70.73317520826714, 6.227864888103122], [-70.72578167412473, 6.216413650707619], [-70.7166071243077, 6.224599354932877], [-70.69025415128453, 6.22752343459827], [-70.67832486424948, 6.220408894049481], [-70.63944342023274, 6.235478720769537], [-70.63077194264702, 6.227145677448875], [-70.60974620628622, 6.23975962141284], [-70.58541857112681, 6.23869674290484], [-70.57967039526494, 6.249620022020897], [-70.57208653042, 6.2398324928068085], [-70.55790743342084, 6.2465175170349045], [-70.55158517344779, 6.237917616370087], [-70.5390240244131, 6.24504961748695], [-70.53054745085666, 6.230093006430701], [-70.50031815805517, 6.248628313496246], [-70.48364132306239, 6.249614561157892], [-70.47655889371714, 6.265073388350405], [-70.43067458420319, 6.278045330104974], [-70.43069382703021, 6.291502481975559], [-70.39129761830105, 6.292892425661101], [-70.38169153095231, 6.3022398006964435], [-70.36710591991198, 6.302728516939781], [-70.32847597832404, 6.292955645547885], [-70.32290698057159, 6.279251579846573], [-70.31137037530789, 6.279802996750092], [-70.30947575410028, 6.287874288754671], [-70.29944894674117, 6.277871564349533], [-70.29083037996787, 6.285603777098426], [-70.27148248499418, 6.273911876354936], [-70.25451750077139, 6.286833747772325], [-70.22288880142366, 6.2929430897851395], [-70.208283304362, 6.287805541529523], [-70.19837797537724, 6.2957432117240515], [-70.1751857900822, 6.279017802090731], [-70.16439489220153, 6.297658477131546], [-70.15456348204714, 6.297162744141923], [-70.15406468310499, 6.274973998480869], [-70.12343367955799, 6.263335615811399], [-70.11474864997712, 6.232819028079369], [-70.09725961155613, 6.2339492731008335], [-70.06620764725005, 6.211463364507003], [-70.06019950772094, 6.185051348767296], [-70.0400930630388, 6.184634942470303], [-70.0621625617431, 6.169108960766977], [-70.05799850596009, 6.15869881861473], [-70.0416397116623, 6.155248600658087], [-70.02998034972057, 6.161792117658345], [-70.00267603490056, 6.148883544911021], [-69.99214692157364, 6.165837201368523], [-69.98548443339877, 6.164469013099911], [-69.98518700097117, 6.136569833425588], [-69.94812208216223, 6.141929801129595], [-69.9306752044061, 6.114869498580458], [-69.90029130243784, 6.0974730190474205], [-69.90408996010302, 6.072881692210101], [-69.89184521233653, 6.054007517891463], [-69.86819605638726, 6.041670135779422], [-69.83590992177994, 6.04126087917956], [-69.85434847033144, 5.984467761523556], [-69.88279431032697, 5.969788245918921], [-69.9027759348993, 5.929298685109328], [-69.92433177920975, 5.9106996209639595], [-69.93252810063211, 5.876453497389807], [-69.96634354456751, 5.8615548789195415], [-69.96628333763255, 5.829038603838933], [-69.97881541087332, 5.807338303129816], [-70.01126364031461, 5.767220328038638], [-70.04377798491521, 5.746221489954539], [-70.0517875266782, 5.711249076996082], [-70.09116104484355, 5.672446456616309], [-70.1149486968655, 5.631451076525009], [-70.15314499706568, 5.600903582231023], [-70.19466896336064, 5.603156700692859], [-70.21546308870381, 5.583384089999873], [-70.26382741423322, 5.563574959168218], [-70.29835427503326, 5.577267676443495], [-70.33705070188665, 5.5746955740548865], [-70.36052292731318, 5.58702491174711], [-70.38641326759637, 5.563399085963431], [-70.41330497599608, 5.5513111706961995], [-70.42057114240441, 5.5344683897893105], [-70.44551768494853, 5.530778274748226], [-70.49821051019131, 5.496617312429153], [-70.51123874402015, 5.476239942828561], [-70.5316420075801, 5.471468968586402], [-70.56133028058741, 5.449163751764362], [-70.57057134621272, 5.435401494949213], [-70.60321783938514, 5.4237400596945795], [-70.65242405678828, 5.373181377249343], [-70.66592775939444, 5.373944317028101], [-70.68003123705103, 5.3610060773948955], [-70.67410880225827, 5.31547139157133], [-70.69539251700792, 5.281800577411325], [-70.81404655532515, 5.187072639581003], [-70.82410929083272, 5.18604900849906], [-70.86203791532279, 5.144214697383656], [-70.87642411099091, 5.148309056421342], [-70.91457082324962, 5.140522911474791], [-70.9498731113191, 5.117714030431132], [-70.95590640908614, 5.096122986507216], [-70.97445859730658, 5.08008849326911], [-70.96774585733465, 5.0582790992683355], [-70.98678788559181, 5.04367065393403], [-71.00189356769721, 4.980725215234535], [-71.01311442656498, 4.97737751040482], [-71.05733578068623, 4.905705723181981], [-71.07078448659024, 4.905525152682789], [-71.11317269126778, 4.874584830191882], [-71.15013525505339, 4.861743842248861], [-71.21174826924289, 4.817327841916453], [-71.23893322122268, 4.817717969775456], [-71.2749111345525, 4.799207847897247], [-71.28827874857285, 4.803051074612331], [-71.32277522383418, 4.766715396156948], [-71.37615141871942, 4.751228088754039], [-71.39016833644291, 4.756689490707456], [-71.42929804086606, 4.723292071835488], [-71.50883707210824, 4.6981416537811045], [-71.52334912005136, 4.6822300331037665], [-71.57675918863634, 4.675033444863159], [-71.59792645198797, 4.645268782657393], [-71.732387149945, 4.5753059041821755], [-71.80674993976635, 4.583547650749383], [-71.82377412840344, 4.551812569228688], [-71.85006901721232, 4.532712494487165], [-71.86779118480501, 4.505377393480436], [-71.89861132609087, 4.489414861642159], [-71.90499109176261, 4.467750694795787], [-71.99029579985898, 4.383538348839674], [-72.02675119868547, 4.386977662138446], [-72.06063925709645, 4.375000940425684], [-72.07186055973233, 4.386954977862766], [-72.0708404518457, 4.408092704583656], [-72.14310961112602, 4.440299599633882], [-72.19872411483567, 4.42847893966484], [-72.24339790760695, 4.434563174643774], [-72.25566399936156, 4.418380921000089], [-72.2866607585562, 4.417213935752577], [-72.30285786316051, 4.408411275285027], [-72.32050271359338, 4.370916437711112], [-72.3421929423842, 4.371529784519655], [-72.35621694332934, 4.341740619846724], [-72.38831806526485, 4.332570249894324], [-72.40503584999249, 4.317859740591037], [-72.41713908064958, 4.321330451830667], [-72.41556480521581, 4.343963825284066], [-72.42794812810678, 4.3537052089035795], [-72.46681826591833, 4.317375378485369], [-72.53273529981192, 4.33961100007189], [-72.54783745512867, 4.354675083857796], [-72.5545599831517, 4.336790023727102], [-72.57346878665447, 4.325484145538489], [-72.57344579066319, 4.30214050686154], [-72.60610226682132, 4.315387910030993], [-72.64197050025905, 4.302831954161486], [-72.65812353168377, 4.316529533122954], [-72.67586593384436, 4.317383418413529], [-72.68684332661826, 4.313199892529668], [-72.69359774126605, 4.287475985947638], [-72.73892837730665, 4.308962107461095], [-72.74188527515054, 4.325797577872365], [-72.76946746965211, 4.333179631536013], [-72.76297241500322, 4.3478360451480915], [-72.77968872469592, 4.352769038765658], [-72.7673151170925, 4.3562377871848135], [-72.76891655311056, 4.366389540417715], [-72.8005846939206, 4.378346511754876], [-72.78827263174298, 4.397520175644765], [-72.80506564684231, 4.3959736689552384], [-72.8081112911205, 4.408032563225765], [-72.8250305492623, 4.417614491263693], [-72.81242486172027, 4.4234663372833305], [-72.81347202329158, 4.42980594104319], [-72.84014969173461, 4.431045671022069], [-72.85237626207686, 4.450373177815173], [-72.8701743041338, 4.450712957757343], [-72.89696906177926, 4.474805907860987], [-72.90266590786484, 4.496206066821465], [-72.92344875664725, 4.520400976689429], [-72.93792698568791, 4.52274079342509], [-72.96797561905697, 4.599190899521723], [-73.01685936527065, 4.635607114701439], [-73.01685936527065, 4.6473854460205395], [-73.02799524164823, 4.653881372934101], [-73.05037274955276, 4.692695215975593], [-73.05255695460102, 4.736324804430445], [-73.04572373158891, 4.7579801318473285], [-73.07771915317227, 4.810741989079767], [-73.0615585902662, 4.855116947150731], [-73.04148365222107, 4.878326794235898], [-73.04891941979196, 4.923633777614697], [-73.0198445834248, 5.001595162938934], [-72.97528364429593, 4.974758154797947], [-72.95283314192818, 5.009647944244048], [-72.9260683556978, 5.02962837764868], [-72.92847103029902, 5.047235816812804], [-72.90382123386911, 5.067931974507248], [-72.90844017800987, 5.102479662762629], [-72.92859167234116, 5.0996730118630955], [-72.9426441651749, 5.120248473616418], [-72.96500838698574, 5.132899618642564], [-72.9738906687939, 5.150364405225896], [-72.96295843167042, 5.1565086764597625], [-72.94606788909789, 5.1953806935471905], [-72.92622493576988, 5.210413586004886], [-72.89620702211306, 5.262083710819421], [-72.89168828242714, 5.285532390484534], [-72.90067818878032, 5.295342090137478], [-72.87840544518264, 5.349918037243023], [-72.88574530763901, 5.351645668692701], [-72.88271031469361, 5.363227945239739], [-72.85954502228469, 5.340390428576969], [-72.84176427640398, 5.363594531829642], [-72.82070650160301, 5.370132954479834], [-72.8095660492038, 5.383579704749474], [-72.79832219434468, 5.380142862718052], [-72.7782832401436, 5.36587834125765], [-72.75688995060489, 5.33137454292538], [-72.72558184496614, 5.318019246614444], [-72.72025823839874, 5.288556389838623], [-72.70056665221506, 5.273278446657568], [-72.70077681683648, 5.279268665680567], [-72.6547815769747, 5.304399831924797], [-72.63740067064725, 5.337036592740586], [-72.62031404096331, 5.351217524100566], [-72.60937523535318, 5.3484013618311765], [-72.59127180358547, 5.358028048463803], [-72.57975046071067, 5.350334191113167], [-72.56723763478851, 5.3733726188442406], [-72.58397811996144, 5.381988633501513], [-72.50343391533607, 5.443027438711968], [-72.4898570161456, 5.481831436210139], [-72.44239468072863, 5.5192635973784645], [-72.42090449613119, 5.5632379496326285], [-72.39650196028197, 5.570242258723373], [-72.3755387251552, 5.537956750243381], [-72.33039166987072, 5.497636197707713], [-72.30089610720495, 5.505972368964664], [-72.29529191702483, 5.514952801677005], [-72.29578577522904, 5.553339530494852], [-72.28516981540616, 5.574627368514264], [-72.28904411666844, 5.600283359711769], [-72.26268896882226, 5.633537192652605], [-72.27213809341629, 5.662216045037798], [-72.22840356009164, 5.666827791870654], [-72.22142590044314, 5.6760403224879195], [-72.23570723927782, 5.687400174196733], [-72.2496697361197, 5.685253601402398], [-72.24787782207534, 5.695355515165288], [-72.27694184361616, 5.730841247445718], [-72.28038479958644, 5.749550322063419], [-72.30046747213231, 5.758265914150952], [-72.29627204086631, 5.767573572839315], [-72.30719369762403, 5.779523330698995], [-72.30759574523802, 5.792798588850981], [-72.39192797236541, 5.818948801172339], [-72.40140018098572, 5.836672447392519], [-72.43493760330563, 5.848561748585462], [-72.46306759988715, 5.848494087424307], [-72.45089407240977, 5.8783715556618015], [-72.41554955809835, 5.904011359204949], [-72.33603489457596, 5.889573604690496], [-72.32766273498316, 5.901714704756511], [-72.32506198619558, 5.935037152870011], [-72.33867071901011, 5.948672653704279], [-72.34266523920775, 5.965965384925861], [-72.3397825189092, 5.998492617665033], [-72.3655056798898, 6.036703418480869], [-72.32153931725674, 6.067838682730318], [-72.32120409267503, 6.088204322120612], [-72.36663860728288, 6.07683482878615], [-72.37537915728416, 6.092501593674737], [-72.36408147982195, 6.099325887425609], [-72.38917830703951, 6.123736822528606], [-72.37391213089927, 6.147698649937385], [-72.39310468368035, 6.161569469139392], [-72.39252884066644, 6.188325490499755], [-72.41894639632176, 6.186686889352214], [-72.40253656779373, 6.207603952832502], [-72.38724316728877, 6.261007194214207], [-72.39614714073338, 6.2741570474526], [-72.35538796295151, 6.3419157288570664], [-72.33885328377079, 6.34470535307514]]]}}, {"type": "Feature", "properties": {"dpto_ccdgo": "86", "dpto_cnmbr": "PUTUMAYO", "dpto_ano_c": 1991, "dpto_act_a": "Articulo 309 Constitucion Politica de 1991", "dpto_narea": 25976.2831056, "dpto_nano": 2024, "shape_Leng": 12.7079224588, "shape_Area": 2.10796483336}, "geometry": {"type": "Polygon", "coordinates": [[[-76.67050239780531, 1.4673152680466628], [-76.64544421524369, 1.455152656905687], [-76.62512738675093, 1.4230167943965606], [-76.60201613433765, 1.4141410667022503], [-76.59160576491115, 1.3909840046652693], [-76.57401904630325, 1.3857579426392177], [-76.57737552229048, 1.348715965025509], [-76.58430580115993, 1.3435484399649171], [-76.57096878018928, 1.3280001539736048], [-76.5860164867766, 1.3006315951874183], [-76.57376702195285, 1.2827142567662693], [-76.5657096134218, 1.238546234769082], [-76.53723426823723, 1.2091971003072595], [-76.55089827623192, 1.1419373013883765], [-76.54649243061266, 1.132879018814828], [-76.55342556792357, 1.1127320223524486], [-76.56793500536037, 1.1037695056544294], [-76.56135587911365, 1.0953393516792647], [-76.56811972338448, 1.0825728565905033], [-76.56096508470421, 1.0848963796705502], [-76.5638026861833, 1.0733636191996754], [-76.55566173965417, 1.0694082808512153], [-76.5449699853171, 1.0376706463164305], [-76.49345571742862, 1.0281795595857135], [-76.48409242243679, 1.0053385421854757], [-76.4458066068438, 0.981633521761609], [-76.4448990938846, 0.9692679055777215], [-76.41230651314697, 0.9606910700745046], [-76.40171466502386, 0.9799361509846896], [-76.38345345393219, 0.9751075264149108], [-76.36967910937653, 0.983902897048109], [-76.34463023786026, 0.975404889672187], [-76.33513439724095, 0.9805943111852093], [-76.33022413910282, 0.9583734839649273], [-76.31178709612891, 0.965815136403574], [-76.29798893721608, 0.9605775220338008], [-76.27601534093128, 0.983689654796048], [-76.26668760128672, 0.9694206525353892], [-76.24986235371097, 0.9814227103525903], [-76.23569619785212, 0.9645319908123882], [-76.23641736324197, 0.9820412287663974], [-76.20498899734537, 0.9797646067646987], [-76.19059380414416, 0.993433482733321], [-76.19269704217476, 1.0063176967439795], [-76.20431003034963, 1.0000947581813673], [-76.20881599688033, 1.005360401807071], [-76.20328870434645, 1.0177741021514384], [-76.19278185488326, 1.0097451405934617], [-76.18308030708647, 1.0132191926702057], [-76.18370140636216, 1.0261276378566775], [-76.16685894795017, 1.0301050415410777], [-76.12614018989672, 1.0066316321348308], [-76.10397565564779, 1.02522643287246], [-76.08044257560044, 1.0211867543296542], [-76.07476275170472, 1.0332099369459031], [-76.09326129698525, 1.049830099876605], [-76.0895908047587, 1.0578009233214178], [-76.04818477118482, 1.0461890140244408], [-76.00606692279234, 1.0550286922977021], [-76.00064804082996, 1.0310304956674319], [-75.9928525812445, 1.0276159552290016], [-75.98570137413134, 1.048103196961223], [-76.00071388559616, 1.0652146947264294], [-75.99420576224605, 1.07258651657087], [-75.94762442688983, 1.0306949773364054], [-75.92428342117637, 1.0336023626972197], [-75.92047515242831, 1.0244707065711405], [-75.93199987297129, 0.9938861226061387], [-75.94692800561421, 0.9829144458173499], [-75.90917967494198, 0.9730592177128611], [-75.89491347542679, 0.9353251819443587], [-75.86750185316731, 0.9220775281447161], [-75.85659685208662, 0.8850035480235544], [-75.82852475556456, 0.8738417507381696], [-75.81417616789577, 0.8929911816556444], [-75.80017786956802, 0.8957336748265101], [-75.77064804243508, 0.863830655824521], [-75.7622797968051, 0.837762036647177], [-75.7309536439979, 0.8587045566063068], [-75.68192712033749, 0.8569082309321573], [-75.66034688135773, 0.8733112592075496], [-75.63635693935237, 0.8767383913413166], [-75.61922126430977, 0.8677032197435663], [-75.60777151991505, 0.8382610161508329], [-75.53793007220116, 0.8268008980033626], [-75.53839243993792, 0.7885924831148541], [-75.50501787332564, 0.7669452513217789], [-75.48306927897175, 0.7829663102440803], [-75.46874952994148, 0.7588372711934863], [-75.40904839989815, 0.7377841272121928], [-75.38294432328911, 0.7545826516830693], [-75.35982833585211, 0.7503962916122027], [-75.33980661494519, 0.7692349132785046], [-75.33026202361486, 0.7510500177249506], [-75.3071049436108, 0.7466777017505047], [-75.29750444738085, 0.7294894383915046], [-75.26560146790376, 0.7256376462333984], [-75.2570935583903, 0.7033947491855725], [-75.27616684355269, 0.6674168619081081], [-75.23301562184116, 0.6474538612237862], [-75.22033716980485, 0.6332740132329244], [-75.20709660910791, 0.5952554107185888], [-75.23207839528362, 0.5799999766415774], [-75.23530705887038, 0.5650270467768463], [-75.22481390243797, 0.5354444184270246], [-75.1982985013056, 0.5033595703852088], [-75.21641937567506, 0.49508611955137777], [-75.2168633171541, 0.4866108808928203], [-75.19870208414164, 0.47914459303609586], [-75.18216315412963, 0.48666444298428546], [-75.15372400838498, 0.4812676398327509], [-75.12293062793276, 0.5081866220036865], [-75.10698910141696, 0.5128681850577268], [-75.09395337114108, 0.5012046369638634], [-75.10490969570986, 0.47319613672393773], [-75.03504520619055, 0.4844238057249264], [-75.01831001928537, 0.47237720580721454], [-75.00580070038887, 0.43851693590452206], [-74.9828714988995, 0.4088266012629343], [-74.9882476740209, 0.3966060011292684], [-75.01656779020067, 0.3834305000707758], [-75.00713612707301, 0.34227334943764226], [-74.9798859483684, 0.31462024097365404], [-74.98519541364539, 0.30197775481541456], [-75.01057731156408, 0.29145043542587057], [-75.00388804279265, 0.2732030188753612], [-74.95938186590547, 0.24248804074967983], [-74.91579216806952, 0.25237892121956784], [-74.89297919789072, 0.24919736532395928], [-74.84086563105927, 0.21304069699285968], [-74.73654419577588, 0.20960594624104628], [-74.71630934760128, 0.20104284419280818], [-74.68056156486443, 0.16540429668270834], [-74.67529088887233, 0.09973472100148856], [-74.6906936988762, 0.08782332931986285], [-74.71350943407163, 0.09527486143790949], [-74.69883608271095, 0.07923075262539224], [-74.67066497829097, 0.08269583322027203], [-74.6561649480193, 0.07330740783865794], [-74.65943661219637, 0.05703325826481808], [-74.67455017432968, 0.04587862504953377], [-74.704573433865, 0.04148028306394051], [-74.65637058961971, -0.011572679756410806], [-74.66118909016836, -0.0376910629452201], [-74.68149296494437, -0.049662711867496316], [-74.6773444096039, -0.06050007783789674], [-74.6485688301442, -0.038947058731957494], [-74.63136489656034, -0.0440547640317534], [-74.61599774071851, -0.06217378158145473], [-74.63176806886594, -0.08845681710986696], [-74.53231871957894, -0.1256805501015544], [-74.52401842975769, -0.11618516942033358], [-74.53465740174153, -0.09514294087681711], [-74.51896252405322, -0.08861021355003001], [-74.50658792381063, -0.10334745404248098], [-74.50832375688543, -0.12689638397656022], [-74.49715642237987, -0.1373796616275803], [-74.47482126019327, -0.13031531628191587], [-74.45437189415787, -0.07075915198504465], [-74.43611148795736, -0.07820386768125827], [-74.42335948989182, -0.09795490262059536], [-74.42652882689333, -0.1125401839784508], [-74.44720416431852, -0.12910029268796117], [-74.44627419076437, -0.13959590242098194], [-74.40185446062247, -0.11428765833026758], [-74.34186599791832, -0.10965434562520965], [-74.30308120102507, -0.14748568877941748], [-74.2667859917043, -0.14254821615829297], [-74.26399415493381, -0.15546247883911068], [-74.28723537660431, -0.17680871368670206], [-74.28942393399365, -0.2003581457794211], [-74.2404520252511, -0.23469541159663548], [-74.22558674688037, -0.2359870076464304], [-74.21758792292559, -0.21008257997261442], [-74.20030798462159, -0.20977886112969352], [-74.19072490134897, -0.22717521939007104], [-74.18831047228292, -0.25854934855880385], [-74.16846491922843, -0.2665259733283479], [-74.15820250963367, -0.26310755216482035], [-74.14303520215236, -0.23796273780561125], [-74.11156896055826, -0.2350761170190856], [-74.08176282400018, -0.27982041142523156], [-74.04466858325867, -0.27476265518996745], [-74.03840014858372, -0.3060599837306432], [-74.00723131965424, -0.34058314167096654], [-73.88192101939035, -0.36974139476260015], [-73.84131793299662, -0.3979775785825897], [-74.38913273670443, -0.5536835900717749], [-74.39665083763163, -0.5421190696387417], [-74.41183797094703, -0.5602692039564094], [-74.42169863476198, -0.5612401236520799], [-74.43049058909969, -0.5356182046821919], [-74.4222624439347, -0.507422313928066], [-74.4268073883967, -0.4997761499705034], [-74.44365589427201, -0.4972544197532625], [-74.45729048601095, -0.5057707078598032], [-74.46857508938206, -0.4968423765771341], [-74.47092514422525, -0.48001054704062424], [-74.480911131207, -0.4771924066794303], [-74.4914881732858, -0.4905713682270745], [-74.50370009568735, -0.4839455268536473], [-74.50634537938896, -0.4644915955582568], [-74.51352454479104, -0.4724465789970452], [-74.53047600486644, -0.4697499637226473], [-74.54963485193286, -0.42317877394887643], [-74.57371450157063, -0.4128641775847352], [-74.58088846212979, -0.3895391618968331], [-74.61546895059837, -0.37960612615204475], [-74.60992718260047, -0.3532102082350591], [-74.6562297381625, -0.3767839289957557], [-74.68928639164074, -0.3633399760821723], [-74.6837541529789, -0.3314373487460033], [-74.6971067660204, -0.33894310770940045], [-74.70217517808021, -0.352441939645734], [-74.72657255040906, -0.3489263916579597], [-74.73775601777169, -0.3291768676862192], [-74.73162890527152, -0.30287786728583355], [-74.74996858696073, -0.2859599072112456], [-74.75941521603289, -0.23772695321185067], [-74.7873152535999, -0.2010225879037878], [-74.80090957742584, -0.20159621387375978], [-74.80951461106855, -0.19292892962744676], [-74.85433787643575, -0.2432727196140763], [-74.88537626808534, -0.24556776338195635], [-74.91237225031142, -0.21293158198002457], [-74.91850459011238, -0.22762153332160875], [-74.9282960737138, -0.22881723593503767], [-74.94453972456165, -0.20511713828278852], [-74.97482630836436, -0.1867538722059787], [-74.974911459738, -0.15740074742448457], [-75.0179817252116, -0.14765830469044103], [-75.05119426436357, -0.12341368021836004], [-75.06903148198131, -0.09494453161851593], [-75.14607409934774, -0.06795598834819376], [-75.170230354679, -0.04499642737198053], [-75.20221602863546, -0.04485239767280006], [-75.21362261164131, -0.05604838037354125], [-75.22583781289626, -0.09107187966453549], [-75.25139269144228, -0.11634404019824315], [-75.27593020016877, -0.12738910221771246], [-75.31751394220709, -0.10858402277250599], [-75.33739805098429, -0.10782597162940867], [-75.3586021560717, -0.0921277692740748], [-75.39833228682443, -0.10092951615425089], [-75.44442867886448, -0.08030743988538112], [-75.4593025523227, -0.060356693129564876], [-75.50368752122858, -0.05150488309874925], [-75.53004517357977, -0.026706634560781515], [-75.57672766380921, -0.02815620666573663], [-75.58758290626838, -0.011248947331328146], [-75.58126632904236, 0.013776016402121321], [-75.60844378906671, 0.01161826316679864], [-75.63534326520488, 0.04668856202646896], [-75.64935485591451, 0.026717693890612747], [-75.6745629117209, 0.0386710279463295], [-75.69549673867681, 0.030704776031666117], [-75.75335843016609, 0.03344593160997947], [-75.77880207024185, 0.040847529934881305], [-75.78793443334291, 0.054248723006851074], [-75.8070290391372, 0.04684808677841553], [-75.85412657022329, 0.1310131058543773], [-75.86077654575456, 0.13304823805735597], [-75.87689805437253, 0.11643321259586095], [-75.88380396911543, 0.12001792193247592], [-75.88325045374569, 0.13902563631440656], [-75.90596097008637, 0.13601047818639844], [-75.90040416158365, 0.161266151926522], [-75.92669820956883, 0.17836688606942533], [-75.93451251043405, 0.19624848139529594], [-75.95468432377493, 0.20006858455820223], [-75.9602498630108, 0.21122680115601022], [-75.9533829261992, 0.22054702189530198], [-75.96591666132451, 0.23644679019132833], [-76.00480825900706, 0.24716232295256682], [-76.00581954722719, 0.25678867900483926], [-75.98456756279529, 0.2586431338090707], [-75.99958054138443, 0.26523462986688784], [-76.01052712281785, 0.29883471421832264], [-76.0455079341337, 0.3032331163910339], [-76.05502926716446, 0.32893998820680503], [-76.07471008792919, 0.3351362072582754], [-76.08777180828355, 0.33048485007971484], [-76.09786553030318, 0.31444565325907076], [-76.11346739814951, 0.31343965701848736], [-76.12319077233013, 0.3217945716387654], [-76.1205633875748, 0.34086687583943337], [-76.133224899168, 0.37015082130575905], [-76.15958179244217, 0.38855259729124014], [-76.17869141179182, 0.3704950020979875], [-76.20015174984013, 0.3726455149063558], [-76.2087076923101, 0.3850671671439489], [-76.22577824303596, 0.3728663712848088], [-76.23275378086214, 0.40032875917715255], [-76.25714111540799, 0.3998097068025059], [-76.26115428374743, 0.42505110180976563], [-76.27792546797133, 0.4359326343846456], [-76.29660734786938, 0.42069021960139563], [-76.31302251688606, 0.4331070236275816], [-76.32972680441577, 0.41471413108907745], [-76.33442019559675, 0.3866003482139975], [-76.34523257041639, 0.37975965300953696], [-76.3567433401119, 0.37963575636852537], [-76.36775606994229, 0.39370314956929575], [-76.41235272881022, 0.3812830963341177], [-76.41225972705303, 0.24162375295980232], [-76.42350623194432, 0.23477028190523097], [-76.42933115094206, 0.24076652323869385], [-76.42403748973851, 0.25128283107069393], [-76.43327154041413, 0.258983678218139], [-76.44463584507577, 0.2555572530590528], [-76.44806226933667, 0.23951016812560713], [-76.50339901373911, 0.23619795755763395], [-76.53539164335638, 0.25891944682750795], [-76.5691292437188, 0.24305080607922705], [-76.58871696840316, 0.21918005264153845], [-76.62927261113566, 0.2631408070863779], [-76.65308733570691, 0.2511400221829536], [-76.65896936424605, 0.2729549201658687], [-76.67935658567887, 0.2698140319338578], [-76.70208519769704, 0.2782087698007325], [-76.71268569660322, 0.2689645636630179], [-76.73270886020572, 0.28859511735871746], [-76.76650910373604, 0.26353939259053555], [-76.75356552361382, 0.2592336858491872], [-76.75862119126452, 0.24697834424249157], [-76.76925738206205, 0.24451560194541502], [-76.78581843041059, 0.2628612466556073], [-76.79798937343281, 0.26489568625693677], [-76.84421040322462, 0.23912612276423031], [-76.8774395773923, 0.2513684495686487], [-76.90610018498046, 0.2453365163438932], [-76.93526047904703, 0.26200464126412953], [-76.92862178277142, 0.2709633113730577], [-76.93429679708328, 0.2765669419021305], [-76.9449448860762, 0.2693333807715532], [-76.98468188535304, 0.26838159610493645], [-77.00532803469474, 0.2950964539311784], [-77.02746459179019, 0.27737595900351386], [-77.0473057996902, 0.28933296537497577], [-77.07878877241984, 0.2862328660792687], [-77.08902045511576, 0.3016993630937467], [-77.08208432371765, 0.31677324660888473], [-77.09659903965922, 0.32652903831868885], [-77.1121377370261, 0.3666756768767094], [-77.11209272241132, 0.38308182769854593], [-77.09968291985967, 0.3792685876698558], [-77.09638828125088, 0.3947472856122551], [-77.08802355791795, 0.3946313660172807], [-77.09915211571507, 0.4106164617568761], [-77.08907906574319, 0.42438440042074943], [-77.09641268669998, 0.43115061175398195], [-77.10134244188856, 0.4270811225947105], [-77.10761896859407, 0.44247688710568656], [-77.10207153491712, 0.4703754397554056], [-77.11555698913207, 0.48310350308904965], [-77.13023084983791, 0.5245017617365684], [-77.13036537984544, 0.5558396276850578], [-77.11511631842166, 0.5618505753497559], [-77.11735945838944, 0.5913613402162182], [-77.12677199097953, 0.6019574822894775], [-77.13363391698454, 0.5960346154068467], [-77.136469390353, 0.6032903020604846], [-77.16650123329771, 0.6109785584108903], [-77.18680573240334, 0.6309540618573212], [-77.1391541846873, 0.8215102416670262], [-77.10207218170467, 0.8336487590745177], [-77.1175606614105, 0.857558243406547], [-77.121209005656, 0.8931623288199716], [-77.0902197069758, 0.915115538720735], [-77.07275000031512, 0.9423129871735456], [-77.0787443722532, 0.9598168918254366], [-77.07377605505371, 0.969696414886101], [-77.04779954380825, 0.977532856545562], [-77.0388561953767, 0.9930440331029304], [-77.02806688931196, 0.9949312692546014], [-77.03679967606632, 1.0470590330704477], [-77.05812916540611, 1.034295601239252], [-77.06675233155732, 1.042233481639725], [-77.06812289856674, 1.059708242225624], [-77.08447836370544, 1.0620534407723872], [-77.0931805277657, 1.0754931123119706], [-77.0916135583359, 1.1159615950348698], [-77.10145391392103, 1.142332173254169], [-77.09730413507418, 1.1642612858282546], [-77.08645379292881, 1.172903488193504], [-77.08843350172958, 1.1833731141362975], [-77.06920936325969, 1.1848112623566036], [-77.04002765333968, 1.2016578449367874], [-77.02095789766088, 1.196220274408587], [-76.98110979196622, 1.222788886389979], [-76.97128566086639, 1.2521356897218445], [-76.98345403829813, 1.2679698540003166], [-76.97941270775209, 1.2866880150843232], [-76.9718993750862, 1.2929256411135346], [-76.96099149580101, 1.2830968782967458], [-76.962255048222, 1.2734983421926431], [-76.93606952938609, 1.2746163530485288], [-76.92998441675223, 1.296737539058135], [-76.90415224602333, 1.320942952036768], [-76.92125298376004, 1.3448347736796267], [-76.91260019024884, 1.3432367620422374], [-76.88680636413841, 1.371843589247153], [-76.86149544935336, 1.3750865809739985], [-76.79033046057435, 1.4123430153630292], [-76.7510482050264, 1.4201192967999157], [-76.6972212064262, 1.4439864192443446], [-76.67050239780531, 1.4673152680466628]]]}}, {"type": "Feature", "properties": {"dpto_ccdgo": "88", "dpto_cnmbr": "ARCHIPI\u00c9LAGO DE SAN ANDR\u00c9S, PROVIDENCIA Y SANTA CATALINA", "dpto_ano_c": 1991, "dpto_act_a": "Art\u00edculo 310 Constitucion Politica de 1991", "dpto_narea": 49.4176928281, "dpto_nano": 2024, "shape_Leng": 0.683356279947, "shape_Area": 0.00404934788533}, "geometry": {"type": "MultiPolygon", "coordinates": [[[[-81.68812099040633, 12.5505692497785], [-81.68921773632593, 12.550283885328058], [-81.68922506029628, 12.551035624004605], [-81.68812099040633, 12.5505692497785]]], [[[-81.68882919758789, 12.553079221039274], [-81.68874382792347, 12.55258924895014], [-81.68896239808777, 12.553075419365985], [-81.68882919758789, 12.553079221039274]]], [[[-81.70419639115897, 12.59480800697428], [-81.68706066311574, 12.580910839265583], [-81.70298421702336, 12.575328939000544], [-81.70235307277818, 12.567795513700965], [-81.70398300337973, 12.569156564848948], [-81.70662182729097, 12.569922750243439], [-81.70399753543768, 12.57042256518097], [-81.70694217486147, 12.572123578629242], [-81.7075703600537, 12.572062258680758], [-81.7076031360113, 12.569849614744609], [-81.70526521023072, 12.567617513283903], [-81.70009002702614, 12.566411854634215], [-81.70739332891958, 12.563106080500429], [-81.70353411487451, 12.543792190381208], [-81.73008136400404, 12.480296347180118], [-81.73553315936635, 12.490965245662855], [-81.72730716027831, 12.52595282039885], [-81.73560965097374, 12.530809579327435], [-81.73251850968512, 12.55489102200322], [-81.72175646840924, 12.579677582551756], [-81.70419639115897, 12.59480800697428]]], [[[-81.68901017861748, 12.599636714189181], [-81.69070590906944, 12.59928538639482], [-81.68983719976814, 12.601052895888392], [-81.68901017861748, 12.599636714189181]]], [[[-81.36433788767556, 13.385610347370951], [-81.35435285111208, 13.377232493353288], [-81.35740317022675, 13.359983768835823], [-81.34971748126327, 13.356871194625882], [-81.35681900790837, 13.35322189367391], [-81.35971690615406, 13.33422230186512], [-81.38916666368698, 13.320763536618939], [-81.39624980090525, 13.339136869224983], [-81.3923206475697, 13.358919645261857], [-81.38455087533026, 13.370536760300093], [-81.37204314196151, 13.371027692688989], [-81.36433788767556, 13.385610347370951]]], [[[-81.37077482577081, 13.394496328444115], [-81.36851015137188, 13.385992005906726], [-81.37674355617702, 13.381498329237315], [-81.37969137833437, 13.391458199477695], [-81.37077482577081, 13.394496328444115]]]]}}, {"type": "Feature", "properties": {"dpto_ccdgo": "91", "dpto_cnmbr": "AMAZONAS", "dpto_ano_c": 1991, "dpto_act_a": "Dcto. 2274 del 4 de Octubre de la Constituci\u00f3n Pol\u00edtica 1991", "dpto_narea": 109497.053786, "dpto_nano": 2024, "shape_Leng": 25.3559773715, "shape_Area": 8.8774799887}, "geometry": {"type": "Polygon", "coordinates": [[[-71.14469343459194, 0.055716394382536095], [-71.14945226360192, 0.038720883586023644], [-71.13397983680301, 0.004169837425455657], [-71.12164909234752, 0.005045790746920654], [-71.11342859544504, 0.02357560191520035], [-71.10433214432265, 0.026001320118379724], [-71.09503354964244, -0.008160907029621972], [-71.08135518206649, 0.0015419720711603833], [-71.06457728382884, -0.010114960823681948], [-71.03951150690375, -0.004522328377410426], [-71.03587292555648, -0.012271156379082165], [-71.0530551118083, -0.027701434190754725], [-71.03108886734162, -0.047444100418174324], [-71.01208739086536, -0.041514559945990924], [-71.01572597221258, -0.012473300835250997], [-70.99173829306523, -0.001961843909659946], [-70.96889609258216, -0.009306385693813094], [-70.97287157926036, -0.026758098186091008], [-70.96128202725163, -0.03983003239294723], [-70.92725456097725, -0.051756490630564325], [-70.92658075031534, -0.08888349026042851], [-70.91714739296373, -0.09885589380557108], [-70.89902187160561, -0.10161851913630787], [-70.89214134956109, -0.11617370600991067], [-70.90157342681243, -0.13250642668521687], [-70.91447673812331, -0.12278287374003738], [-70.9307000870296, -0.1290121858546676], [-70.94654606416407, -0.154081065562342], [-70.91734367500976, -0.1837835553177108], [-70.91507976777268, -0.2017874653501487], [-70.88308550591523, -0.21394163591394635], [-70.87259617541065, -0.26111622184995686], [-70.87817976091668, -0.27995582537571584], [-70.86791727227012, -0.290438912583707], [-70.86497402343952, -0.309658177688696], [-70.84271344663375, -0.3277375112307859], [-70.82618707777436, -0.36571984513499095], [-70.80973719064093, -0.363896192688056], [-70.8060402555846, -0.34619615690724515], [-70.76212414564691, -0.33107773488489345], [-70.75948350264576, -0.31907517221406606], [-70.78008366000489, -0.3123149032411317], [-70.76695447701724, -0.29636184684000566], [-70.73669632581425, -0.2867134110787608], [-70.68983585313407, -0.3311511174206273], [-70.67798822392172, -0.352116796864536], [-70.66561333801462, -0.34991330317512664], [-70.65550280041782, -0.3335805681267313], [-70.63037630092441, -0.3199059447323065], [-70.57951492101984, -0.3919927638286036], [-70.56895114617004, -0.38963726159726936], [-70.56065235743489, -0.36586031211292863], [-70.54729678893375, -0.36312487162099877], [-70.53122400587392, -0.3746702345669985], [-70.52873497166411, -0.3578823290896127], [-70.51930303904163, -0.35765387205944393], [-70.47757335658599, -0.40049378864794505], [-70.45259458695546, -0.43968810354981985], [-70.44844277971106, -0.4602733308963701], [-70.46478387987861, -0.4822189563151513], [-70.45735353723813, -0.49548012078739123], [-70.43686763669098, -0.4779617694175969], [-70.39962306276692, -0.46285150410446435], [-70.38767206523073, -0.46810912576827196], [-70.37776695363846, -0.49790104467803753], [-70.33461479498334, -0.4992756181767628], [-70.32217263598767, -0.48981261460084424], [-70.32124821043311, -0.46982327529141055], [-70.35116228684518, -0.472538910610456], [-70.36498931673594, -0.4641394080755243], [-70.36506578229216, -0.4539607520750669], [-70.33398036290163, -0.43815798304238895], [-70.30975953661624, -0.4414977341822851], [-70.28833382775144, -0.4129349352411071], [-70.26811211295677, -0.4180980747229589], [-70.24660537688703, -0.445440744041978], [-70.2229901054173, -0.4357914081680936], [-70.20978540908834, -0.4420943579401919], [-70.19959734682072, -0.46024691142281393], [-70.20257212564462, -0.47384355200523637], [-70.24451148493608, -0.46985140336201175], [-70.26227161805787, -0.4964836933714274], [-70.29375286063089, -0.5143698476509626], [-70.32523368189368, -0.5613425235912506], [-70.32425370896931, -0.5806184113503765], [-70.30974687036064, -0.5902878039256381], [-70.30123144373891, -0.5833661408051724], [-70.2999371509444, -0.5592865998644654], [-70.2822395954135, -0.5581780635474235], [-70.25613432673913, -0.6028557981278615], [-70.26079147266614, -0.6532679787081838], [-70.25241539192405, -0.6718432329879631], [-70.26190984913671, -0.7115495179411507], [-70.24879939963091, -0.7393983218507919], [-70.29023166672692, -0.7524654383889521], [-70.29712697774772, -0.7913193256628062], [-70.28990808971048, -0.808751674055416], [-70.25894088870552, -0.8318183430448852], [-70.22125288893585, -0.8863456346608596], [-70.25094626976795, -0.9104745012348232], [-70.2605855741474, -0.9380449053379544], [-70.29588596766848, -0.9364916882279185], [-70.30712294502024, -0.9646037148952191], [-70.28398555969619, -0.9997464413806942], [-70.25317850238287, -1.0207784246302856], [-70.23206285357361, -1.0145761626070238], [-70.21991951939532, -0.9853474348285761], [-70.1974684681565, -0.9850650285327239], [-70.20057490327508, -1.0104813148854417], [-70.22446555620957, -1.032055204566993], [-70.22759869556785, -1.0496736166611051], [-70.21675573398676, -1.0653625780396985], [-70.17755044525535, -1.0749002801843208], [-70.17787406269605, -1.1004340438118883], [-70.16864775370766, -1.1129152202643406], [-70.14983590904404, -1.117039304578498], [-70.12786900072183, -1.110726061901672], [-70.11364104341715, -1.0785043976381092], [-70.07914162257765, -1.0378775903134254], [-70.08791006978225, -1.0123544097466386], [-70.10655178327698, -1.0110973287941902], [-70.12342838578178, -1.0212705688474863], [-70.13560575894996, -1.0146774558208667], [-70.13938987737066, -0.9965585415775415], [-70.12228221721085, -0.9723761209968914], [-70.1021120837209, -0.9537187130239789], [-70.07895382243129, -0.9468959652749486], [-70.04726913733549, -0.9779392356777354], [-70.03079641500932, -0.9787453116924907], [-70.02260781371467, -0.9700442831039752], [-70.0249392985695, -0.9417064153026714], [-70.01659737539495, -0.9369265162910361], [-70.0007638579034, -0.9460017267312695], [-70.00801675618442, -0.9649303803220893], [-69.9989218717252, -0.9760411667333961], [-69.95819482580833, -0.9677527706162774], [-69.9414127081804, -0.94658868011742], [-69.90198290063614, -0.9719269081996454], [-69.90704087426406, -0.9804099352579249], [-69.92155575369918, -0.9731545926593125], [-69.9542433618966, -0.995602835761557], [-69.94144347460508, -1.0347403663123975], [-69.96171546814622, -1.0522250227473702], [-69.97151053602852, -1.0729877267927799], [-69.95505433373359, -1.096143638086985], [-69.93802792715428, -1.0965665481917843], [-69.90884945207023, -1.080482248721368], [-69.87593008642966, -1.0783066450487997], [-69.83980949536624, -1.0284706425542467], [-69.81754361669948, -1.0323190669256648], [-69.78408763660639, -1.0865144415594625], [-69.75709727783851, -1.09886688124423], [-69.73993376128811, -1.0951514130306748], [-69.73447429520553, -1.08233586809167], [-69.75795020193101, -1.073101915332789], [-69.7728154776068, -1.0370416443933224], [-69.74952003987073, -1.027621016179743], [-69.73777668089144, -1.0424389739580613], [-69.72509358006982, -1.0383242231471712], [-69.70471089243784, -1.047776509813173], [-69.64936216719491, -1.1168039197353405], [-69.65230464976196, -1.1336949267366305], [-69.66154712304842, -1.11647718064656], [-69.68090618409002, -1.121334095882137], [-69.68031328744513, -1.2012516298733091], [-69.66418781006706, -1.226304878882601], [-69.6493934995587, -1.2265963087627079], [-69.6379855430277, -1.2139104456197671], [-69.6345407823406, -1.1680504238770728], [-69.59253914459742, -1.145835753714573], [-69.5778451229856, -1.1553230863827302], [-69.56472594723817, -1.1932649673208262], [-69.53904901629386, -1.1919257605230027], [-69.50556257969515, -1.2173839227743302], [-69.47824616994853, -1.211474734549439], [-69.46601461934239, -1.1948494602007096], [-69.46555185993986, -1.1745728340446098], [-69.48924788193318, -1.1511096196266144], [-69.46229162413897, -1.141766879003494], [-69.45971907259229, -1.126427535923856], [-69.47071934816961, -1.0933869955407989], [-69.45214878309878, -1.0708402619706543], [-69.43297404482229, -1.069490934744783], [-69.39549619440271, -1.1220023540528328], [-69.39613204043383, -1.1367223001655986], [-69.41215515200872, -1.1532941866962034], [-69.41547569355936, -1.1851488143135263], [-69.42994986490663, -1.218428056122393], [-69.42826719417269, -1.241605047299792], [-69.40862394098303, -1.2810673640004744], [-69.40779396886433, -1.3276102999394048], [-69.39747692638542, -1.360901512707288], [-69.43030678292143, -1.3921584475706699], [-69.43266897491208, -1.452762757993154], [-69.45623784925874, -1.4886518745818038], [-69.45168061403723, -1.538911644174653], [-69.93040604827121, -4.204519384088163], [-69.9332222446767, -4.21970138442547], [-69.94983768336408, -4.229406466197081], [-69.95693447678224, -4.210746156663486], [-70.04514252602087, -4.118415378672342], [-70.06493412711473, -4.080909565473535], [-70.08900768706832, -4.0650514062762895], [-70.13359255284382, -4.063474804204151], [-70.16744818923371, -4.051505458564076], [-70.17658383028987, -4.035124307876553], [-70.17280356474646, -3.9714898446353106], [-70.18321948666414, -3.9286273659421793], [-70.22009554531388, -3.91601040363645], [-70.24808859362116, -3.8950769090581625], [-70.27218667400831, -3.83558902396381], [-70.28810165079472, -3.82059425963035], [-70.35444766830756, -3.8002337666924637], [-70.37965070342585, -3.8238378038215637], [-70.41647514304157, -3.8274976662747235], [-70.46986939857004, -3.8706827751593127], [-70.52003428623198, -3.8803547054772354], [-70.53730252127508, -3.870962242165201], [-70.5577605632464, -3.8309899918955908], [-70.57321702966499, -3.818632325808329], [-70.59029285260743, -3.818806456280069], [-70.62075738292828, -3.8398923950835404], [-70.65302348508874, -3.8297800419904124], [-70.68549697158272, -3.7939701029740265], [-70.7132473047883, -3.795462915519601], [-70.07352527279215, -2.790903694883997], [-70.06036212717146, -2.759725456095467], [-70.07406823294889, -2.732428770674179], [-70.07660967491415, -2.6629551294655704], [-70.10155965441527, -2.662286589223673], [-70.11467114057768, -2.7004465543369984], [-70.14585423296859, -2.7174462737440193], [-70.16237942593233, -2.713557482644773], [-70.16880450895138, -2.694628335878513], [-70.15833589271546, -2.6639413196349833], [-70.16543734480035, -2.64296956757487], [-70.17828190624488, -2.6332455825397196], [-70.19486614372266, -2.6634390469048332], [-70.21944251359935, -2.6562936393199865], [-70.23017816324943, -2.6274465610941173], [-70.23036360262131, -2.5907356497573315], [-70.24457042344886, -2.558248563658521], [-70.2639081602652, -2.5551566237670875], [-70.325801660151, -2.582632466636463], [-70.35838565837759, -2.5670921001990084], [-70.35972137162452, -2.5451422419151983], [-70.30511337889055, -2.5279869710079312], [-70.29841524284188, -2.5171780106877812], [-70.30215993417335, -2.5046633207603333], [-70.32088775035834, -2.511180748867325], [-70.33960622405692, -2.4985465119449466], [-70.36663901927267, -2.4947708826105286], [-70.40791281623979, -2.5291820367153535], [-70.43321919183404, -2.529289431291457], [-70.45041725941445, -2.5109469279923378], [-70.45668486763867, -2.4772536011350654], [-70.47012363726941, -2.4561836415765987], [-70.49263800541314, -2.4760976049871153], [-70.51295613556579, -2.4771273320414813], [-70.54489188201728, -2.431892800543026], [-70.56517178073932, -2.419795432296536], [-70.58536229701929, -2.4284530632390746], [-70.54587090182844, -2.4502785119434014], [-70.5463639066324, -2.4644611698667434], [-70.55904267487597, -2.478772299554502], [-70.5965022688195, -2.4880559678158125], [-70.62820279212474, -2.480078875023645], [-70.64503089634536, -2.4540640389235437], [-70.62827373213923, -2.3989511027677834], [-70.64405300841236, -2.4140686722882942], [-70.673425214325, -2.413361707477773], [-70.68302803270177, -2.4041542370745663], [-70.66370836191851, -2.3597033335723543], [-70.68841822065451, -2.343775096744005], [-70.75230374525341, -2.331301476925767], [-70.77066008980609, -2.299056344156696], [-70.8387980590926, -2.2923787885277624], [-70.85749152367373, -2.238893887526745], [-70.87946427104993, -2.2232856685868927], [-70.9005979463663, -2.2292367812194653], [-70.91728028084964, -2.251435678749606], [-70.93711856832431, -2.2570956399800837], [-70.96454097217241, -2.240646455330272], [-70.98149392435073, -2.214004794986672], [-71.00248285401005, -2.211711961076163], [-71.01415110658519, -2.2264580948969717], [-70.98698058156037, -2.2913808870126755], [-70.99427377021232, -2.3087128557788206], [-71.0111852651072, -2.305916301052751], [-71.03662359523707, -2.2761366288850033], [-71.0630300126723, -2.272720800261415], [-71.09408762918264, -2.2847104541312926], [-71.12563375801864, -2.28598002706605], [-71.14073516593652, -2.303107539110624], [-71.12745254967774, -2.3384885942208293], [-71.13811341362248, -2.346148067628256], [-71.150794930713, -2.337718279267684], [-71.16610031026181, -2.3433415972901934], [-71.17219957496599, -2.381131600840438], [-71.1962377098281, -2.3818703220198705], [-71.2279815490325, -2.3483270139345844], [-71.25310163275304, -2.3561010882091047], [-71.27117891723697, -2.385830805922427], [-71.2844097626463, -2.388715645348311], [-71.29330204181326, -2.378094029728277], [-71.2769089021998, -2.351974127487093], [-71.29662814393987, -2.3473792357573675], [-71.31844614740191, -2.3814332212172586], [-71.36832520169247, -2.3916030728225857], [-71.3951344330053, -2.4114032905629044], [-71.40971446819822, -2.3905913893434314], [-71.3993973978715, -2.3580457797538306], [-71.4308090838366, -2.325242603204142], [-71.45659102073478, -2.2785072345032225], [-71.46965792437248, -2.2745373820630848], [-71.48291556924306, -2.2888961799910934], [-71.48775205407799, -2.3052532099957217], [-71.47827968825243, -2.3459761308441465], [-71.48404004527924, -2.3542654899560267], [-71.49940848481458, -2.3555335788727736], [-71.52575573107328, -2.320667930770921], [-71.51842795366207, -2.2524043409772196], [-71.57038129056355, -2.2503057598168343], [-71.6063490529225, -2.2379319509910793], [-71.62954372475622, -2.210375745670598], [-71.65046763520178, -2.2031319185848033], [-71.67364525609952, -2.209035664811359], [-71.70596943438943, -2.2323053918444287], [-71.72922364481099, -2.2276596886667783], [-71.73314295889139, -2.1969980058327385], [-71.71964908565894, -2.16022732953251], [-71.74154852236467, -2.146347470576523], [-71.74769748999478, -2.1496812721695093], [-71.7484783242283, -2.174280962328722], [-71.78907130456702, -2.1878950877337973], [-71.79728571537862, -2.207031883836732], [-71.83288228458326, -2.195961136267852], [-71.86363550132711, -2.284799172717766], [-71.88116433604517, -2.3123865693663577], [-71.92612558185164, -2.31543474959051], [-71.93271563162091, -2.330103656083201], [-71.91591758505365, -2.3661644282829375], [-71.91972117806694, -2.3805603823573365], [-71.93370826091945, -2.3821861762136503], [-71.95916102788573, -2.3591951831606246], [-71.98786696180429, -2.3734766603355717], [-72.01423020886756, -2.369292616123343], [-72.02811298735094, -2.3465345501209103], [-72.0488161069951, -2.3388133839638687], [-72.09631975776153, -2.39064134559451], [-72.12850196798746, -2.414079037956582], [-72.1362244322114, -2.4575060705265046], [-72.15656318320782, -2.481128577032524], [-72.1698051596507, -2.4773215829950184], [-72.16936475214686, -2.4540690389503608], [-72.18728512058851, -2.4355264177959066], [-72.20546551018964, -2.4483753387675735], [-72.22188379097298, -2.4496840432455778], [-72.2513296210683, -2.431778596731634], [-72.26120438395282, -2.4364185479919427], [-72.2527572976191, -2.448732258579016], [-72.25519624532205, -2.4590234250652], [-72.28392823669287, -2.4542645026305006], [-72.2958850283672, -2.4773452760794874], [-72.37345545668933, -2.492502441572676], [-72.38268115392447, -2.4768023042446865], [-72.39836841389308, -2.4703734572818568], [-72.40864768487916, -2.415978978093162], [-72.41657129103862, -2.4322544895140683], [-72.43298957092361, -2.4420340740214703], [-72.47668639024766, -2.4206427203544227], [-72.49810153940791, -2.4180253122967037], [-72.51832695795946, -2.4271148535720783], [-72.54321611967072, -2.405128634151548], [-72.56791492462827, -2.405128634151548], [-72.59705803301142, -2.36801143335263], [-72.6311438116723, -2.3596833190918822], [-72.63923397909292, -2.3631930235340755], [-72.63509371700576, -2.389973858178901], [-72.65656835175321, -2.4103182497008344], [-72.66225526426052, -2.4412393437377364], [-72.68236170984102, -2.4533745966649176], [-72.6934499979285, -2.450650112034897], [-72.69284899398173, -2.4311896832199484], [-72.70496064096142, -2.415148553223247], [-72.70240272028747, -2.39831386883845], [-72.72887422431018, -2.3991466805340216], [-72.72994498104953, -2.4210972071649044], [-72.75118167075323, -2.4293658349401523], [-72.76111592012325, -2.4009907615850716], [-72.77491679374708, -2.394149813055577], [-72.83126044797746, -2.4311504313022945], [-72.91043225392707, -2.445179730514782], [-72.93328989825886, -2.4578076504790674], [-72.93928519097085, -2.44852137260978], [-72.934030622683, -2.4164212163650323], [-72.95234582436285, -2.403209810514301], [-72.97593167688194, -2.3446855768409107], [-73.00151564200172, -2.3630169428182928], [-73.01722008495875, -2.348797284157214], [-73.0201325449068, -2.3322362358092272], [-73.03937762491933, -2.3277818838210442], [-73.04036193760834, -2.354712032958126], [-73.0570427440561, -2.366000789243793], [-73.06798826457833, -2.3614798118528286], [-73.07321713024879, -2.3414685437514895], [-73.09757091269205, -2.326822962033785], [-73.12255525367846, -2.3274178286856197], [-73.12535112119286, -2.296544321142163], [-73.15849239693654, -2.256547607032935], [-73.17275446419814, -2.2206259175061382], [-73.17156785164423, -2.1860472292639703], [-73.13409841215736, -2.18147914148702], [-73.11678930463455, -2.1282637370826696], [-73.07719003067524, -2.105800025877179], [-73.0688969372635, -2.0882883750464556], [-73.10548811296013, -2.0834456379323125], [-73.1142581672521, -2.0742509945832572], [-73.0933774298735, -2.040431795688062], [-73.09839318264937, -2.027288778634482], [-73.12147766614424, -2.0158197069714245], [-73.13016162583074, -1.9927006841254402], [-73.11788918388027, -1.972607068294704], [-73.12037284616048, -1.9106172312064764], [-73.10875907555237, -1.8837660422491236], [-73.11200401572677, -1.8741282560240766], [-73.13945966624999, -1.872644718591133], [-73.15460748925727, -1.8600787878207574], [-73.14684376268451, -1.8051071298223411], [-73.18515408972786, -1.8083215793549572], [-73.21992019273995, -1.7499129867985266], [-73.22735833366164, -1.7558273331538814], [-73.23124485022487, -1.802200943713337], [-73.2537169427194, -1.8085497875515768], [-73.25934183369338, -1.7979549947489504], [-73.24929369312594, -1.7874203702537321], [-73.2499360151171, -1.7941684517734697], [-73.2447363150722, -1.7914707746895324], [-73.24512706366755, -1.7837834256383018], [-73.28512822623895, -1.780671616793569], [-73.30567833841371, -1.8002033512376656], [-73.29781921068178, -1.8247557459578765], [-73.31489914880984, -1.828782848974961], [-73.33493267628398, -1.8040366767138536], [-73.3557621728196, -1.7992297392889207], [-73.38019649198725, -1.7812091232738265], [-73.43093795658723, -1.790459452333427], [-73.43828592365054, -1.7856557551342935], [-73.44065961498433, -1.7830286776031818], [-73.4340975288938, -1.7868349197502191], [-73.43773680194437, -1.763555161222339], [-73.45176266599691, -1.7488854219907923], [-73.50621655262108, -1.73159991322984], [-73.53414125794541, -1.7079226759231956], [-73.54040689526431, -1.6868247733472628], [-73.51858557342297, -1.6637556905826734], [-73.51646500058854, -1.6373979735535908], [-73.49999228814386, -1.6146204248737293], [-73.46462324441575, -1.589611320011], [-73.4577385281338, -1.5710859752698492], [-73.47948334579132, -1.5793034017280108], [-73.49985232961274, -1.562532018976803], [-73.47897329094968, -1.5292418823914933], [-73.49637649707353, -1.5140116918923898], [-73.4900456474029, -1.4855927861064742], [-73.5312213653308, -1.4784720561604343], [-73.5386325109584, -1.4329807886441004], [-73.58727892477987, -1.4240323189133672], [-73.57995017179746, -1.412118656288899], [-73.55925631199466, -1.4175254091884413], [-73.55221275727428, -1.404853682844434], [-73.5602875509149, -1.3828576079990855], [-73.58258112556223, -1.376489318314426], [-73.582050873882, -1.3418582636393093], [-73.57025870669946, -1.3319498830754486], [-73.57104466133416, -1.3216144152374047], [-73.5945736091279, -1.330860772841909], [-73.6131391490191, -1.3196992495429387], [-73.6203589272875, -1.2647167686333507], [-73.64582922039898, -1.270150084737018], [-73.6816562247256, -1.2414034032055912], [-73.69776368278298, -1.2536461827613672], [-73.73294427778063, -1.2508351561645248], [-73.74396520564284, -1.2330292259953706], [-73.74477880056259, -1.200897649351841], [-73.75095558993752, -1.2064172567921931], [-73.75080072025912, -1.237968541062625], [-73.76927839496398, -1.2627463232671865], [-73.78490465388631, -1.2586567621352185], [-73.78818083389791, -1.2413882818523787], [-73.79788903372469, -1.251553339145236], [-73.81250076869259, -1.250050638835429], [-73.86401425594448, -1.2293862806291136], [-73.87178081580589, -1.2024317458058553], [-73.89761297126341, -1.1677139515344215], [-73.90657168000024, -1.1265899523549783], [-73.92326798419566, -1.123163820945165], [-73.942423379932, -1.1345736747191997], [-73.96846857731714, -1.1272432966833998], [-73.96857961725954, -1.1161631859668866], [-73.95237340822257, -1.0968073399989076], [-73.96210340209382, -1.084947754200964], [-73.98232484739367, -1.1099394245467962], [-74.01196570279097, -1.0979300921666266], [-74.02815337238235, -1.0599425938438092], [-74.01519513803117, -1.018074301230765], [-74.0241670816576, -1.0063850181800986], [-74.03438333218298, -1.0135357788299844], [-74.0358767987027, -1.0355016792409153], [-74.04965507788245, -1.0529459482868477], [-74.08651619035055, -1.054374419847272], [-74.16776451122638, -1.008736398039269], [-74.22132869939594, -1.0115036137647904], [-74.27429714415723, -0.9798597831833477], [-74.27680795803849, -0.9596975701462216], [-74.26318063187938, -0.9446444646802128], [-74.27564750534486, -0.9096127826287176], [-74.29986993063267, -0.895261909644469], [-74.31448933901589, -0.8967466948382581], [-74.32202747059324, -0.8811564655746263], [-74.30299499143518, -0.8630873512753036], [-74.27140062482664, -0.8791238010456975], [-74.27333620385394, -0.8536952221368077], [-74.25539135540294, -0.8201262590449256], [-74.2752646134212, -0.8304626359788008], [-74.29056930575831, -0.822010792163788], [-74.29182566176979, -0.7804939549059379], [-74.30088188989492, -0.7943709733867289], [-74.31772847427226, -0.7961983987607976], [-74.32104068394199, -0.7799228846449454], [-74.31424494316497, -0.7681017216189878], [-74.32767325999072, -0.7572365365987073], [-74.33879585925774, -0.7620839269896991], [-74.35445517261564, -0.7554070001819884], [-74.38172940822267, -0.7204520891141933], [-74.34185294089525, -0.6938718556186504], [-74.3487842249803, -0.6750574426701754], [-74.37551841995764, -0.6549098128950311], [-74.37828290480257, -0.6394747263977945], [-74.36360447795647, -0.6212904165462577], [-74.39524610676642, -0.5876259247343157], [-74.38913273670443, -0.5536835900717749], [-73.84131793299662, -0.3979775785825897], [-73.8158502539847, -0.41166872470314203], [-73.76342712476469, -0.4074610341188882], [-73.72905301002407, -0.38046274411989456], [-73.70899150090486, -0.3853535043091033], [-73.68024795359702, -0.42018729632896273], [-73.6399820671819, -0.41806480199661855], [-73.63594117591236, -0.4309672590086379], [-73.65088701256701, -0.45742258974920724], [-73.60869318909886, -0.439224115250979], [-73.58505677127044, -0.44876813165874696], [-73.56835520384158, -0.5168343138164552], [-73.5497928026665, -0.5140981097559175], [-73.53319430801548, -0.4877375684213249], [-73.5223261666369, -0.5152352071318675], [-73.51047856527231, -0.5242737141769443], [-73.48874653873634, -0.5281457660558193], [-73.43034484434656, -0.5108966669406863], [-73.37850401164258, -0.5362620609970359], [-73.35768075031831, -0.5152186233201566], [-73.33187629263801, -0.5061004518155621], [-73.31549975390425, -0.5309373333314485], [-73.26501776788086, -0.5557693477712484], [-73.25603542265344, -0.5795431082337803], [-73.23935906197158, -0.5869085897639065], [-73.20298421064922, -0.6264768026495382], [-73.16586210414539, -0.6216851716309465], [-73.12142387498216, -0.604131504764241], [-73.07479201474081, -0.621288799577461], [-73.05330213916409, -0.5466977198151883], [-73.04417480663261, -0.534847339959624], [-73.01565665579238, -0.5268673635731203], [-72.95891432892114, -0.5594406978894122], [-72.93717638427938, -0.60584265481029], [-72.91727826985738, -0.6155095177276728], [-72.87221483970762, -0.6167652404263416], [-72.83245960012442, -0.5984525207941754], [-72.81586180615983, -0.5992081806200754], [-72.8014566380578, -0.5793825800628744], [-72.77656100667474, -0.5777060618952898], [-72.74972881170999, -0.5549956264038111], [-72.74061905742599, -0.5801090041946121], [-72.71435669933442, -0.5888904823708193], [-72.69454867522745, -0.6106463142801161], [-72.67764881442304, -0.6159579642613613], [-72.67381418459195, -0.6351778860353952], [-72.60045456041752, -0.6880049071104335], [-72.5628056912928, -0.7056869577065524], [-72.42496999856417, -0.5622897960166057], [-72.4077723460058, -0.5679704077352613], [-72.40889031733582, -0.5977877022754238], [-72.39471793794365, -0.6138492581813421], [-72.35319800418921, -0.638498983643476], [-72.30897627816512, -0.6519647207201005], [-72.24282988982372, -0.6052614928673764], [-72.24661468198144, -0.5853863528777419], [-72.23061064255353, -0.4929759301900827], [-72.20118386035062, -0.4795531874155305], [-72.17278959537163, -0.4439312928874632], [-72.16298066827011, -0.4114069509291938], [-72.14802968516307, -0.3953945113488843], [-72.15885899503593, -0.3823993391425325], [-72.15344433965032, -0.355326063113801], [-72.14229929955127, -0.35526737882445925], [-72.14360384213131, -0.34725376499531546], [-72.12627207099416, -0.3371901572232534], [-72.09365852356103, -0.32917654339411173], [-72.08284946262916, -0.3383083369625265], [-72.06272224528777, -0.32470382713198226], [-72.0567586254013, -0.3094220508365601], [-72.06141770270773, -0.2961902693823564], [-72.03625868058185, -0.26711762221225627], [-72.01650418982024, -0.26432217510982], [-71.98314519012592, -0.2794175885645049], [-71.97494521255749, -0.27065851888090875], [-71.92779534198803, -0.26525399111006404], [-71.90998811285328, -0.2733166467046087], [-71.8737933999401, -0.2696162297756097], [-71.83086781364818, -0.27630441697440655], [-71.81139898378132, -0.26367993217048097], [-71.78965545161401, -0.2704747890043701], [-71.77032786666678, -0.25582810325633876], [-71.74299745486866, -0.2523551776678005], [-71.72919023643897, -0.2313251446622501], [-71.71132607023952, -0.23437788204347926], [-71.71449187236755, -0.20362438143279277], [-71.73645800993461, -0.1545344160031369], [-71.72719559043969, -0.12389489821806278], [-71.70092863656345, -0.09745847972427778], [-71.70482631380469, -0.0672938486077291], [-71.67178079225835, -0.059837426057368324], [-71.64754740931193, -0.038484934438805414], [-71.62602545397255, -0.03458725719769285], [-71.59348832538325, -0.014421017010004027], [-71.57823654475692, -0.0010333426954712741], [-71.57721975974113, 0.015743614106551392], [-71.54671620118336, 0.02133593393885413], [-71.48570908406782, -0.0086592325592431], [-71.45375190199996, -0.012226563074527474], [-71.44837899764707, 0.003348824212259848], [-71.40045074524676, 0.0056092082539132854], [-71.38579654957647, 0.01459527161088462], [-71.3859347968156, 0.0259315344399032], [-71.37058936674623, 0.031184925933638138], [-71.32787100578588, 0.018742685191576607], [-71.28568810584022, 0.03787420009479506], [-71.27136166884736, 0.035168254012064644], [-71.25567948975402, 0.058640276418426146], [-71.23491675516522, 0.06639629993119986], [-71.22575292225804, 0.0542003199441633], [-71.18714354132669, 0.08115276708099337], [-71.18801949464819, 0.09725685555455253], [-71.16901801907022, 0.08836254529550959], [-71.14469343459194, 0.055716394382536095]]]}}, {"type": "Feature", "properties": {"dpto_ccdgo": "94", "dpto_cnmbr": "GUAIN\u00cdA", "dpto_ano_c": 1991, "dpto_act_a": "Articulo 309 Constitucion Politica de 1991", "dpto_narea": 71289.3546833, "dpto_nano": 2024, "shape_Leng": 21.179050672, "shape_Area": 5.74793739464}, "geometry": {"type": "Polygon", "coordinates": [[[-67.69238842113543, 3.9361800234505293], [-67.65015776311799, 3.8689347215552705], [-67.63442656202221, 3.7855500102995756], [-67.61250545074802, 3.7556141748783762], [-67.54457772603314, 3.7554162650838165], [-67.51913178537012, 3.775236289793554], [-67.50128593493565, 3.767448794678075], [-67.48661134928875, 3.74268357003284], [-67.47921268037209, 3.7047521383065325], [-67.4659578319592, 3.684748379228609], [-67.44795671568892, 3.6764839959965205], [-67.45302620572795, 3.6550648259745393], [-67.43887438789073, 3.6432425454434507], [-67.4488409820267, 3.6114841669955937], [-67.44407184304396, 3.5852362008254905], [-67.41204402998227, 3.5388768815752227], [-67.40146813684959, 3.479996636287856], [-67.33915038477494, 3.451022202904346], [-67.31078463414241, 3.3778933659942116], [-67.3250435420266, 3.3639497975691928], [-67.33639929382156, 3.3317363097778676], [-67.38160288731848, 3.2925835159398864], [-67.38117846355124, 3.2484174136439665], [-67.43485269004088, 3.2484720150870485], [-67.86282944170574, 2.864865687706328], [-67.86411073586771, 2.7894721431596348], [-67.83795011475809, 2.793300197317474], [-67.81538057294392, 2.8312645729864676], [-67.78255576404553, 2.82667762955666], [-67.75042264858564, 2.837543750622236], [-67.7360658009012, 2.835631669744969], [-67.73556534097276, 2.816934397202906], [-67.65834797509319, 2.796558367889761], [-67.63791449128468, 2.810287292689742], [-67.61438640138272, 2.811549973744117], [-67.58524446081037, 2.777133288707676], [-67.5843096022138, 2.7439365769863824], [-67.56382680984007, 2.726057847288572], [-67.56922321413947, 2.6761385673075093], [-67.56189608800742, 2.6557852842538145], [-67.55430850323592, 2.6536198495183827], [-67.52318694638933, 2.673383838174415], [-67.48522486142485, 2.665804481977749], [-67.46762761006187, 2.6194300341877765], [-67.45093374120114, 2.6193581051272967], [-67.41465625835002, 2.583311901816396], [-67.39208768581881, 2.5736039975359284], [-67.38325134478924, 2.5439651256213494], [-67.3394476860484, 2.518694620684108], [-67.33446572881871, 2.4957351423529888], [-67.30308693199902, 2.46121926706046], [-67.29709180906877, 2.4419475995899185], [-67.26055643855864, 2.4291439411682285], [-67.22175724076158, 2.3985964567557376], [-67.18790227002387, 2.350310217346126], [-67.19683323966092, 2.322718020995172], [-67.21739080696017, 2.3026999580316354], [-67.2139903781677, 2.2806957408500432], [-67.22197112800455, 2.2542470558512084], [-67.20251968414556, 2.223267109539868], [-67.19072618655707, 2.177539028857999], [-67.16157905731149, 2.132835811747595], [-67.14760351332802, 2.125615196248865], [-67.12172666215793, 2.136990542112091], [-67.1080218499556, 2.119304336804386], [-67.09704016143456, 2.05241152153111], [-67.11454881997531, 2.0214947798352307], [-67.12299578593473, 1.9768858805149359], [-67.07155450083133, 1.9339600831201444], [-67.04686716197915, 1.8597086826886646], [-67.03539360143066, 1.8454826495772596], [-67.03242571089385, 1.7846937415050206], [-67.01448251264941, 1.7587926627532637], [-66.98959407767575, 1.6906364289080598], [-66.9624330810887, 1.6685874755896997], [-66.96287337540474, 1.5896351812421685], [-66.94229199285002, 1.5752131849869522], [-66.92080923103771, 1.5310458277435928], [-66.90818998431399, 1.4819208980585847], [-66.9111945818392, 1.4234817573682443], [-66.90157990838611, 1.4090597691978661], [-66.8748391341424, 1.3980930439268575], [-66.8520043187151, 1.3561791168609991], [-66.84845587529361, 1.3186488883316239], [-66.87325693106993, 1.3050775730738489], [-66.88121207979913, 1.2865973139144464], [-66.87592526825506, 1.2634897239362424], [-66.85580432834587, 1.2433967315367787], [-66.85055274067054, 1.2235971075833836], [-66.85688694375477, 1.2279544441385482], [-67.08919499982147, 1.1656333332623434], [-67.09299007859573, 1.1708637027136197], [-67.08294092472778, 1.179742627514643], [-67.09065630842503, 1.1860156840251719], [-67.08211561217416, 1.2007034246110817], [-67.09072891661236, 1.2272782547358456], [-67.10060353396966, 1.2350395405837664], [-67.1006108669232, 1.2596996415956774], [-67.12665434133822, 1.2705863978781053], [-67.12545643964717, 1.2843921152212974], [-67.14383446325985, 1.300335432080361], [-67.14501114223543, 1.313801582382328], [-67.15614968571316, 1.3171680970507404], [-67.15140938177575, 1.345551768188251], [-67.14006692505757, 1.3424832186488191], [-67.13190677792221, 1.3497149373332682], [-67.1281973706466, 1.3396599803443279], [-67.11206004897207, 1.3349931083501316], [-67.07485318994691, 1.3700723759967766], [-67.08450126817877, 1.3749720142429565], [-67.07864429636783, 1.3943721768341282], [-67.08705784227703, 1.414503171593628], [-67.07863912835586, 1.4243360738505524], [-67.08686958937943, 1.426158084175816], [-67.07667893816512, 1.456482425097328], [-67.07901463791859, 1.4733579909448908], [-67.08955071768611, 1.476213038618986], [-67.10306197333318, 1.5195414953808912], [-67.09543429402373, 1.5411286073757111], [-67.10636720668083, 1.571113575292194], [-67.10083705480713, 1.5817317395821948], [-67.11499446286484, 1.5853251679738862], [-67.11321600200085, 1.5942531282520618], [-67.13686697793838, 1.6083696440666306], [-67.14314347589772, 1.6042331567034427], [-67.13221770575109, 1.6441277915723518], [-67.13727893487618, 1.680885450375419], [-67.12892033805832, 1.6879468519395162], [-67.13988828503949, 1.698018677506319], [-67.14903093475709, 1.7315277489722147], [-67.13916251039024, 1.731129220061986], [-67.14573389225473, 1.7568625203344557], [-67.12755754866885, 1.7767779857293091], [-67.13584257610125, 1.7836868208972771], [-67.1365642211918, 1.7988854912845789], [-67.16314655315443, 1.8013388183316315], [-67.15995286460281, 1.8133528695657657], [-67.15283259010278, 1.8082869602144769], [-67.15657533298685, 1.8278261066639183], [-67.16936377124097, 1.8294162247986687], [-67.17430813574265, 1.8446538237098142], [-67.20850234922955, 1.8583316433125414], [-67.22022634770241, 1.9179076873425152], [-67.23831108461582, 1.9106584002920073], [-67.24159171488486, 1.9166845025476809], [-67.26317839299378, 1.9128964548928555], [-67.27547160580673, 1.9234070323671435], [-67.2836620899717, 1.9056316027210982], [-67.30311467469204, 1.900630400867905], [-67.32659018975181, 1.9454430912576348], [-67.33402681521437, 1.9790477651055025], [-67.34727758437435, 1.9849917720585084], [-67.34148266463939, 2.02667142280314], [-67.35421909668531, 2.029053138793686], [-67.35835917192276, 2.041567490056], [-67.34167397001477, 2.0849202983680715], [-67.35850957876727, 2.0944727248101964], [-67.35845863167361, 2.1157572435520016], [-67.34797642481493, 2.116253492174978], [-67.34832494357516, 2.129056730184796], [-67.32725679861431, 2.15486617980622], [-67.33432498965101, 2.1682355069147654], [-67.35086418107295, 2.1751545945632618], [-67.36165612010194, 2.170969911648378], [-67.35886601797961, 2.182630897745007], [-67.3714633152502, 2.1932660752417377], [-67.36856747863976, 2.21617081468739], [-67.3945699107934, 2.232695420151906], [-67.41607265474681, 2.2287031951518212], [-67.42524726924262, 2.2031573356992458], [-67.41645969689034, 2.1935859467046495], [-67.44582008096444, 2.1990946746399436], [-67.45037608100142, 2.168786540237353], [-67.46317032327516, 2.170711200233641], [-67.48458599615367, 2.158898771534135], [-67.51067761671305, 2.1641530793101844], [-67.55091059601642, 2.1494235760134246], [-67.57391911341875, 2.162317882604361], [-67.58655757422338, 2.1216499108472915], [-67.57393823407483, 2.103512691618765], [-67.58728467388875, 2.078638472496723], [-67.5973253728065, 2.07677832236903], [-67.59162219988127, 2.068851897294204], [-67.60166221338392, 2.043769896782988], [-67.62475426698768, 2.04037896319074], [-67.63115458612953, 2.0307823566694068], [-67.62737476255757, 2.0211763384913493], [-67.65835077334754, 1.9904656650959434], [-67.67716859181257, 2.0090653293163627], [-67.69092525840773, 1.9997482338184025], [-67.71653705066223, 2.017541516596647], [-67.72029805271728, 2.0091116132516187], [-67.7306946841972, 2.011656129254207], [-67.73123312223117, 2.0260479816177153], [-67.74338782998836, 2.0344586457289693], [-67.77549773655602, 2.0349271220145173], [-67.77515341023661, 2.0123204366311387], [-67.78340562308381, 1.99989191137778], [-67.80871656661498, 1.985908658945143], [-67.80614578924241, 1.9752300209203737], [-67.8263794210971, 1.960985635213098], [-67.83237977581979, 1.9394206442498003], [-67.84700884559157, 1.9387285609421994], [-67.86930242023897, 1.9237363990302248], [-67.87117018179816, 1.9007705345706494], [-67.87883031367147, 1.9039274236072397], [-67.89730798298643, 1.8880728262329456], [-67.91056711636668, 1.8973919025177082], [-67.92170537238331, 1.8927104041423861], [-67.90883226425291, 1.862159233939302], [-67.92247023815162, 1.858408895793591], [-67.91439372243923, 1.8275183939080344], [-67.9218969068292, 1.8203767933863746], [-67.90925727282388, 1.8149889257841056], [-67.90770917431837, 1.8047879340545905], [-67.96023336498666, 1.8330232509996576], [-67.97213456437538, 1.8282685192090782], [-67.995635621254, 1.8457551905668097], [-68.03098026222796, 1.811007582984017], [-68.0401702972162, 1.8190975312152384], [-68.03847719433861, 1.837253490213857], [-68.0480269950034, 1.8437717330934336], [-68.04378859907979, 1.8593348439936748], [-68.05449336462578, 1.867651465199525], [-68.06193740568699, 1.893217229538], [-68.09418565291867, 1.8965176775562003], [-68.13926241767115, 1.9707333950795767], [-68.1665786297882, 1.9634998330506406], [-68.17466879810718, 1.9685442906158361], [-68.17209898013607, 1.9783476697174425], [-68.18333003578874, 1.9788235616015748], [-68.18827931497731, 1.992529257746402], [-68.19208645184722, 2.037643838007728], [-68.19902258144873, 2.0386551091598455], [-68.20565494190163, 1.9858639740123596], [-68.21538375538563, 1.9806906458304512], [-68.21280955722568, 1.9731241220778835], [-68.23362011995499, 1.9325582223746443], [-68.24514876613893, 1.927101583292638], [-68.25356123766221, 1.8788575422771967], [-68.28511023302457, 1.8465870186063469], [-68.27318312889736, 1.8443363435640496], [-68.28525495083386, 1.8296747331939478], [-68.27646080370681, 1.8320858645418976], [-68.27459728669072, 1.8191234943443133], [-68.23617738126507, 1.8213086120815638], [-68.22663760670514, 1.829315740069225], [-68.24462661277738, 1.7873883921622966], [-68.23978970573393, 1.7711337360456698], [-68.2304909098309, 1.7811159770493712], [-68.21848551297273, 1.7713570789628603], [-68.205417091181, 1.7826313265468048], [-68.19214895577619, 1.7799840189392702], [-68.17754117339865, 1.7657082802069906], [-68.18871803005379, 1.7569201068815978], [-68.19302915184414, 1.7377565795894334], [-68.1852840267008, 1.729675026121242], [-68.16957684387995, 1.7433063093618617], [-68.16329212992241, 1.7277883325524035], [-69.39327093361823, 1.726748055674975], [-69.4061111642813, 1.7315500685315355], [-69.40787563567022, 1.7410994299194988], [-69.42155760818827, 1.7369612285693723], [-69.42339614662967, 1.74558945493435], [-69.4330452579249, 1.7386108951734451], [-69.4367153414176, 1.749308532581592], [-69.44741409812787, 1.7423587360006938], [-69.45527612742052, 1.7525765729518412], [-69.4673999277174, 1.7484004033776812], [-69.46149203037243, 1.7525922261080962], [-69.46665708236918, 1.7570894565155986], [-69.47618105016079, 1.7432597595250867], [-69.48263322189877, 1.7587030620204678], [-69.48671193676347, 1.7525502576829028], [-69.50478448532544, 1.7637955211011058], [-69.50883235920526, 1.7586898325207119], [-69.51380497844008, 1.7714183000965635], [-69.51798852498536, 1.7638437462972707], [-69.51985550590797, 1.7699967653323168], [-69.53438722786979, 1.7637068375489322], [-69.53419663216408, 1.7769054711427368], [-69.54723825000298, 1.7767938652612405], [-69.57185952220493, 1.7562485060770812], [-69.58373443776577, 1.7601682091281787], [-69.58738157287797, 1.7524333993477454], [-69.59000053322586, 1.7584947173871994], [-69.62900239740071, 1.7233760657705244], [-69.64177284508031, 1.730493219520531], [-69.65528321408948, 1.7181122259634], [-69.66510115489376, 1.7297894796644715], [-69.67664622588745, 1.7223649805697672], [-69.67677249318439, 1.7328768776702228], [-69.68726585263619, 1.7273887615956158], [-69.7211537170109, 1.7351648319282666], [-69.73790497658592, 1.7262022065339762], [-69.74532698824385, 1.729703238633536], [-69.75434038735705, 1.7195096283666047], [-69.74889489098655, 1.7137590270517253], [-69.7619641796532, 1.7178535226335025], [-69.77619038164846, 1.7068877765269255], [-69.77329933665555, 1.7022692438150095], [-69.78081605417611, 1.7033899702801276], [-69.78257891488443, 1.6927695682849986], [-69.80372512081067, 1.7047315261742428], [-69.80929427756513, 1.6947721266514773], [-69.83957067985426, 1.7188911342073725], [-69.85900920413258, 1.7093014303461547], [-69.87430913359822, 1.7196506496055615], [-69.8685623312615, 1.7231833168013322], [-69.87689643908686, 1.7314676686997965], [-69.88164812378972, 1.7263676916125488], [-69.9027694912786, 1.745250047793381], [-69.97501501227174, 1.7432349318674614], [-70.00455491671352, 1.7628645998236059], [-70.0467791571615, 1.772336815630089], [-70.14893049634765, 1.8674912388628524], [-70.17477784682029, 1.8693831633257314], [-70.18019593556966, 1.8816726094993372], [-70.163333661205, 1.9199711488388327], [-70.16563910567561, 1.9337190047502313], [-70.13973537689083, 1.9556234405837498], [-70.14069461578362, 1.979836605131151], [-70.11153534579734, 2.0028389016944144], [-70.12076256298315, 2.0494881353656607], [-70.10853182894624, 2.0770769809979566], [-70.11259766555281, 2.0869327382105336], [-70.10382280706688, 2.0944594000889603], [-70.11901957931298, 2.110893051058517], [-70.09221663621219, 2.121998071179399], [-70.09953057416709, 2.1304139536083047], [-70.09133307056089, 2.1273837486872815], [-70.05835167620052, 2.14572446523591], [-70.05525767736867, 2.1618961951076527], [-70.0335677854464, 2.1585151196351764], [-70.02709271383691, 2.1745592616854017], [-70.03624480305899, 2.1819509695511847], [-70.0066468009282, 2.182086932372682], [-70.01401498459308, 2.1862973205999037], [-70.00623214185589, 2.207253584793854], [-69.99617601615745, 2.2047965198539194], [-69.99601069906396, 2.224442538059502], [-70.02411246426857, 2.235346515059655], [-70.02245104140297, 2.257111152262374], [-70.03142272361947, 2.2583295265749883], [-70.02638307473961, 2.2723962397505497], [-70.03651775278234, 2.2661935959430113], [-70.05313197964148, 2.2780450780323176], [-70.04521253178677, 2.2930532623084336], [-70.0692477803596, 2.293994737002289], [-70.08515220372965, 2.263191608924179], [-70.10277079908076, 2.262114998757792], [-70.10802674269041, 2.2684987233079874], [-70.12290473941908, 2.263445079563392], [-70.14670514393498, 2.277714952292223], [-70.15310427370645, 2.268022165771664], [-70.13793017495618, 2.263834768145838], [-70.14171359269045, 2.251228710498041], [-70.14820837604788, 2.2491821139862775], [-70.15967524504049, 2.265064129761483], [-70.15677153109704, 2.2398957355056086], [-70.17449168915681, 2.23742565396681], [-70.1913958178605, 2.252551337077444], [-70.18272015771555, 2.2401145275539784], [-70.19442980559029, 2.229766357527677], [-70.20474172766802, 2.2418749466392938], [-70.21466291103184, 2.2339560907751235], [-70.2251756426682, 2.247406648107951], [-70.23179945205106, 2.239890810937299], [-70.2473016418557, 2.2432672097767106], [-70.24923559043947, 2.2504589336362324], [-70.2351118548587, 2.257059008611797], [-70.24348847369214, 2.265343212288145], [-70.27355633461684, 2.2374079688197654], [-70.30548795779794, 2.252920798278538], [-70.29281553166533, 2.2285314173696684], [-70.31223147587264, 2.20826085394822], [-70.34128925321892, 2.2332155469125397], [-70.34203699259268, 2.2478506749269034], [-70.36590400903663, 2.2354812687478476], [-70.38621045299641, 2.2472141928880975], [-70.39896207376927, 2.2677800435585347], [-70.40792853587146, 2.2552255483508286], [-70.41860045898449, 2.2558381540486936], [-70.42078448796286, 2.2686257883095298], [-70.45816770797836, 2.257349649770428], [-70.46444984376899, 2.2493733762424473], [-70.45444836802272, 2.243548519228721], [-70.46472209370415, 2.233424791658392], [-70.47312470171778, 2.243657726606537], [-70.49681401239224, 2.2337418343242508], [-70.51432821444104, 2.245092328275331], [-70.51117629488846, 2.2594731322503474], [-70.48857562462825, 2.252855414348477], [-70.50981400855596, 2.267296622888007], [-70.51101612604396, 2.2827932350480724], [-70.5187940720607, 2.2827203546709693], [-70.51894972327398, 2.270794458779218], [-70.53073066959138, 2.268444202713295], [-70.56194373878719, 2.2930495432801767], [-70.58680946523066, 2.2891062540441727], [-70.62999854197841, 2.3129330519816733], [-70.63479433309851, 2.3476849526166697], [-70.6809267934243, 2.4192294053431205], [-70.67971944773711, 2.4410142160282597], [-70.69977307772672, 2.453221009045045], [-70.70633527161516, 2.4717309332937], [-70.73318823384915, 2.485010806094974], [-70.75405502936343, 2.536989501557118], [-70.76989631639003, 2.539389254834628], [-70.79299131826696, 2.5200706153187187], [-70.82930773593017, 2.5327291516889208], [-70.83808118495824, 2.55633844935652], [-70.8526111390342, 2.570172759199684], [-70.88855930013801, 2.557309341204428], [-70.90248260255453, 2.56673654149789], [-70.91683372886433, 2.560006288855768], [-70.93004660166548, 2.573225724753175], [-70.94249237997633, 2.6066561342802155], [-70.49757662967562, 2.7885076796609796], [-70.49386728079048, 2.8133363856029177], [-70.41081389721904, 2.8289906207799187], [-70.35590345406428, 2.853720420333674], [-70.34851674802178, 2.8734880669324325], [-70.35404878096921, 2.914027245327943], [-70.32401502371312, 2.9133691327381603], [-70.27836610802552, 2.9365226473252783], [-70.28269569470126, 2.993327726957118], [-70.30331446696454, 3.0336238138564937], [-70.2718797769233, 3.0308176300812213], [-70.25533225272216, 3.0396664630928116], [-70.27274225819974, 3.0661105235608646], [-70.31522028010426, 3.070836954804219], [-70.31994670685611, 3.086332454849063], [-70.2799216409943, 3.094469091257798], [-70.28793862081375, 3.1240242221548487], [-70.2599390237828, 3.1435880453447997], [-70.24439886305919, 3.1791854149477805], [-70.22926999362124, 3.1810291249943363], [-70.21615971120218, 3.168222158074832], [-70.20652729241488, 3.173090092952736], [-70.20808496157912, 3.1880313940094513], [-70.22023671477496, 3.196987443730562], [-70.21785882022061, 3.2059774596780133], [-70.20390651118049, 3.2031189148597417], [-70.19225145396905, 3.17354811104346], [-70.16464188598235, 3.181120791853921], [-70.15772319718599, 3.194461804940456], [-70.17820472113755, 3.217572958538262], [-70.17435609644144, 3.2358076001369565], [-70.1571793467981, 3.229403062503385], [-70.14810646119935, 3.1907701429991935], [-70.12798123632291, 3.2022608775525856], [-70.13181839581182, 3.244091733744643], [-70.15680930528481, 3.257888798508184], [-70.15785059186948, 3.2815780993003787], [-70.13618071532596, 3.2937808346237682], [-70.11565408513144, 3.2796743754568247], [-70.10877422963739, 3.293709149007], [-70.15342511894391, 3.3245312225695596], [-70.17294926711008, 3.3490014869527895], [-70.13338032928209, 3.3651414469808896], [-70.1266119566003, 3.4008055578694085], [-70.11541811189124, 3.4005452339774633], [-70.11026204574944, 3.3849934786897267], [-70.07601854615518, 3.3873654874775694], [-70.02580958531365, 3.4176196780043075], [-70.01495172875497, 3.407600500043289], [-70.01573867063894, 3.3802575989587553], [-70.00192756789085, 3.3727163412419703], [-69.94354559063896, 3.3947519869071243], [-69.93955728678804, 3.4141983651615395], [-69.96124641693842, 3.4375653708342706], [-69.96027962410636, 3.456920550251719], [-69.94592471588624, 3.459180676476698], [-69.91496909507282, 3.4469981451784917], [-69.90253327639147, 3.424400897503], [-69.878167030712, 3.429683936119654], [-69.87173452041628, 3.439353680834777], [-69.87170605188396, 3.461935304998421], [-69.86167593872193, 3.478811182561664], [-69.89553528425859, 3.5172166951670953], [-69.89355580003678, 3.536854673444521], [-69.87244670444278, 3.535845381282557], [-69.85158940412862, 3.491823881811462], [-69.81720918892404, 3.4770482490898504], [-69.81621547176485, 3.489420087010303], [-69.84489165435582, 3.5316846178278136], [-69.84389147111807, 3.548966607884958], [-69.83410792773174, 3.5566130727784095], [-69.81710848680211, 3.552072736677665], [-69.81539814883371, 3.51593292075468], [-69.8019225760948, 3.507862186604366], [-69.78803310336053, 3.5200287880650123], [-69.78972015787656, 3.5495159595600305], [-69.77734261205575, 3.5645735745723752], [-69.75423215824537, 3.560001221591044], [-69.73401034373762, 3.542920378859365], [-69.71373121756739, 3.549375284172752], [-69.7203837101801, 3.5690148039604215], [-69.74235106766031, 3.5760103158425878], [-69.73991894087078, 3.590930865799693], [-69.72973449881658, 3.5916688746145056], [-69.70981795993345, 3.5767328915885237], [-69.70063724138043, 3.539909485037378], [-69.66314390489129, 3.5853754398055067], [-69.62904042491363, 3.5686348522250944], [-69.61993923337775, 3.591520816866348], [-69.60888359638199, 3.595461580037778], [-69.59260188298686, 3.5677363026629423], [-69.5761333647796, 3.6139665806164603], [-69.58096591499043, 3.654405204213872], [-69.5705507207087, 3.6694103638600275], [-69.57733276935329, 3.6777421306736158], [-69.59495348293359, 3.6726207089868095], [-69.58903194106688, 3.683333280898515], [-69.5377317436778, 3.6742572062783023], [-69.50430395902902, 3.6787384969666963], [-69.49287934592274, 3.65076507776323], [-69.47844957294546, 3.6954384321548392], [-69.45474843234757, 3.7089883037113536], [-69.43864430704252, 3.7007866867164627], [-69.423249096792, 3.665627486912123], [-69.40770920196996, 3.6600048498131255], [-69.38787460028578, 3.685147700453556], [-69.37557409314684, 3.666603166784366], [-69.36635858191681, 3.665496065976301], [-69.3204827093868, 3.69591117903466], [-69.30350551884618, 3.7172564688538254], [-69.28958339322361, 3.6980528074977546], [-69.30565814359551, 3.6521681629134704], [-69.29198258685034, 3.644787372282054], [-69.26799898785424, 3.6812677838181034], [-69.27085660022055, 3.6963613242839006], [-69.28709474528966, 3.7132523447599914], [-69.27967753602906, 3.7262945258426114], [-69.24703903786906, 3.7147582646343684], [-69.23496250965508, 3.674011445885313], [-69.22101301144573, 3.6786623952284314], [-69.20804493155117, 3.7019823866349433], [-69.19689285943446, 3.6944676741559572], [-69.20008145633102, 3.6694903499166514], [-69.17804834391626, 3.6766765679974287], [-69.16809166898554, 3.671903207827961], [-69.1685574718827, 3.6591229918605985], [-69.18729396490198, 3.642386417956083], [-69.18669243633866, 3.6339161936974382], [-69.15252572389778, 3.6426168728410317], [-69.12111133310322, 3.676044874881203], [-69.11303363700358, 3.673538472629873], [-69.10043927542972, 3.638070238646828], [-69.0873376608618, 3.638647080588074], [-69.07876709560395, 3.6559004745520065], [-69.05594244013065, 3.638655850847187], [-68.99581932075637, 3.691854143230101], [-68.97535891441737, 3.6928125206378284], [-68.9557377687845, 3.679634469260231], [-68.94231777395817, 3.682459364957727], [-68.93549637098795, 3.703681712147452], [-68.94793491156679, 3.732738663940409], [-68.93762182167825, 3.742359307601299], [-68.92529331492796, 3.731431353648824], [-68.92564361415049, 3.686788308439073], [-68.90666743065947, 3.683266491103888], [-68.8865143022914, 3.700142331836225], [-68.86422038089404, 3.706332604934102], [-68.85187980975985, 3.7005220050936036], [-68.84101968315662, 3.6731781679637683], [-68.83213836164828, 3.6706553400043815], [-68.82937139834951, 3.6827340349561912], [-68.85306980088018, 3.720259466478162], [-68.8521168223516, 3.7386996068449907], [-68.83782556970152, 3.74405363578188], [-68.81272902994505, 3.719858691777908], [-68.7948112073309, 3.7222526374424354], [-68.77506270564209, 3.7347727540968245], [-68.76795962940184, 3.769495424427489], [-68.75430131134073, 3.7831175169971734], [-68.70812750063118, 3.7674189328575647], [-68.6704824313831, 3.775911650948879], [-68.65083867513653, 3.761710112219861], [-68.64643375029112, 3.775066228693338], [-68.68049726418997, 3.7970039417448067], [-68.67204044280572, 3.8120013498221876], [-68.65524472197859, 3.8048308361017553], [-68.6346783233347, 3.7736466747158457], [-68.6060142599249, 3.784749061872531], [-68.587831784434, 3.7768516577943982], [-68.57602310530513, 3.7902439395716914], [-68.55061546973468, 3.7639835883188906], [-68.55109452458947, 3.778643850316715], [-68.57237298239386, 3.8016654256396007], [-68.56930075335197, 3.8179673502458735], [-68.55777298661945, 3.818523299153595], [-68.52561715364624, 3.784056199724938], [-68.50989137119257, 3.7791053071610334], [-68.50245892739093, 3.792034199816236], [-68.51500070963107, 3.8103518098807165], [-68.51296770643694, 3.825507656645987], [-68.47623992472444, 3.8519700113193873], [-68.44449346333562, 3.8383537344475194], [-68.44015716803602, 3.85349622145725], [-68.4502881611865, 3.8683183528116536], [-68.44676170584574, 3.88443555580052], [-68.43136189262407, 3.881928609169713], [-68.4117838356164, 3.8504127149563967], [-68.39471272613804, 3.85077085018932], [-68.3930414298813, 3.8728558520305043], [-68.42957121735742, 3.8958958805606967], [-68.43661454210894, 3.9149964224265292], [-68.42037908120807, 3.926695505206391], [-68.38181986044555, 3.9123700985824796], [-68.34672261300301, 3.924069180464044], [-68.34230561299398, 3.9356488878273566], [-68.35555661481771, 3.9547494287948446], [-68.34182809964943, 3.993666782992446], [-68.31389355506991, 3.9777894591216842], [-68.23665573633167, 3.975163135277632], [-68.20657238304926, 3.956778860284522], [-68.19952905829774, 3.9779088345382827], [-68.20502046400577, 3.9974868906469543], [-68.17374332511616, 3.9860265676834272], [-68.13052834632487, 4.000948864865123], [-68.11954553490887, 3.9820870792224303], [-68.13578099670809, 3.9557044545856135], [-68.1327965358343, 3.9465123202331527], [-68.1231268863404, 3.939468993685218], [-68.11286034539035, 3.943408481247918], [-68.09829618164451, 3.9745662402283073], [-68.07835999120056, 3.980535161077284], [-68.07213087491863, 3.9687242738880135], [-68.08338077724102, 3.9456323658121772], [-68.0789788563643, 3.935151575598187], [-68.04492746613823, 4.008350478461407], [-68.03453251540759, 4.011355486516904], [-68.02477460367174, 3.975920583650726], [-67.99589797893333, 3.980714305050631], [-67.96616915414512, 3.9629486275230836], [-67.93742808708782, 3.9630993218286785], [-67.92493686027558, 3.945343826712994], [-67.91964453576622, 3.9107470616579616], [-67.91357085330515, 3.9094380391760435], [-67.87601811567049, 3.919145549095804], [-67.81317475980251, 3.984543513544545], [-67.70760158764853, 4.045025830857639], [-67.69238842113543, 3.9361800234505293]]]}}, {"type": "Feature", "properties": {"dpto_ccdgo": "95", "dpto_cnmbr": "GUAVIARE", "dpto_ano_c": 1991, "dpto_act_a": "5 de Julio Constitucion Politica de 1991", "dpto_narea": 55543.8675126, "dpto_nano": 2024, "shape_Leng": 19.3941026749, "shape_Area": 4.5089077498}, "geometry": {"type": "Polygon", "coordinates": [[[-71.31265862529926, 2.9246304328935997], [-71.30076869528477, 2.908921699579831], [-71.29956226587996, 2.875577233741152], [-71.28368110260607, 2.8678208014945836], [-71.25964179095001, 2.886178781880077], [-71.25177545962202, 2.882449515532724], [-71.24717188117643, 2.8627532625980563], [-71.22179443800673, 2.8655918486314365], [-71.2131890899534, 2.8858867330602864], [-71.1903342869951, 2.8915595132600718], [-71.18350852898891, 2.904840702094275], [-71.15144910239053, 2.8721640488615443], [-71.1388348071846, 2.8827593716706206], [-71.1372033395644, 2.903948657238288], [-71.11583084783769, 2.8751501033478184], [-71.07584053692358, 2.8821943857039143], [-71.05805727126648, 2.852830164923179], [-71.02745563366955, 2.8463912083120277], [-71.01059486218759, 2.8568130249789894], [-70.98848999229074, 2.829132152262344], [-70.95456930524603, 2.842142824012952], [-70.94793120724887, 2.8179602291590236], [-70.962003975973, 2.8004887546130584], [-70.9465504811838, 2.7855663083109037], [-70.93141561458822, 2.794753436348295], [-70.92514924963336, 2.8154111991185644], [-70.94124000260643, 2.837821420996151], [-70.93805371528032, 2.8573108797909876], [-70.91134200425415, 2.849876209064252], [-70.89902169194238, 2.8087199944763506], [-70.8836744068505, 2.7925761393501265], [-70.87103546724342, 2.7993204479426725], [-70.88354164383054, 2.835431705501637], [-70.87610697310356, 2.8473802838724236], [-70.85417469486316, 2.8231645007339035], [-70.87047786633252, 2.797621095480703], [-70.87143375181171, 2.777813007593911], [-70.86240593831997, 2.776591596074841], [-70.84509377382784, 2.801179116747245], [-70.82156835102603, 2.8130745875744467], [-70.80807973473878, 2.811269024516808], [-70.79639279808913, 2.7944463380405464], [-70.7989704960882, 2.7757048126557082], [-70.81529233276746, 2.7679105451358392], [-70.81134342186976, 2.7600127179508807], [-70.75442067811144, 2.7702179578167403], [-70.72477872676865, 2.7951550123464006], [-70.71679662137296, 2.780908663818654], [-70.72051862034397, 2.7498000957241415], [-70.70916531466344, 2.7371090259416824], [-70.68902586225818, 2.7574459255081694], [-70.68172037386353, 2.7777828232780126], [-70.65782945412917, 2.7809419545113228], [-70.64041314067663, 2.8026399079207356], [-70.64024944773843, 2.821539712093153], [-70.66343264178863, 2.844306393844391], [-70.66221654830025, 2.8564673916097494], [-70.6354113064088, 2.8487655661962132], [-70.63181407185209, 2.807958553986985], [-70.6183018568035, 2.791743901678491], [-70.6054652553371, 2.801067326710972], [-70.59567233443005, 2.837685792348188], [-70.56992814477019, 2.832685894849826], [-70.50115263343196, 2.7879873885085553], [-70.94249237997633, 2.6066561342802155], [-70.92824093080992, 2.570369001719808], [-70.91683372886433, 2.560006288855768], [-70.90248260255453, 2.56673654149789], [-70.88855930013801, 2.557309341204428], [-70.8526111390342, 2.570172759199684], [-70.83808118495824, 2.55633844935652], [-70.82930773593017, 2.5327291516889208], [-70.79299131826696, 2.5200706153187187], [-70.76989631639003, 2.539389254834628], [-70.75405502936343, 2.536989501557118], [-70.73318823384915, 2.485010806094974], [-70.70633527161516, 2.4717309332937], [-70.69977307772672, 2.453221009045045], [-70.67971944773711, 2.4410142160282597], [-70.6809267934243, 2.4192294053431205], [-70.63479433309851, 2.3476849526166697], [-70.62999854197841, 2.3129330519816733], [-70.58680946523066, 2.2891062540441727], [-70.56194373878719, 2.2930495432801767], [-70.53073066959138, 2.268444202713295], [-70.51894972327398, 2.270794458779218], [-70.5187940720607, 2.2827203546709693], [-70.51101612604396, 2.2827932350480724], [-70.50981400855596, 2.267296622888007], [-70.48875104867506, 2.2547545091696937], [-70.49486943762855, 2.2499714480857715], [-70.5134425009162, 2.257347106637876], [-70.51432821444104, 2.245092328275331], [-70.49842466513246, 2.2343754893626557], [-70.47312470171778, 2.243657726606537], [-70.46472209370415, 2.233424791658392], [-70.45444836802272, 2.243548519228721], [-70.46444984376899, 2.2493733762424473], [-70.45816770797836, 2.257349649770428], [-70.42078448796286, 2.2686257883095298], [-70.41860045898449, 2.2558381540486936], [-70.40792853587146, 2.2552255483508286], [-70.39896207376927, 2.2677800435585347], [-70.38621045299641, 2.2472141928880975], [-70.36590400903663, 2.2354812687478476], [-70.34203699259268, 2.2478506749269034], [-70.34128925321892, 2.2332155469125397], [-70.31223147587264, 2.20826085394822], [-70.29281553166533, 2.2285314173696684], [-70.30548795779794, 2.252920798278538], [-70.27355633461684, 2.2374079688197654], [-70.24348847369214, 2.265343212288145], [-70.2351118548587, 2.257059008611797], [-70.24923559043947, 2.2504589336362324], [-70.2473016418557, 2.2432672097767106], [-70.23179945205106, 2.239890810937299], [-70.2251756426682, 2.247406648107951], [-70.21466291103184, 2.2339560907751235], [-70.20474172766802, 2.2418749466392938], [-70.19442980559029, 2.229766357527677], [-70.18272015771555, 2.2401145275539784], [-70.1913958178605, 2.252551337077444], [-70.17449168915681, 2.23742565396681], [-70.15677153109704, 2.2398957355056086], [-70.15967524504049, 2.265064129761483], [-70.14820837604788, 2.2491821139862775], [-70.14171359269045, 2.251228710498041], [-70.13793017495618, 2.263834768145838], [-70.15310427370645, 2.268022165771664], [-70.14670514393498, 2.277714952292223], [-70.12290473941908, 2.263445079563392], [-70.10802674269041, 2.2684987233079874], [-70.10277079908076, 2.262114998757792], [-70.08515220372965, 2.263191608924179], [-70.0692477803596, 2.293994737002289], [-70.04704009729824, 2.294160878749854], [-70.05379654842835, 2.2792634532432845], [-70.03651775278234, 2.2661935959430113], [-70.02638307473961, 2.2723962397505497], [-70.03142272361947, 2.2583295265749883], [-70.02245104140297, 2.257111152262374], [-70.02333514065396, 2.2342097329926163], [-69.99548264196972, 2.223834538926103], [-69.99617601615745, 2.2047965198539194], [-70.00588127579596, 2.207604451752069], [-70.01299617926463, 2.192403252605244], [-70.00594506880839, 2.1826929695839574], [-70.01857624157532, 2.1773342927601202], [-70.02732004887037, 2.186565137345646], [-70.03624480305899, 2.1819509695511847], [-70.02709271383691, 2.1745592616854017], [-70.0335677854464, 2.1585151196351764], [-70.05525767736867, 2.1618961951076527], [-70.05835167620052, 2.14572446523591], [-70.09133307056089, 2.1273837486872815], [-70.10010471756709, 2.1300311910421934], [-70.09221663621219, 2.121998071179399], [-70.11933854886666, 2.1102870075589912], [-70.10382280706688, 2.0944594000889603], [-70.11259766555281, 2.0869327382105336], [-70.10884362634505, 2.080248626671452], [-70.13946549222169, 2.0622502772151003], [-70.15149062418408, 2.0716279650255287], [-70.18102390264704, 2.0247567457926308], [-70.19065200861928, 2.0233989357687423], [-70.19403419081715, 2.0306076710383443], [-70.20563729392273, 2.0188564446079136], [-70.22963349898725, 2.034261415061264], [-70.23849629542303, 2.0243123722236476], [-70.25054377299591, 2.029397987034686], [-70.26069031599633, 2.0141164514879732], [-70.26508468293378, 2.0234976858500304], [-70.2763668491736, 2.014511453609607], [-70.27579903710478, 2.0194983165427667], [-70.30554742002892, 2.014042389825329], [-70.30631273136197, 2.006784278616844], [-70.31764427174409, 2.0128327058216664], [-70.32253238818947, 1.9978227347950066], [-70.33016081040626, 1.9991064831562562], [-70.3297904976016, 1.9934283669594175], [-70.33927048114685, 2.000316166261617], [-70.34072704125202, 1.9884661888516038], [-70.34788640327787, 1.9922927428217476], [-70.35112045855726, 1.983034948756222], [-70.3552185770476, 1.9896018120909718], [-70.36479730887748, 1.9855530677431212], [-70.36810542671782, 2.0035502233375526], [-70.37909134361223, 2.0042167827926454], [-70.37635103694242, 1.9884908772702499], [-70.38652226656484, 1.985207446052025], [-70.3986684951173, 1.998859606156499], [-70.42076376471107, 1.9865158819335653], [-70.4347121777547, 1.9997483550910522], [-70.44206903904472, 1.986392441637032], [-70.46564555716225, 1.982886822736047], [-70.45804182066911, 1.9715305948339505], [-70.46648493015789, 1.9717280949964167], [-70.4644358722602, 1.9629887361624587], [-70.48529677032997, 1.963087486243748], [-70.4798902177547, 1.9592856197938977], [-70.48899988759695, 1.9535334419344659], [-70.48662989283355, 1.9457568927994033], [-70.50223236255152, 1.9499290747488398], [-70.51111984740595, 1.9403997161632571], [-70.51398359077899, 1.9569649973762169], [-70.52385857285265, 1.9472134538028236], [-70.5308944972769, 1.9571131224980967], [-70.54964754087013, 1.9379907982659277], [-70.5618775679323, 1.9409334865472836], [-70.57914248908776, 1.9285503729643563], [-70.59033491894905, 1.938807268695139], [-70.60970905283477, 1.921763471616935], [-70.62091849230961, 1.9299791930713515], [-70.6169722260542, 1.9207598963380073], [-70.63447528269637, 1.9187187238582395], [-70.63653346568799, 1.9032228186728508], [-70.66259243785066, 1.9139049583334018], [-70.66805257587367, 1.902627476811852], [-70.67846255812594, 1.907730409358803], [-70.6811841223307, 1.901283706568778], [-70.6829701479137, 1.9091422243439025], [-70.6910668002775, 1.8976606265625697], [-70.69557439006525, 1.9087509960478062], [-70.70501481536718, 1.9064376661594153], [-70.69986085308142, 1.9128163304955579], [-70.71656445070442, 1.9189568629382474], [-70.71989836728198, 1.9102648651204641], [-70.72127615944697, 1.918888820891168], [-70.73314898103325, 1.9239067035740964], [-70.74536199758364, 1.921151124634107], [-70.74303165898004, 1.9081386445733832], [-70.76106201902934, 1.9099927086101396], [-70.77045141369427, 1.9276318448543406], [-70.77322400673938, 1.920011467057565], [-70.78130365038805, 1.922120677991165], [-70.77992585822307, 1.9123060384985329], [-70.79572793734957, 1.9174259815572086], [-70.80103498795307, 1.905570168686448], [-70.83427208436956, 1.918973869856783], [-70.83255409813876, 1.9105710426543], [-70.84697838599857, 1.9205557791798644], [-70.85250656337371, 1.911251434379204], [-70.86045012741971, 1.9169156886618282], [-70.86613139221436, 1.9087509960478062], [-70.87735784220092, 1.9330749723653928], [-70.88518233805439, 1.9214743072898248], [-70.89445266362844, 1.927699883308231], [-70.88996208525077, 1.9201475466601774], [-70.90820666671664, 1.8953752423866015], [-70.90243230584167, 1.8884815168937699], [-70.93490476915372, 1.8741159169170742], [-70.95653734222702, 1.8462084610574487], [-70.98958523712423, 1.8345090090697005], [-70.98673625757465, 1.8249647671846072], [-71.00033908665648, 1.8150366048040842], [-71.00504162359266, 1.824553203709235], [-71.01265683966596, 1.8140646547399286], [-71.01996584766266, 1.821198777679228], [-71.02463350298859, 1.8105410488576121], [-71.04171564109248, 1.817504645368966], [-71.04839999607543, 1.8041329538926818], [-71.0647117042418, 1.798319299777761], [-71.06942557702757, 1.806508288246366], [-71.08203429458945, 1.797944216915171], [-71.09337195879175, 1.802059443833577], [-71.08648772760051, 1.793285130625762], [-71.0925850708067, 1.7810802348523853], [-71.1258253957709, 1.783058836927819], [-71.12792307861537, 1.7714476642499815], [-71.17452533036135, 1.748526932084594], [-71.24528000073093, 1.672450001725748], [-71.25861937618788, 1.6679716970397078], [-71.3138843846678, 1.7139083936463197], [-71.33044368579175, 1.7051187785237558], [-71.36781972017758, 1.7389392045185854], [-71.39817629088151, 1.7337113961661887], [-71.40167782513981, 1.7007387136754837], [-71.38884802302721, 1.6571401162243569], [-71.39829189426928, 1.6291581046283634], [-71.39017999927955, 1.5982000080570782], [-71.43947999997482, 1.5450000070771965], [-71.4399400006489, 1.5079999978886764], [-71.45400000070947, 1.4856699983248771], [-71.45532000240956, 1.464770004645205], [-71.47941999710804, 1.4461600017059115], [-71.47863999830844, 1.4048400043482856], [-71.48772999682694, 1.3725400015396167], [-71.50285999814304, 1.3627800012193734], [-71.5074458510174, 1.3341059916557025], [-71.51936007239482, 1.3212831092716135], [-71.51581495274252, 1.3161397596912614], [-71.52214342187574, 1.3167247511552964], [-71.51728172131067, 1.307191633117261], [-71.52254867917281, 1.3094254728194175], [-71.5215520694361, 1.2994605441616782], [-71.5273938228757, 1.3026379040232698], [-71.52275963880396, 1.2925987259548184], [-71.53061377998375, 1.2958356360823822], [-71.52640218980957, 1.278027441258571], [-71.55251970971756, 1.2769047097521253], [-71.54766409165018, 1.2591624252715228], [-71.54127343299854, 1.2601919223569746], [-71.55077918833155, 1.2506926843068127], [-71.54387368681404, 1.2495694416586052], [-71.53890810408842, 1.2301938965190695], [-71.55150161405874, 1.2197618498295506], [-71.55301769209046, 1.2074188532425654], [-71.54310320118083, 1.2015561331077178], [-71.53468175637903, 1.2060220985251509], [-71.52733228912797, 1.1910302132944892], [-71.53193265878883, 1.1796844741300418], [-71.51307419332147, 1.1726736702146254], [-71.51187543643357, 1.1498196667583354], [-71.50190207797817, 1.1478101150017441], [-71.50799996556384, 1.137215245842264], [-71.49283157471348, 1.1311867828122144], [-71.48505291184057, 1.1088231287377424], [-71.50265213590552, 1.103280831631941], [-71.53551698364635, 1.1240887560064157], [-71.53162765265904, 1.160259533288639], [-71.55622767160276, 1.1554951050751372], [-71.53998971338342, 1.1145598932912697], [-71.55233833971715, 1.112712460623218], [-71.56332570110374, 1.1305061503386031], [-71.57122904933908, 1.1229996933836677], [-71.58254199996992, 1.126873751202161], [-71.5729510285845, 1.1208912388321326], [-71.58223271965261, 1.119385698047136], [-71.57528856180096, 1.1080530742962775], [-71.58568279837039, 1.1114711190654298], [-71.57754762801312, 1.1051593927459749], [-71.58345073643551, 1.095613770149242], [-71.57268434731026, 1.0911544873044992], [-71.57913619924773, 1.0891320752561024], [-71.573099709764, 1.0871991076334875], [-71.57993747825509, 1.085309976933357], [-71.574162659239, 1.0806329503750582], [-71.5810763363304, 1.0794295150575373], [-71.57872264330746, 1.072257933239374], [-71.58849160612675, 1.0685769136477523], [-71.57931374332031, 1.0620341709958963], [-71.59206642320771, 1.057075369657915], [-71.58525072723904, 1.0445877082622783], [-71.60194076029046, 1.047297587172437], [-71.61579580865725, 1.0370834629613588], [-71.63831200128084, 0.9970224267315532], [-71.66556455872615, 0.9729239421030538], [-71.68838074128297, 0.9703278807284146], [-71.69211001930853, 0.9826200712573692], [-71.71023241632366, 0.9904752437037389], [-71.7402854810855, 0.9848242323955576], [-71.75502188614456, 0.9640740751297423], [-71.765705536773, 0.9616154749677576], [-71.77409653944221, 0.9060578957482037], [-71.80304058279637, 0.888841304892505], [-72.04855811692812, 0.6562005763674585], [-72.08618486142808, 0.6596152192139076], [-72.07068763302271, 0.6684144930301422], [-72.07035930211799, 0.6927109925562265], [-72.0811285622612, 0.7049249092188491], [-72.09399914073373, 0.6988179531333333], [-72.10982470004382, 0.7049249092188491], [-72.12670091806939, 0.7401220035853039], [-72.14029382435263, 0.718058155289349], [-72.1633779377413, 0.7338507868258998], [-72.16393366296836, 0.7133301870273465], [-72.19079114732511, 0.7269887593114563], [-72.20037841405536, 0.7019699292796832], [-72.22092078993273, 0.7062937613429914], [-72.2305192092561, 0.7181894836986273], [-72.22185126834052, 0.7472796201829234], [-72.2486958187435, 0.7885373741231969], [-72.27034076162812, 0.7940984963391496], [-72.26098833266661, 0.7733491089301392], [-72.26965445000076, 0.7631051785941896], [-72.29263945128679, 0.7814917218351914], [-72.31011456221654, 0.8092904661874329], [-72.2867529024216, 0.8187285765286562], [-72.30142402326362, 0.8423705773902505], [-72.28843494074101, 0.8589106329916764], [-72.2885283871646, 0.8732079708338704], [-72.29768615913372, 0.8818985061932051], [-72.32310364473915, 0.8761048171514153], [-72.31665582713879, 0.8530234957296484], [-72.32880389005248, 0.8407819836977692], [-72.3435684600131, 0.8686290826036656], [-72.33235486313185, 0.8793754473666087], [-72.34693253844864, 0.9029240000079535], [-72.3399240414085, 0.9266594481914254], [-72.35440827119999, 0.9350696451783518], [-72.37403206506843, 0.9174082289007319], [-72.39160003312645, 0.919090272610038], [-72.37702235780966, 0.9602067933088277], [-72.40046509062364, 0.9673628531248177], [-72.41047860829582, 0.9868194856563606], [-72.39946043017892, 1.003933851744573], [-72.42365943906356, 1.0226634942053345], [-72.45568188917878, 1.079863665790394], [-72.46856231319464, 1.084017286734662], [-72.48414888271947, 1.0715983770557738], [-72.510916668427, 1.0680111623157997], [-72.52058747495192, 1.0810174493860207], [-72.5570309962443, 1.093614065732631], [-72.58968783083048, 1.1249018308011804], [-72.62257066285764, 1.1362492165788423], [-72.64990276079487, 1.1818144235868158], [-72.66219869101377, 1.1507935499985555], [-72.66918980563935, 1.16319487424342], [-72.69437889799502, 1.1637569712258355], [-72.6991918765952, 1.1822008683502228], [-72.72585647993031, 1.186100434749848], [-72.7305991958462, 1.1605248985299488], [-72.72276493260284, 1.1495990870611894], [-72.73874964116874, 1.1511097293827295], [-72.74960519175028, 1.1288365303395986], [-72.764465702758, 1.132595568675752], [-72.77802635770024, 1.1478776548901934], [-72.77128116067291, 1.182271131034449], [-72.78431484817821, 1.175315145954603], [-72.80286413843123, 1.1826575722046202], [-72.8239077449922, 1.1782310365713686], [-72.81624913576451, 1.1680781119344221], [-72.82689389919159, 1.1488964602186], [-72.83051241575271, 1.1566253312320272], [-72.85924976198515, 1.1647757756559467], [-72.85085339816607, 1.158171106692306], [-72.84979946059718, 1.1430998067340306], [-72.86908650723825, 1.1466480633056848], [-72.87207266143764, 1.1354060688593948], [-72.86841901263614, 1.1214238378121069], [-72.85004537999208, 1.10466624331316], [-72.8656787769333, 1.1087414637284991], [-72.88370109795278, 1.0986236695353417], [-72.8691216376821, 1.086538528267948], [-72.87214292412193, 1.0768071770415517], [-72.88405241137406, 1.077685456103144], [-72.8833497863281, 1.070026848672359], [-72.86083066788933, 1.0719239366556035], [-72.85802016770566, 1.0422380477799302], [-72.8737589595716, 1.0522153157062746], [-72.87934482590197, 1.0461727437251034], [-72.8651518076997, 1.0417110767497082], [-72.8745318473018, 1.0364062638515064], [-72.86718941925494, 1.0244616443593322], [-72.8848252973076, 1.0240751986976284], [-72.90787138408166, 1.0086877220500605], [-72.9324983767599, 1.0151518683401308], [-72.92891499243927, 1.0018722623387264], [-72.94030815370576, 0.9799900391649038], [-72.95422252506455, 0.9835824767140771], [-72.96047134411134, 0.9608388035305622], [-72.98344270626558, 0.955197160760002], [-72.985719603152, 0.9616989662533864], [-72.98622557874069, 0.951756515258574], [-72.99664870784761, 0.9517059194065485], [-72.98787000636588, 0.928102084398551], [-72.99664870784761, 0.9227134289730933], [-72.99166483540824, 0.933338946877859], [-73.00621167602833, 0.9332883492291821], [-72.99970987143303, 0.9250662218833736], [-73.0097282193504, 0.9105446787406092], [-73.02657725702875, 0.9214990827093991], [-73.0382653291498, 0.9024237422006239], [-73.04097230739768, 0.9112277456506136], [-73.04975100977776, 0.9054090088637745], [-73.05159782709944, 0.9118602194034227], [-73.07671959067085, 0.8944293056214917], [-73.08352498385335, 0.9017406725957293], [-73.07849051196865, 0.9066233533308213], [-73.10287861008311, 0.912340895718599], [-73.10927922027935, 0.9240036685657731], [-73.13073265117595, 0.914415401111828], [-73.13895477942032, 0.9243325537314484], [-73.14452052886213, 0.9199305520064835], [-73.1548171642965, 0.9334654423471134], [-73.14586136790018, 0.9333642452530513], [-73.14694921779636, 0.943331994623052], [-73.16425363790631, 0.9403720290301004], [-73.1653414869042, 0.9534009392904734], [-73.18224112492624, 0.9609146995544876], [-73.18067259512156, 0.9709583485416008], [-73.18950189604868, 0.9669864263814273], [-73.17292205313277, 0.9815148712860189], [-73.17857046561295, 1.0001622001533872], [-73.1987559791711, 0.9986114066999097], [-73.20647211475881, 1.0067183950873784], [-73.21633162244103, 0.9969723581910224], [-73.23490330322039, 1.0086978595461369], [-73.24783732076884, 1.0219235297565872], [-73.23888719903465, 1.032145564538402], [-73.24646734035974, 1.0424125007471228], [-73.2524129211626, 1.0397940129135388], [-73.25155583876534, 1.0487630001817154], [-73.27884747026172, 1.0472917885426536], [-73.28201259685613, 1.0667954524084418], [-73.32283650998392, 1.0808210945764387], [-73.31926842937463, 1.0868203488617836], [-73.3344305814204, 1.0939100159388553], [-73.33287967477906, 1.1010967631277309], [-73.34054040942237, 1.0991774939257941], [-73.33371396689944, 1.1131957591228048], [-73.34356776668176, 1.1234032869994803], [-73.35565211114329, 1.1202534174041237], [-73.35731528842001, 1.1283843566928047], [-73.3733869297202, 1.1313317296920677], [-73.37503392742747, 1.1418889558178569], [-73.39302007775314, 1.1473538378474764], [-73.39298500659817, 1.1719415166234775], [-73.41097491098645, 1.1740149718853563], [-73.42106535505098, 1.190911878127807], [-73.40727170568448, 1.2057466658563754], [-73.41677089522585, 1.2071693729230213], [-73.42416784925723, 1.223537486350459], [-73.41526483431585, 1.2257714248673888], [-73.40874095360482, 1.241436497328658], [-73.43187025498321, 1.2589205626716629], [-73.42226268361645, 1.2803587931625409], [-73.42825363836045, 1.2959424970587958], [-73.4561268962292, 1.2946345768106133], [-73.45150992479034, 1.3042768043100388], [-73.46134991835407, 1.3122690615746233], [-73.45515653708259, 1.3210186378546966], [-73.48296999495352, 1.3703088469039366], [-73.50321071811476, 1.37004860296215], [-73.51027833872075, 1.3884832797710784], [-73.53511581402432, 1.389910730844515], [-73.5481235357056, 1.4072170158578865], [-73.5472585121949, 1.438015102586581], [-73.5779490399567, 1.4687245390008583], [-73.58452311766746, 1.4869556223699056], [-73.6069725743954, 1.5017169125782774], [-73.61531645769549, 1.527026520312713], [-73.64344089639587, 1.5516401101154578], [-73.66390880277521, 1.593357367961062], [-73.65666833269603, 1.6177319437239746], [-73.65693153030088, 2.2944709468903386], [-73.64340105428465, 2.2836679612698507], [-73.62970149543429, 2.2948691362370828], [-73.63503548383972, 2.32569802172987], [-73.61384779278222, 2.3411350773357715], [-73.63297828899567, 2.3603447322562436], [-73.61850009678597, 2.3767225995987675], [-73.58637689963308, 2.390019462250562], [-73.58543861665595, 2.359570088318291], [-73.57196604429242, 2.354919430029571], [-73.52803386258313, 2.3875601901482], [-73.51439351263866, 2.3533727553549464], [-73.51862403931409, 2.336552826708772], [-73.51228372768105, 2.332943709228119], [-73.50496894530909, 2.337560804634468], [-73.50586309222456, 2.356443894739434], [-73.47403902441818, 2.3617629189967184], [-73.46418831484283, 2.3556193969584323], [-73.46084723778847, 2.3390970139276654], [-73.45030149303909, 2.3397270748037617], [-73.44578198708962, 2.3495765977032965], [-73.45567872727509, 2.382377818619111], [-73.44230822876204, 2.386267030130234], [-73.4308235470615, 2.3596946658828655], [-73.44101699114026, 2.3382190196322683], [-73.43677162428452, 2.326544104247694], [-73.42523828709443, 2.328043487974855], [-73.42409830881905, 2.349577444815298], [-73.4121622960921, 2.356968593928456], [-73.39034820030469, 2.351127101000735], [-73.39630160364322, 2.328868419642461], [-73.37897040832661, 2.3249561232067664], [-73.37460760462017, 2.3624833342927265], [-73.35690931157183, 2.3685038328531154], [-73.34508920676171, 2.3526760852458066], [-73.36001435609722, 2.3337263472801935], [-73.35670684911173, 2.3240950450999645], [-73.33316512277293, 2.333345882606395], [-73.33625515733621, 2.355546029694089], [-73.33041052030228, 2.3603562217178418], [-73.32003939830184, 2.3590179186259537], [-73.30064515740912, 2.3359935962527163], [-73.26742608660146, 2.3587692485874645], [-73.2424746868628, 2.347332252195523], [-73.24115183480603, 2.371342010152704], [-73.2633757441493, 2.371937292724817], [-73.26787343898633, 2.3808665411880963], [-73.22594560598742, 2.3889090771992043], [-73.21652308681831, 2.405468079183381], [-73.21122181418332, 2.3990563541234837], [-73.21768746605119, 2.386355631935602], [-73.20159558389491, 2.3824665632567603], [-73.18005624703926, 2.398537766178154], [-73.16573338264914, 2.399409687857457], [-73.16350174292273, 2.3653898437954766], [-73.12406632180182, 2.378824614122915], [-73.14127494459524, 2.3971158047138386], [-73.12778459186313, 2.4109807426410073], [-73.11835651481294, 2.4080736618093113], [-73.11055318867432, 2.3809992026983844], [-73.06953735392642, 2.425085487821015], [-73.05369038235614, 2.4273558755096714], [-73.04522969372152, 2.4379230298239487], [-73.03279347618786, 2.412567496582302], [-72.98609636766219, 2.4519015095036245], [-72.96576699238989, 2.448437309258408], [-72.9717807194445, 2.4657346946551773], [-72.96255149003082, 2.4801699042404213], [-72.93480059537774, 2.464143248809424], [-72.927556010113, 2.4755756485183955], [-72.93273396282581, 2.496979690000618], [-72.94320546175777, 2.503922381800298], [-72.95423339199323, 2.4948646076736245], [-72.95834261726253, 2.508514786093057], [-72.94974631075974, 2.5226845226390133], [-72.92103083403026, 2.534376495247813], [-72.92032015917471, 2.5624587418414113], [-72.89809907862849, 2.563188292112778], [-72.86850134868746, 2.5780547805146705], [-72.81821266589418, 2.6139726926226374], [-72.7987397549777, 2.611666517821211], [-72.78889799712135, 2.5888670807736958], [-72.76160773735347, 2.573095013486986], [-72.73966628461176, 2.5699089399602113], [-72.71970753835137, 2.5846968275087288], [-72.70215884995133, 2.6178182549593476], [-72.67942270914676, 2.622178103205995], [-72.66635650529724, 2.608792381830454], [-72.66312186790907, 2.5742745697686713], [-72.65295977685531, 2.5715399485409325], [-72.64308542539953, 2.5808021632194964], [-72.6459202519805, 2.6024431705810183], [-72.62087370530605, 2.6273586268990656], [-72.60265521632675, 2.619717330915885], [-72.59904939925894, 2.5857115158549315], [-72.58641398194891, 2.5836681389076843], [-72.58045263570028, 2.5919623740787863], [-72.58671925667522, 2.6393234782641986], [-72.5558263221489, 2.649897258557292], [-72.55495512091909, 2.6602645519345645], [-72.56959129816704, 2.6647076731761175], [-72.57142082021073, 2.6741166439429502], [-72.56506105195143, 2.6819574532147663], [-72.53724520186506, 2.68282006474702], [-72.5363094054266, 2.7027197889506285], [-72.5072992729643, 2.6902030310997422], [-72.47220881499408, 2.6893455067310557], [-72.46384544632167, 2.7024142977301957], [-72.4705916503612, 2.7338293999900585], [-72.43463821614245, 2.7399942597282765], [-72.40665012564114, 2.7260013701616552], [-72.3820256868753, 2.7449129934777163], [-72.35841511269984, 2.781131545001414], [-72.335505232191, 2.7967468525528716], [-72.31302396699186, 2.7991246770384692], [-72.29497268426456, 2.7740537563568077], [-72.27995287038897, 2.7757819079314454], [-72.26646886964937, 2.7870654387129203], [-72.2721685921428, 2.8128872455692737], [-72.2594868531682, 2.824704323054097], [-72.24745361120898, 2.8198766138683315], [-72.21512088095074, 2.7756620546107422], [-72.19286090691503, 2.7723492215098435], [-72.18404491543782, 2.7903339273428105], [-72.2058056270003, 2.8148327393102237], [-72.20270724797967, 2.8640465349055337], [-72.18281997533347, 2.8752151117817353], [-72.14396435790172, 2.864742259986245], [-72.13485447695518, 2.889037481208658], [-72.11599971344799, 2.8807696861723793], [-72.10004904656694, 2.840558525169321], [-72.08212851103849, 2.8258543966046057], [-72.05162370022822, 2.8166846285239107], [-72.0048586817079, 2.8293504601183557], [-71.99223205172495, 2.8235295646781813], [-71.98191802668947, 2.801187394729217], [-71.95394434607516, 2.831740238494983], [-71.91175444106136, 2.827828468472491], [-71.85554865677739, 2.842702981531167], [-71.82791007408218, 2.837469388023774], [-71.81895108417245, 2.855859559563149], [-71.82314796262551, 2.8700240256891707], [-71.85086484793317, 2.871597854659838], [-71.82061234893445, 2.879117262636518], [-71.78843627959668, 2.8694994145350785], [-71.78922319542954, 2.8219347905716354], [-71.78004252269062, 2.8178253479099875], [-71.75800891081218, 2.8529742045038495], [-71.76762675801564, 2.888210496888977], [-71.76185604969356, 2.8973037338363885], [-71.6970667383502, 2.838110260132915], [-71.68333944758655, 2.8501762879307666], [-71.68150331393713, 2.871685287756104], [-71.6620053157497, 2.8727345082676288], [-71.65798330708253, 2.86101822183803], [-71.67389647196552, 2.825781930351252], [-71.6522125987604, 2.8201860936117877], [-71.63404921877276, 2.8249099942989186], [-71.6277874711621, 2.8375578982009024], [-71.6105878171557, 2.8463158081585997], [-71.57516630189167, 2.844268214516061], [-71.57180168895809, 2.8524685523089293], [-71.58324906539184, 2.8722861659386076], [-71.54509390536947, 2.859110219315362], [-71.52993211983664, 2.8785431120499956], [-71.52067294326247, 2.878997281754976], [-71.49305127495927, 2.8710809860913336], [-71.4817818468403, 2.854373994631008], [-71.47029821616945, 2.853095305585516], [-71.46352141458863, 2.8614941487565275], [-71.46840691244284, 2.8923534691953567], [-71.46338082903299, 2.89927768622822], [-71.39124373118779, 2.843905205918797], [-71.37977049313474, 2.869797796482646], [-71.38266751462402, 2.8874862538685644], [-71.3616315940547, 2.8905274371093577], [-71.35853968290928, 2.8618520270711287], [-71.34770525533014, 2.8582309898354454], [-71.32760883675286, 2.8956137337422625], [-71.33081788920299, 2.921313295062422], [-71.31265862529926, 2.9246304328935997]]]}}, {"type": "Feature", "properties": {"dpto_ccdgo": "97", "dpto_cnmbr": "VAUP\u00c9S", "dpto_ano_c": 1991, "dpto_act_a": "Articulo 309 Constitucion Politica de 1991", "dpto_narea": 53299.2800146, "dpto_nano": 2024, "shape_Leng": 20.1298337593, "shape_Area": 4.31381017683}, "geometry": {"type": "Polygon", "coordinates": [[[-70.11032550009674, 2.0801045763109984], [-70.121760150986, 2.0321868791252733], [-70.11154589292545, 2.0028028091541543], [-70.14069461578362, 1.979836605131151], [-70.14009667778936, 1.9549312719360965], [-70.16566226516045, 1.9336733487378381], [-70.1633711748812, 1.919843281641129], [-70.18056408522938, 1.884803857004002], [-70.17556491536686, 1.8700915277125758], [-70.14907876340345, 1.8676064209403294], [-70.0464970149705, 1.7722000542056204], [-70.00455491671352, 1.7628645998236059], [-69.97501501227174, 1.7432349318674614], [-69.9027694912786, 1.745250047793381], [-69.88164812378972, 1.7263676916125488], [-69.87689643908686, 1.7314676686997965], [-69.8685623312615, 1.7231833168013322], [-69.87430913359822, 1.7196506496055615], [-69.85900920413258, 1.7093014303461547], [-69.84571911118974, 1.7139210536137284], [-69.84658651972944, 1.077834658305889], [-69.83243155598961, 1.080693541789296], [-69.82106199258612, 1.067347369673934], [-69.80383897877044, 1.0652848514093929], [-69.79119512896807, 1.0878189798094675], [-69.77364034100242, 1.100591323833702], [-69.74473977793929, 1.113742380815493], [-69.72254707789051, 1.108336403162648], [-69.70367649324197, 1.1186400239018972], [-69.7020731689637, 1.0758175085925936], [-69.67428766758502, 1.0706345845991954], [-69.66817667177224, 1.0812015933862449], [-69.6052487430461, 1.097857851552145], [-69.56108160768537, 1.071923120086363], [-69.48468301012736, 1.0797784757891489], [-69.43756270223912, 1.0740998098229328], [-69.43095834229598, 1.048508147034213], [-69.41316111680828, 1.0412421665774951], [-69.37617180835872, 1.0889765659766928], [-69.37108632919325, 1.0805163848909454], [-69.35665394121804, 1.0792521677161648], [-69.32091480926425, 1.0880854652508491], [-69.28775787497432, 1.0537560129862247], [-69.24419333896952, 1.0562046858581358], [-69.24266191770056, 1.0423545063644801], [-69.19806504683004, 1.000597119844801], [-69.21770128507, 0.9743737001593753], [-69.16571609388313, 0.9418006883385455], [-69.16970174770182, 0.9346573828131446], [-69.18801002426369, 0.9335649137761104], [-69.19102304619634, 0.9159414333831044], [-69.15483285181256, 0.8811252842895017], [-69.14006882892642, 0.8837463736462217], [-69.13658504090074, 0.8768401669508601], [-69.14166631594736, 0.8487057246044115], [-69.15983283824437, 0.8503482379181134], [-69.16737578030387, 0.8437466897042638], [-69.1677712818892, 0.8207326377778871], [-69.15429401492628, 0.8061703371398808], [-69.1475934534244, 0.7686890668325104], [-69.16099933570638, 0.7563815429477484], [-69.17571927732808, 0.7600209282876484], [-69.18764632486136, 0.7468149204178061], [-69.18779504197352, 0.7329843026533756], [-69.18109885257559, 0.7159856549373939], [-69.1587656172768, 0.7115988967365884], [-69.1456339666151, 0.6985265843387526], [-69.11790134909933, 0.6540187662297186], [-69.12057824813428, 0.6337532477508768], [-69.15878780119039, 0.653317575794456], [-69.17066851358442, 0.6476459346593662], [-69.18328893710208, 0.654268610367212], [-69.19816056926186, 0.646513549849139], [-69.20425555798187, 0.6325810917964504], [-69.20012023034451, 0.6066694542384454], [-69.21350247972913, 0.610409606379041], [-69.23142537333706, 0.5986935373419217], [-69.2440960028377, 0.6098413119145318], [-69.29478167482756, 0.6039060527626583], [-69.28468686764222, 0.6201680795620771], [-69.29098804144377, 0.6503587744190116], [-69.3195355321829, 0.6263282312262146], [-69.32273005077849, 0.6409242106293533], [-69.33651902710523, 0.6432798772524831], [-69.3531498539457, 0.6143069153106169], [-69.40411951506422, 0.6641596471440445], [-69.41420929796823, 0.6869586503049451], [-69.43557674026067, 0.6985752497097174], [-69.43386407655214, 0.7126444637969793], [-69.4560948247751, 0.7190145016045827], [-69.46378048409417, 0.7364916427278961], [-69.48077955761255, 0.7355824786639183], [-69.50663936503321, 0.7129926798246734], [-69.53250822388583, 0.7023967380759161], [-69.53574637638451, 0.6794771683313895], [-69.56263428580587, 0.6842003988747957], [-69.56680548140446, 0.6713608266777829], [-69.59290876300383, 0.6565486819022885], [-69.58749786886733, 0.6399305258095586], [-69.60628473226132, 0.6346211288047656], [-69.6066844810847, 0.613263087390024], [-69.62070562628327, 0.6343483111339163], [-69.63058514934431, 0.6291801222178631], [-69.64936963220089, 0.6636672091775027], [-69.67107619866482, 0.6678979972627762], [-69.68787519295546, 0.6639242973352462], [-69.69114775814342, 0.6486176107371638], [-69.69561683622595, 0.6551249435689193], [-69.71583273711946, 0.6410766063454518], [-69.72405615444734, 0.6150738570871179], [-69.73875996680528, 0.6087326992406342], [-69.74872752932583, 0.6198376439029645], [-69.80283647158916, 0.5718677096418907], [-69.82331041824528, 0.5914042752294163], [-69.85220202689453, 0.5875958411913401], [-69.85997552265377, 0.5777069370166614], [-69.86943389002113, 0.5828286973685888], [-69.88722273961048, 0.5770513657628429], [-69.91646155727523, 0.5901955084063732], [-69.91415823911859, 0.5804016469628187], [-69.93608735079505, 0.5529331487250755], [-69.96102648223217, 0.5615801103684933], [-69.96376286236273, 0.5711693381221956], [-69.97831009375028, 0.5780459812379859], [-69.98834190113621, 0.5756665200206662], [-69.98552461956501, 0.5674811742234621], [-70.00044403405116, 0.5735736773028882], [-69.9916861959585, 0.5629162916379965], [-70.00543133985428, 0.5443434888625912], [-70.02134839264897, 0.5451624593052711], [-70.02798530127575, 0.5627808516364023], [-70.0464762575827, 0.5631898953353824], [-70.04775169113111, -0.1121142393622549], [-70.04264813605101, -0.12250759827656713], [-70.06522743806852, -0.16449916589599473], [-70.05330195719836, -0.18924371310352017], [-70.00005978297543, -0.22290296503823864], [-69.9698447599236, -0.2684254391540589], [-69.95086536674955, -0.2792969456240239], [-69.94556274484393, -0.29382043721417983], [-69.93613450789348, -0.29418088471256254], [-69.92073034322914, -0.3256249873077827], [-69.88962829780604, -0.3418152485403241], [-69.88232802683075, -0.33406064796003954], [-69.8448364357696, -0.33757459694534003], [-69.829122934194, -0.3754721513786929], [-69.81161288236513, -0.37255253814043104], [-69.7900107613059, -0.392579146784115], [-69.77439158021531, -0.3912873387317272], [-69.72687884477915, -0.4459961521635128], [-69.71983559189295, -0.4431104638289787], [-69.70952601891156, -0.4544326680125649], [-69.6965537322032, -0.4507081842996559], [-69.69498044761195, -0.459366526708521], [-69.68127552312012, -0.46055613873947776], [-69.67964322635424, -0.46735940291278044], [-69.66644843216255, -0.4643699698600922], [-69.6423364817764, -0.4802141027512511], [-69.64125459759674, -0.4936505574212096], [-69.60848809389836, -0.5005867130736615], [-69.61441018373779, -0.5343669331392694], [-69.59153797860193, -0.5609580003257737], [-69.60348029121906, -0.5956643913738959], [-69.58863272314824, -0.6022783147889486], [-69.5862261723135, -0.6181994153950182], [-69.57783157727863, -0.6143995566814405], [-69.56903161086052, -0.6222010547468231], [-69.57458648439052, -0.6304612805724465], [-69.56199229259835, -0.6367209952938198], [-69.57542945873502, -0.6501008318012316], [-69.57354968579261, -0.6618110536995271], [-69.58172081573935, -0.6607349699462889], [-69.57578673697458, -0.666738846965773], [-69.58511900592839, -0.6718497448806758], [-69.58250522437226, -0.6809174983997662], [-69.59500029957024, -0.6850524343712192], [-69.59300103443007, -0.6915564640950573], [-69.59905413916658, -0.6878806951604557], [-69.6055756447301, -0.7209198144075676], [-69.61617262493252, -0.7189892740348033], [-69.60779461820084, -0.7259426800493898], [-69.62371451236908, -0.7288879213447849], [-69.62419701226571, -0.7366600417819646], [-69.61623367538618, -0.7372768363273563], [-69.62559509559253, -0.7456458491189657], [-69.61523411288476, -0.7458504100452122], [-69.6186925252801, -0.7575539583538963], [-69.6062364738275, -0.7550069028120557], [-69.61206999509926, -0.7654185307788954], [-69.60289184662827, -0.7674814308277752], [-69.59648965090429, -0.7791004682621294], [-69.60155680172846, -0.7842490397534307], [-69.58617876009333, -0.7813632552991285], [-69.58338871725994, -0.8005347955699804], [-69.57451122706931, -0.7989223731472954], [-69.57533230406301, -0.8094594275873652], [-69.56450373080924, -0.8067111088372472], [-69.55832498130877, -0.8185966299163925], [-69.57331536635223, -0.8386563343181269], [-69.52567245594446, -0.8687974151823704], [-69.53214468258716, -0.8735812389366092], [-69.52347752140986, -0.8752133623274421], [-69.53028743402012, -0.8790966979536273], [-69.5216672772275, -0.8924021808457115], [-69.53113164444744, -0.8946863388203501], [-69.52077607229694, -0.8998641208530116], [-69.53473358258674, -0.9042539818372235], [-69.52670435333027, -0.9085523062176989], [-69.52826134696085, -0.9244586016777541], [-69.51571083308926, -0.9325066758069661], [-69.51008282495872, -0.9274414572606711], [-69.4995021105641, -0.9494470389842724], [-69.49179173138532, -0.9444943677547226], [-69.49238927412051, -0.9528156098980517], [-69.48590403896384, -0.9478729800446906], [-69.47130571495546, -0.9576639587922041], [-69.4623008687089, -0.9676818485680595], [-69.46727693029067, -0.9827423112421283], [-69.45909289783123, -0.9937958928905775], [-69.43855059831066, -0.9904753648148373], [-69.43474623723722, -1.0040678569739938], [-69.41817714267222, -0.9990299634037844], [-69.42161023333614, -1.0076408468800389], [-69.43207836358312, -1.0060087136077063], [-69.41986555274707, -1.0110739357472514], [-69.43477982437412, -1.0145633166882493], [-69.4370310303213, -1.028464537598688], [-69.44507910804401, -1.023005359875668], [-69.44261666937768, -1.0340069748418286], [-69.41859611455965, -1.0436403817764466], [-69.43055880098365, -1.0607694200598776], [-69.42037206822368, -1.0699431056966304], [-69.45214878309878, -1.0708402619706543], [-69.46988774201412, -1.0897421071170414], [-69.45957184758305, -1.134249785987102], [-69.46531078875643, -1.14419561914163], [-69.48334379524465, -1.1451740810984892], [-69.48921909090535, -1.1529023960542413], [-69.47007362964564, -1.1637866451367247], [-69.46503098218705, -1.1893061012853636], [-69.47379270908971, -1.2079077130548714], [-69.49039662956932, -1.2168603321072278], [-69.50865562361707, -1.216546918637979], [-69.53904901629386, -1.1919257605230027], [-69.56472594723817, -1.1932649673208262], [-69.5778451229856, -1.1553230863827302], [-69.59253914459742, -1.145835753714573], [-69.61449466227276, -1.162706816304113], [-69.63306673741283, -1.1664189589518181], [-69.63850632196574, -1.2148637358640313], [-69.65037669743754, -1.2269970115976494], [-69.66652913417704, -1.225066453258564], [-69.6803912136632, -1.2007149300808129], [-69.68090618409002, -1.121334095882137], [-69.66154712304842, -1.11647718064656], [-69.65230464976196, -1.1336949267366305], [-69.64967236379454, -1.1157855878194487], [-69.70471089243784, -1.047776509813173], [-69.72509358006982, -1.0383242231471712], [-69.73777668089144, -1.0424389739580613], [-69.74952003987073, -1.027621016179743], [-69.77474981965298, -1.040959186994497], [-69.75758011370533, -1.0734772658936056], [-69.73484256883285, -1.0813363729640009], [-69.74536642162133, -1.0975003359956426], [-69.78088484721542, -1.0894230908509155], [-69.81479474278996, -1.0354802723706071], [-69.83032587992938, -1.0277834245260231], [-69.85341641897236, -1.0387789210618865], [-69.87639812703196, -1.0785564568469304], [-69.91042414522093, -1.0808884097243123], [-69.94010498466338, -1.0970964908512786], [-69.96088758910383, -1.0933038366320529], [-69.97095026532247, -1.068706591688972], [-69.94118611695251, -1.0331142688252561], [-69.95402128919824, -0.9951081421235528], [-69.92106955004567, -0.9729512498495644], [-69.90704087426406, -0.9804099352579249], [-69.90180814313982, -0.9746809105950903], [-69.90930454793897, -0.9628435401517931], [-69.93934574684482, -0.9467117727656305], [-69.95819482580833, -0.9677527706162774], [-69.99683357628294, -0.9764949070433098], [-70.00790001193536, -0.9660501671486721], [-70.00104254337441, -0.9455172999468265], [-70.02032579732531, -0.937555910616656], [-70.0262741512297, -0.9475729002798666], [-70.02308733479549, -0.9715291626209516], [-70.03930689190992, -0.980852937996708], [-70.0731504252883, -0.9482080348446948], [-70.1052808188507, -0.9557995443584837], [-70.13667410730415, -0.9906446470751185], [-70.13805316519637, -1.0098589552724326], [-70.12561151734246, -1.021262600784589], [-70.10602032066674, -1.0109658871970473], [-70.08742363166829, -1.0125716252503938], [-70.07933379123466, -1.038374374332798], [-70.11364104341715, -1.0785043976381092], [-70.12828683444292, -1.111075937119012], [-70.15037375688439, -1.1170560770365265], [-70.1695188139019, -1.1122956445326393], [-70.17798579524009, -1.099918979061949], [-70.17755044525535, -1.0749002801843208], [-70.21675573398676, -1.0653625780396985], [-70.22759869556785, -1.0496736166611051], [-70.22446555620957, -1.032055204566993], [-70.20057490327508, -1.0104813148854417], [-70.1974684681565, -0.9850650285327239], [-70.21991951939532, -0.9853474348285761], [-70.23206285357361, -1.0145761626070238], [-70.25317850238287, -1.0207784246302856], [-70.28398555969619, -0.9997464413806942], [-70.30712294502024, -0.9646037148952191], [-70.29588596766848, -0.9364916882279185], [-70.2605855741474, -0.9380449053379544], [-70.25094626976795, -0.9104745012348232], [-70.22125288893585, -0.8863456346608596], [-70.25894088870552, -0.8318183430448852], [-70.28990808971048, -0.808751674055416], [-70.29712697774772, -0.7913193256628062], [-70.29023166672692, -0.7524654383889521], [-70.24879939963091, -0.7393983218507919], [-70.26190984913671, -0.7115495179411507], [-70.25241539192405, -0.6718432329879631], [-70.26079147266614, -0.6532679787081838], [-70.25613432673913, -0.6028557981278615], [-70.2822395954135, -0.5581780635474235], [-70.2999371509444, -0.5592865998644654], [-70.30123144373891, -0.5833661408051724], [-70.30974687036064, -0.5902878039256381], [-70.32425370896931, -0.5806184113503765], [-70.32523368189368, -0.5613425235912506], [-70.29375286063089, -0.5143698476509626], [-70.26227161805787, -0.4964836933714274], [-70.24451148493608, -0.46985140336201175], [-70.20257212564462, -0.47384355200523637], [-70.19959734682072, -0.46024691142281393], [-70.211596467145, -0.4401196707258704], [-70.2229901054173, -0.4357914081680936], [-70.24660537688703, -0.445440744041978], [-70.26811211295677, -0.4180980747229589], [-70.28833382775144, -0.4129349352411071], [-70.30975953661624, -0.4414977341822851], [-70.33398036290163, -0.43815798304238895], [-70.36506578229216, -0.4539607520750669], [-70.36498931673594, -0.4641394080755243], [-70.35116228684518, -0.472538910610456], [-70.32124821043311, -0.46982327529141055], [-70.32217263598767, -0.48981261460084424], [-70.33461479498334, -0.4992756181767628], [-70.37776695363846, -0.49790104467803753], [-70.38767206523073, -0.46810912576827196], [-70.39962306276692, -0.46285150410446435], [-70.43686763669098, -0.4779617694175969], [-70.45735353723813, -0.49548012078739123], [-70.46478387987861, -0.4822189563151513], [-70.44844277971106, -0.4602733308963701], [-70.45259458695546, -0.43968810354981985], [-70.47757335658599, -0.40049378864794505], [-70.51930303904163, -0.35765387205944393], [-70.52873497166411, -0.3578823290896127], [-70.53122400587392, -0.3746702345669985], [-70.54729678893375, -0.36312487162099877], [-70.56065235743489, -0.36586031211292863], [-70.56895114617004, -0.38963726159726936], [-70.57951492101984, -0.3919927638286036], [-70.63037630092441, -0.3199059447323065], [-70.65550280041782, -0.3335805681267313], [-70.66561333801462, -0.34991330317512664], [-70.67798822392172, -0.352116796864536], [-70.68983585313407, -0.3311511174206273], [-70.73669632581425, -0.2867134110787608], [-70.76695447701724, -0.29636184684000566], [-70.78008366000489, -0.3123149032411317], [-70.75948350264576, -0.31907517221406606], [-70.76212414564691, -0.33107773488489345], [-70.8060402555846, -0.34619615690724515], [-70.80973719064093, -0.363896192688056], [-70.82618707777436, -0.36571984513499095], [-70.84271344663375, -0.3277375112307859], [-70.86497402343952, -0.309658177688696], [-70.86791727227012, -0.290438912583707], [-70.87817976091668, -0.27995582537571584], [-70.87259617541065, -0.26111622184995686], [-70.88308550591523, -0.21394163591394635], [-70.91507976777268, -0.2017874653501487], [-70.91734367500976, -0.1837835553177108], [-70.94473504204007, -0.15947465004770858], [-70.94624428298869, -0.14481321035765377], [-70.93454841617967, -0.13174698135569646], [-70.91719321606291, -0.12270692920707282], [-70.90157342681243, -0.13250642668521687], [-70.89214136842571, -0.11305910430067043], [-70.89902187160561, -0.10161851913630787], [-70.9249636027505, -0.09164611379451451], [-70.92725456097725, -0.051756490630564325], [-70.96128202725163, -0.03983003239294723], [-70.97287157926036, -0.026758098186091008], [-70.96889609258216, -0.009306385693813094], [-71.0017106993057, -0.003781135032388474], [-71.0186233602148, -0.018335454132704484], [-71.01208739086536, -0.041514559945990924], [-71.03108886734162, -0.047444100418174324], [-71.0530551118083, -0.027701434190754725], [-71.03587292555648, -0.012271156379082165], [-71.03951150690375, -0.004522328377410426], [-71.06457728382884, -0.010114960823681948], [-71.08135518206649, 0.0015419720711603833], [-71.09503354964244, -0.008160907029621972], [-71.10433214432265, 0.026001320118379724], [-71.11342859544504, 0.02357560191520035], [-71.12164909234752, 0.005045790746920654], [-71.13397983680301, 0.004169837425455657], [-71.14945226360192, 0.038720883586023644], [-71.1454346270387, 0.06292617259705532], [-71.18431353421107, 0.09705471020008195], [-71.19233188665737, 0.09408994131145947], [-71.18714354132669, 0.08115276708099337], [-71.22575292225804, 0.0542003199441633], [-71.23491675516522, 0.06639629993119986], [-71.25027965029426, 0.057771517709818275], [-71.26436230408763, 0.07010226485984711], [-71.29266237434587, 0.06835035462360946], [-71.29751381524386, 0.07259536305115681], [-71.29030403523251, 0.09590923063753912], [-71.32850912994638, 0.11288927333086113], [-71.32096244460405, 0.1363379062835834], [-71.33524724195536, 0.15500247473329268], [-71.34373726330233, 0.1524419902655467], [-71.34185059219135, 0.13829195468774583], [-71.36543398422288, 0.1445583986942534], [-71.37311543223655, 0.17211727830142154], [-71.3995962122703, 0.1858630267634061], [-71.40882742516567, 0.15069008092766573], [-71.44959300344908, 0.13903314893112007], [-71.47034638836499, 0.1526441347217816], [-71.45666801989074, 0.16308820806588029], [-71.455589922113, 0.17407133029888533], [-71.47351329991324, 0.18498707434029485], [-71.49521002083384, 0.1347881369103323], [-71.51636769106887, 0.13222765513747034], [-71.52970915421218, 0.11989691158075015], [-71.54500466755638, 0.13101479379014572], [-71.52613795464976, 0.1525093729486862], [-71.53146106265183, 0.16524440541787477], [-71.54830634267432, 0.1738691903342523], [-71.58994787517753, 0.16625512230902295], [-71.5607718506995, 0.21625191438446], [-71.57114854315745, 0.21530857478655446], [-71.60578243920719, 0.18330254499060286], [-71.63614883030164, 0.18297210933148988], [-71.61712267438992, 0.19293928737250285], [-71.62747011139066, 0.2047965474303189], [-71.62411135996899, 0.21587327868205364], [-71.64390655522521, 0.20958455374383483], [-71.69793243110632, 0.2374550439000291], [-71.72630316110445, 0.2809758876097726], [-71.70086240462308, 0.2995562155783347], [-71.70500724812183, 0.3184223975795396], [-71.72716071511763, 0.3085605282248603], [-71.737244864682, 0.28569517454594695], [-71.75132351468096, 0.2972226592068813], [-71.75368570487501, 0.33241928734731274], [-71.76932340025832, 0.32745868578410725], [-71.78907130456702, 0.3356791054311662], [-71.78524455835714, 0.3453640828907153], [-71.77348085341873, 0.3483876887823853], [-71.76696121006432, 0.369600150004517], [-71.78888233032166, 0.36383640722487365], [-71.81481917103423, 0.3735686271228479], [-71.80187437189716, 0.3552852788306445], [-71.82346478520395, 0.3393641216306411], [-71.85313388635126, 0.3523561659007221], [-71.83470880804816, 0.3676159100979072], [-71.83626785343245, 0.39511179529556417], [-71.82341754096893, 0.4057416502699627], [-71.84689770571225, 0.4135841187314257], [-71.84727565599957, 0.4380564043256525], [-71.8589921167029, 0.4570011656206736], [-71.88710217336416, 0.4693790384280093], [-71.88984231294717, 0.4475524048448993], [-71.9042044247633, 0.442780781120296], [-71.91936968318583, 0.4510012016656549], [-71.92078699586494, 0.460072010357469], [-71.90146428518028, 0.4719774453057623], [-71.92900741641057, 0.486623023430162], [-71.92914914731915, 0.49720562877959773], [-71.91313350164853, 0.5145441022519015], [-71.92929087912609, 0.5534257421002656], [-71.94138529011667, 0.5710476791863182], [-71.9433695291251, 0.5505911140471993], [-71.9531017499217, 0.5400085051045237], [-71.96387333400838, 0.5560241498763134], [-71.98976293228253, 0.563016231089667], [-71.99067712422118, 0.5890010814016664], [-72.01184477474703, 0.5977148220599309], [-71.99496045660607, 0.6066348376313604], [-71.98147424061915, 0.632014410707444], [-71.99496045660607, 0.6330763181358491], [-71.99931427535591, 0.6587744610150058], [-72.01365001710587, 0.6532525493941528], [-72.03319222322028, 0.6642775196779999], [-71.80304058279637, 0.888841304892505], [-71.77409653944221, 0.9060578957482037], [-71.765705536773, 0.9616154749677576], [-71.75502188614456, 0.9640740751297423], [-71.7402854810855, 0.9848242323955576], [-71.71023241632366, 0.9904752437037389], [-71.69211001930853, 0.9826200712573692], [-71.68838074128297, 0.9703278807284146], [-71.66556455872615, 0.9729239421030538], [-71.63831200128084, 0.9970224267315532], [-71.61579580865725, 1.0370834629613588], [-71.60194076029046, 1.047297587172437], [-71.58514693401179, 1.0446941443352704], [-71.59206642320771, 1.057075369657915], [-71.57931374332031, 1.0620341709958963], [-71.58849160612675, 1.0685769136477523], [-71.57872264330746, 1.072257933239374], [-71.5810763363304, 1.0794295150575373], [-71.574162659239, 1.0806329503750582], [-71.57993747825509, 1.085309976933357], [-71.573099709764, 1.0871991076334875], [-71.57913619924773, 1.0891320752561024], [-71.57268434731026, 1.0911544873044992], [-71.58345073643551, 1.095613770149242], [-71.57754762801312, 1.1051593927459749], [-71.58568279837039, 1.1114711190654298], [-71.57528856180096, 1.1080530742962775], [-71.58223271965261, 1.119385698047136], [-71.5729510285845, 1.1208912388321326], [-71.58254199996992, 1.126873751202161], [-71.57122904933908, 1.1229996933836677], [-71.56332570110374, 1.1305061503386031], [-71.55233833971715, 1.112712460623218], [-71.53998971338342, 1.1145598932912697], [-71.55622767160276, 1.1554951050751372], [-71.53162765265904, 1.160259533288639], [-71.53551698364635, 1.1240887560064157], [-71.50265213590552, 1.103280831631941], [-71.48505291184057, 1.1088231287377424], [-71.49283157471348, 1.1311867828122144], [-71.50799996556384, 1.137215245842264], [-71.50190207797817, 1.1478101150017441], [-71.51187543643357, 1.1498196667583354], [-71.51307419332147, 1.1726736702146254], [-71.53193265878883, 1.1796844741300418], [-71.52733228912797, 1.1910302132944892], [-71.53468175637903, 1.2060220985251509], [-71.54310320118083, 1.2015561331077178], [-71.55301769209046, 1.2074188532425654], [-71.55150161405874, 1.2197618498295506], [-71.53890810408842, 1.2301938965190695], [-71.54387368681404, 1.2495694416586052], [-71.55077918833155, 1.2506926843068127], [-71.54127343299854, 1.2601919223569746], [-71.54766409165018, 1.2591624252715228], [-71.55251970971756, 1.2769047097521253], [-71.52640218980957, 1.278027441258571], [-71.53061377998375, 1.2958356360823822], [-71.52275963880396, 1.2925987259548184], [-71.5273938228757, 1.3026379040232698], [-71.5215520694361, 1.2994605441616782], [-71.52254867917281, 1.3094254728194175], [-71.51728172131067, 1.307191633117261], [-71.52214342187574, 1.3167247511552964], [-71.51581495274252, 1.3161397596912614], [-71.51936007239482, 1.3212831092716135], [-71.5074458510174, 1.3341059916557025], [-71.50285999814304, 1.3627800012193734], [-71.48772999682694, 1.3725400015396167], [-71.47863999830844, 1.4048400043482856], [-71.47941999710804, 1.4461600017059115], [-71.45532000240956, 1.464770004645205], [-71.45400000070947, 1.4856699983248771], [-71.4399400006489, 1.5079999978886764], [-71.43947999997482, 1.5450000070771965], [-71.39017999927955, 1.5982000080570782], [-71.39829189426928, 1.6291581046283634], [-71.38884802302721, 1.6571401162243569], [-71.40167782513981, 1.7007387136754837], [-71.39817629088151, 1.7337113961661887], [-71.36781972017758, 1.7389392045185854], [-71.33044368579175, 1.7051187785237558], [-71.3138843846678, 1.7139083936463197], [-71.25861937618788, 1.6679716970397078], [-71.24528000073093, 1.672450001725748], [-71.17452533036135, 1.748526932084594], [-71.12792307861537, 1.7714476642499815], [-71.1258253957709, 1.783058836927819], [-71.0925850708067, 1.7810802348523853], [-71.08648772760051, 1.793285130625762], [-71.09337195879175, 1.802059443833577], [-71.08203429458945, 1.797944216915171], [-71.06942557702757, 1.806508288246366], [-71.0647117042418, 1.798319299777761], [-71.04839999607543, 1.8041329538926818], [-71.04196625418848, 1.8174044472023194], [-71.02463350298859, 1.8105410488576121], [-71.01996584766266, 1.821198777679228], [-71.01265683966596, 1.8140646547399286], [-71.00504162359266, 1.824553203709235], [-71.00011729243607, 1.815190884288915], [-70.98673625757465, 1.8249647671846072], [-70.98958523712423, 1.8345090090697005], [-70.9647919248319, 1.840488885780582], [-70.94123339998384, 1.8585983200952332], [-70.94431987721578, 1.8650762528409734], [-70.93490476915372, 1.8741159169170742], [-70.90261152886683, 1.8882787867355073], [-70.90820666671664, 1.8953752423866015], [-70.88996208525077, 1.9201475466601774], [-70.89467379219667, 1.9275297889702432], [-70.88470606528426, 1.9216273947092715], [-70.87963715196412, 1.9331600213310032], [-70.86613139221436, 1.9087509960478062], [-70.86045012741971, 1.9169156886618282], [-70.85250656337371, 1.911251434379204], [-70.84697838599857, 1.9205557791798644], [-70.83255409813876, 1.9105710426543], [-70.83427208436956, 1.918973869856783], [-70.80103498795307, 1.905570168686448], [-70.79572793734957, 1.9174259815572086], [-70.77992585822307, 1.9123060384985329], [-70.78130365038805, 1.922120677991165], [-70.77322400673938, 1.920011467057565], [-70.77045141369427, 1.9276318448543406], [-70.76106201902934, 1.9099927086101396], [-70.74303165898004, 1.9081386445733832], [-70.74536199758364, 1.921151124634107], [-70.73314898103325, 1.9239067035740964], [-70.72127615944697, 1.918888820891168], [-70.71989836728198, 1.9102648651204641], [-70.71656445070442, 1.9189568629382474], [-70.69986085308142, 1.9128163304955579], [-70.70501481536718, 1.9064376661594153], [-70.69557439006525, 1.9087509960478062], [-70.6910668002775, 1.8976606265625697], [-70.6829701479137, 1.9091422243439025], [-70.6811841223307, 1.901283706568778], [-70.67846255812594, 1.907730409358803], [-70.66805257587367, 1.902627476811852], [-70.66259243785066, 1.9139049583334018], [-70.63614224008683, 1.903290858025034], [-70.63447528269637, 1.9187187238582395], [-70.6169722260542, 1.9207598963380073], [-70.62091849230961, 1.9299791930713515], [-70.60970905283477, 1.921763471616935], [-70.59033491894905, 1.938807268695139], [-70.57914248908776, 1.9285503729643563], [-70.5618775679323, 1.9409334865472836], [-70.54964754087013, 1.9379907982659277], [-70.5308944972769, 1.9571131224980967], [-70.52385857285265, 1.9472134538028236], [-70.51398359077899, 1.9569649973762169], [-70.51111984740595, 1.9403997161632571], [-70.50223236255152, 1.9499290747488398], [-70.48662989283355, 1.9457568927994033], [-70.48899988759695, 1.9535334419344659], [-70.4798902177547, 1.9592856197938977], [-70.48529677032997, 1.963087486243748], [-70.4644358722602, 1.9629887361624587], [-70.46648493015789, 1.9717280949964167], [-70.45804182066911, 1.9715305948339505], [-70.46564555716225, 1.982886822736047], [-70.44206903904472, 1.986392441637032], [-70.4347121777547, 1.9997483550910522], [-70.42076376471107, 1.9865158819335653], [-70.3986684951173, 1.998859606156499], [-70.38652226656484, 1.985207446052025], [-70.37635103694242, 1.9884908772702499], [-70.37909134361223, 2.0042167827926454], [-70.36810542671782, 2.0035502233375526], [-70.36479730887748, 1.9855530677431212], [-70.3552185770476, 1.9896018120909718], [-70.35112045855726, 1.983034948756222], [-70.34788640327787, 1.9922927428217476], [-70.34072704125202, 1.9884661888516038], [-70.33927048114685, 2.000316166261617], [-70.3297904976016, 1.9934283669594175], [-70.33016081040626, 1.9991064831562562], [-70.32253238818947, 1.9978227347950066], [-70.31764427174409, 2.0128327058216664], [-70.30631273136197, 2.006784278616844], [-70.30554742002892, 2.014042389825329], [-70.27579903710478, 2.0194983165427667], [-70.2763668491736, 2.014511453609607], [-70.26508468293378, 2.0234976858500304], [-70.26069031599633, 2.0141164514879732], [-70.25054377299591, 2.029397987034686], [-70.23849629542303, 2.0243123722236476], [-70.22963349898725, 2.034261415061264], [-70.20563729392273, 2.0188564446079136], [-70.19403419081715, 2.0306076710383443], [-70.19065200861928, 2.0233989357687423], [-70.18102390264704, 2.0247567457926308], [-70.15149062418408, 2.0716279650255287], [-70.13946549222169, 2.0622502772151003], [-70.11032550009674, 2.0801045763109984]]]}}, {"type": "Feature", "properties": {"dpto_ccdgo": "99", "dpto_cnmbr": "VICHADA", "dpto_ano_c": 1991, "dpto_act_a": "5 de Julio Constitucion Politica de 1991", "dpto_narea": 100063.370593, "dpto_nano": 2024, "shape_Leng": 17.2926130139, "shape_Area": 8.10068049151}, "geometry": {"type": "Polygon", "coordinates": [[[-67.80972446369225, 6.324317079714977], [-67.76176763406335, 6.291370331607148], [-67.718796914579, 6.300460509788537], [-67.62525919873315, 6.291350295567055], [-67.5863773998816, 6.262439334497152], [-67.54719368331064, 6.266227386643518], [-67.47250754284846, 6.21049665252343], [-67.45590750399225, 6.18993372946481], [-67.48624494865027, 6.163079438622267], [-67.49327384375181, 6.1269994577314355], [-67.46617343408741, 6.07234684654186], [-67.42778398426913, 6.038652978898334], [-67.42769755728676, 6.026199070828082], [-67.40990899695515, 6.001866528169122], [-67.41551970172287, 5.984847758174683], [-67.45863871431425, 5.962015763460379], [-67.47776272378786, 5.936981450952321], [-67.5337717023076, 5.903017856743325], [-67.56333448685797, 5.859325705070674], [-67.59735997863373, 5.827751836237617], [-67.61943782898192, 5.748175672207784], [-67.63109543561421, 5.73234774314065], [-67.63795207143625, 5.674736079945443], [-67.62018233262148, 5.566250802681786], [-67.59888592017512, 5.544088503443759], [-67.61902905028614, 5.512605704090134], [-67.62537359119091, 5.4752483942042245], [-67.68113562174398, 5.4277590994272895], [-67.70743280395362, 5.41928167786083], [-67.72681439835372, 5.397013340503818], [-67.79966924439469, 5.358674591641834], [-67.84951036190222, 5.3039597100854685], [-67.84932593762744, 5.2739214109446015], [-67.82387062124036, 5.251042578932387], [-67.830759944985, 5.223989704558331], [-67.82444601868951, 5.196136909430708], [-67.8542849267136, 5.135224971592298], [-67.82210615074979, 5.083885526778821], [-67.82194302464899, 5.065945865205048], [-67.80592663876598, 5.054005088708719], [-67.81972288426573, 5.028809125134803], [-67.823281307978, 4.977061251070494], [-67.83873226771948, 4.943478119738647], [-67.83570577284343, 4.881573345090739], [-67.82328108429732, 4.839850921029742], [-67.82635737372755, 4.767549432257212], [-67.81784417492946, 4.7072327177021], [-67.84493552238206, 4.645093814056839], [-67.83929831369909, 4.557475662887042], [-67.85515276195338, 4.539007477094659], [-67.85722970178307, 4.524694279483459], [-67.79921978096723, 4.479774769439841], [-67.7917890376778, 4.467048443449347], [-67.7978247061007, 4.437063991166213], [-67.77318225160747, 4.41899692323075], [-67.78145849261108, 4.392416643022813], [-67.76160990324848, 4.349344509951625], [-67.76380715633667, 4.341148648467366], [-67.79101082832364, 4.340048539252768], [-67.80401210279098, 4.327284572025232], [-67.79129937640602, 4.276596638077301], [-67.79839459866946, 4.236624527944965], [-67.77655098691321, 4.204229413234859], [-67.76843594602087, 4.162304877955343], [-67.73557122494259, 4.128123717001024], [-67.70760158764853, 4.045025830857639], [-67.81317475980251, 3.984543513544545], [-67.87601811567049, 3.919145549095804], [-67.91357085330515, 3.9094380391760435], [-67.91964453576622, 3.9107470616579616], [-67.92493686027558, 3.945343826712994], [-67.93742808708782, 3.9630993218286785], [-67.96616915414512, 3.9629486275230836], [-67.99589797893333, 3.980714305050631], [-68.02477460367174, 3.975920583650726], [-68.03453251540759, 4.011355486516904], [-68.04492746613823, 4.008350478461407], [-68.0789788563643, 3.935151575598187], [-68.08338077724102, 3.9456323658121772], [-68.07213087491863, 3.9687242738880135], [-68.07835999120056, 3.980535161077284], [-68.09829618164451, 3.9745662402283073], [-68.11286034539035, 3.943408481247918], [-68.1231268863404, 3.939468993685218], [-68.1327965358343, 3.9465123202331527], [-68.13578099670809, 3.9557044545856135], [-68.11954553490887, 3.9820870792224303], [-68.13052834632487, 4.000948864865123], [-68.17374332511616, 3.9860265676834272], [-68.20502046400577, 3.9974868906469543], [-68.19952905829774, 3.9779088345382827], [-68.20657238304926, 3.956778860284522], [-68.23665573633167, 3.975163135277632], [-68.31389355506991, 3.9777894591216842], [-68.34457380340172, 3.9931892705462646], [-68.35555661481771, 3.9547494287948446], [-68.34230561299398, 3.9356488878273566], [-68.34672261300301, 3.924069180464044], [-68.38181986044555, 3.9123700985824796], [-68.42037908120807, 3.926695505206391], [-68.43661454210894, 3.9149964224265292], [-68.42957121735742, 3.8958958805606967], [-68.3930414298813, 3.8728558520305043], [-68.39471272613804, 3.85077085018932], [-68.4117838356164, 3.8504127149563967], [-68.43136189262407, 3.881928609169713], [-68.44676170584574, 3.88443555580052], [-68.4502881611865, 3.8683183528116536], [-68.44015716803602, 3.85349622145725], [-68.44449346333562, 3.8383537344475194], [-68.47623992472444, 3.8519700113193873], [-68.51296770643694, 3.825507656645987], [-68.51500070963107, 3.8103518098807165], [-68.50245892739093, 3.792034199816236], [-68.50989137119257, 3.7791053071610334], [-68.52561715364624, 3.784056199724938], [-68.55777298661945, 3.818523299153595], [-68.56930075335197, 3.8179673502458735], [-68.57237298239386, 3.8016654256396007], [-68.55109452458947, 3.778643850316715], [-68.55061546973468, 3.7639835883188906], [-68.57602310530513, 3.7902439395716914], [-68.587831784434, 3.7768516577943982], [-68.6060142599249, 3.784749061872531], [-68.6346783233347, 3.7736466747158457], [-68.65524472197859, 3.8048308361017553], [-68.67204044280572, 3.8120013498221876], [-68.68049726418997, 3.7970039417448067], [-68.64643375029112, 3.775066228693338], [-68.65083867513653, 3.761710112219861], [-68.6704824313831, 3.775911650948879], [-68.70812750063118, 3.7674189328575647], [-68.75430131134073, 3.7831175169971734], [-68.76795962940184, 3.769495424427489], [-68.77506270564209, 3.7347727540968245], [-68.7948112073309, 3.7222526374424354], [-68.81272902994505, 3.719858691777908], [-68.83782556970152, 3.74405363578188], [-68.8521168223516, 3.7386996068449907], [-68.85306980088018, 3.720259466478162], [-68.82917552144397, 3.6821892134887277], [-68.83499382883599, 3.670101439257134], [-68.85147031330956, 3.700045107095562], [-68.86422038089404, 3.706332604934102], [-68.8865143022914, 3.700142331836225], [-68.90691216787053, 3.6831893886416025], [-68.92583977761876, 3.686925195627783], [-68.92529331492796, 3.731431353648824], [-68.93762182167825, 3.742359307601299], [-68.94793491156679, 3.732738663940409], [-68.93549637098795, 3.703681712147452], [-68.94231777395817, 3.682459364957727], [-68.9557377687845, 3.679634469260231], [-68.97535891441737, 3.6928125206378284], [-68.99581932075637, 3.691854143230101], [-69.05594244013065, 3.638655850847187], [-69.07876709560395, 3.6559004745520065], [-69.0873376608618, 3.638647080588074], [-69.10043927542972, 3.638070238646828], [-69.11303363700358, 3.673538472629873], [-69.12111133310322, 3.676044874881203], [-69.15252572389778, 3.6426168728410317], [-69.18669243633866, 3.6339161936974382], [-69.18729396490198, 3.642386417956083], [-69.1685574718827, 3.6591229918605985], [-69.16809166898554, 3.671903207827961], [-69.17804834391626, 3.6766765679974287], [-69.20008145633102, 3.6694903499166514], [-69.19689285943446, 3.6944676741559572], [-69.20804493155117, 3.7019823866349433], [-69.22101301144573, 3.6786623952284314], [-69.23496250965508, 3.674011445885313], [-69.24703903786906, 3.7147582646343684], [-69.27967753602906, 3.7262945258426114], [-69.28709474528966, 3.7132523447599914], [-69.27085660022055, 3.6963613242839006], [-69.26799898785424, 3.6812677838181034], [-69.29198258685034, 3.644787372282054], [-69.30565814359551, 3.6521681629134704], [-69.28958339322361, 3.6980528074977546], [-69.30350551884618, 3.7172564688538254], [-69.3204827093868, 3.69591117903466], [-69.36635858191681, 3.665496065976301], [-69.37557409314684, 3.666603166784366], [-69.38787460028578, 3.685147700453556], [-69.40770920196996, 3.6600048498131255], [-69.423249096792, 3.665627486912123], [-69.43864430704252, 3.7007866867164627], [-69.45474843234757, 3.7089883037113536], [-69.47844957294546, 3.6954384321548392], [-69.49287934592274, 3.65076507776323], [-69.50430395902902, 3.6787384969666963], [-69.5377317436778, 3.6742572062783023], [-69.58866676662973, 3.683465999900977], [-69.59549499590321, 3.673031842168869], [-69.57733276935329, 3.6777421306736158], [-69.5705507207087, 3.6694103638600275], [-69.58096591499043, 3.654405204213872], [-69.5761333647796, 3.6139665806164603], [-69.59260188298686, 3.5677363026629423], [-69.60888359638199, 3.595461580037778], [-69.61993923337775, 3.591520816866348], [-69.62904042491363, 3.5686348522250944], [-69.66314390489129, 3.5853754398055067], [-69.70063724138043, 3.539909485037378], [-69.70981795993345, 3.5767328915885237], [-69.72973449881658, 3.5916688746145056], [-69.73991894087078, 3.590930865799693], [-69.74235106766031, 3.5760103158425878], [-69.7203837101801, 3.5690148039604215], [-69.71373121756739, 3.549375284172752], [-69.73401034373762, 3.542920378859365], [-69.75423215824537, 3.560001221591044], [-69.77734261205575, 3.5645735745723752], [-69.78972015787656, 3.5495159595600305], [-69.78803310336053, 3.5200287880650123], [-69.8019225760948, 3.507862186604366], [-69.81539814883371, 3.51593292075468], [-69.81710848680211, 3.552072736677665], [-69.83410792773174, 3.5566130727784095], [-69.84389147111807, 3.548966607884958], [-69.84489165435582, 3.5316846178278136], [-69.81621547176485, 3.489420087010303], [-69.81720918892404, 3.4770482490898504], [-69.85158940412862, 3.491823881811462], [-69.87244670444278, 3.535845381282557], [-69.89355580003678, 3.536854673444521], [-69.89553528425859, 3.5172166951670953], [-69.86167593872193, 3.478811182561664], [-69.87170605188396, 3.461935304998421], [-69.87173452041628, 3.439353680834777], [-69.878167030712, 3.429683936119654], [-69.90253327639147, 3.424400897503], [-69.91496909507282, 3.4469981451784917], [-69.94592471588624, 3.459180676476698], [-69.96027962410636, 3.456920550251719], [-69.96124641693842, 3.4375653708342706], [-69.93955728678804, 3.4141983651615395], [-69.94354559063896, 3.3947519869071243], [-70.00192756789085, 3.3727163412419703], [-70.01573867063894, 3.3802575989587553], [-70.01495172875497, 3.407600500043289], [-70.02580958531365, 3.4176196780043075], [-70.07601854615518, 3.3873654874775694], [-70.11026204574944, 3.3849934786897267], [-70.11541811189124, 3.4005452339774633], [-70.1266119566003, 3.4008055578694085], [-70.13338032928209, 3.3651414469808896], [-70.17294926711008, 3.3490014869527895], [-70.15342511894391, 3.3245312225695596], [-70.10877422963739, 3.293709149007], [-70.11565408513144, 3.2796743754568247], [-70.13618071532596, 3.2937808346237682], [-70.15785059186948, 3.2815780993003787], [-70.15680930528481, 3.257888798508184], [-70.13181839581182, 3.244091733744643], [-70.12798123632291, 3.2022608775525856], [-70.14810646119935, 3.1907701429991935], [-70.1571793467981, 3.229403062503385], [-70.17435609644144, 3.2358076001369565], [-70.17820472113755, 3.217572958538262], [-70.15772319718599, 3.194461804940456], [-70.16464188598235, 3.181120791853921], [-70.19225145396905, 3.17354811104346], [-70.20390651118049, 3.2031189148597417], [-70.21785882022061, 3.2059774596780133], [-70.22023671477496, 3.196987443730562], [-70.20808496157912, 3.1880313940094513], [-70.20652729241488, 3.173090092952736], [-70.21615971120218, 3.168222158074832], [-70.22926999362124, 3.1810291249943363], [-70.24439886305919, 3.1791854149477805], [-70.2599390237828, 3.1435880453447997], [-70.28793862081375, 3.1240242221548487], [-70.2799216409943, 3.094469091257798], [-70.31994670685611, 3.086332454849063], [-70.31522028010426, 3.070836954804219], [-70.27274225819974, 3.0661105235608646], [-70.25533225272216, 3.0396664630928116], [-70.2718797769233, 3.0308176300812213], [-70.30331446696454, 3.0336238138564937], [-70.28269569470126, 2.993327726957118], [-70.27836610802552, 2.9365226473252783], [-70.32401502371312, 2.9133691327381603], [-70.35404878096921, 2.914027245327943], [-70.34851674802178, 2.8734880669324325], [-70.35871538077379, 2.8518657436453707], [-70.41081389721904, 2.8289906207799187], [-70.49386728079048, 2.8133363856029177], [-70.49757662967562, 2.7885076796609796], [-70.50469618462455, 2.7878495697661405], [-70.58733211356429, 2.840513455757253], [-70.59718911135161, 2.8362708116974376], [-70.60668135780861, 2.7989053702550963], [-70.62032868856676, 2.7925546300717987], [-70.63235456074148, 2.809850261955741], [-70.6354113064088, 2.8487655661962132], [-70.66005458914941, 2.857413246492449], [-70.66451362136411, 2.8470088409862275], [-70.64024944773843, 2.821539712093153], [-70.64041314067663, 2.8026399079207356], [-70.65782945412917, 2.7809419545113228], [-70.68172037386353, 2.7777828232780126], [-70.68902586225818, 2.7574459255081694], [-70.70916531466344, 2.7371090259416824], [-70.72051862034397, 2.7498000957241415], [-70.71679662137296, 2.780908663818654], [-70.72477872676865, 2.7951550123464006], [-70.75442067811144, 2.7702179578167403], [-70.81134342186976, 2.7600127179508807], [-70.81529233276746, 2.7679105451358392], [-70.7989704960882, 2.7757048126557082], [-70.79639279808913, 2.7944463380405464], [-70.80807973473878, 2.811269024516808], [-70.82156835102603, 2.8130745875744467], [-70.84509377382784, 2.801179116747245], [-70.86240593831997, 2.776591596074841], [-70.87143375181171, 2.777813007593911], [-70.87047786633252, 2.797621095480703], [-70.85417469486316, 2.8231645007339035], [-70.87531040127203, 2.847114760527511], [-70.88354164383054, 2.835431705501637], [-70.87146030513435, 2.7962934724677226], [-70.8836744068505, 2.7925761393501265], [-70.89902169194238, 2.8087199944763506], [-70.91134200425415, 2.849876209064252], [-70.93805371528032, 2.8573108797909876], [-70.94124000260643, 2.837821420996151], [-70.92514924963336, 2.8154111991185644], [-70.93141561458822, 2.794753436348295], [-70.94570080540194, 2.785460095918633], [-70.962003975973, 2.8004887546130584], [-70.94793120724887, 2.8179602291590236], [-70.95456930524603, 2.842142824012952], [-70.98756065833754, 2.8289330072832586], [-71.01059486218759, 2.8568130249789894], [-71.02911515839338, 2.846324826352902], [-71.06243841499241, 2.856281974695807], [-71.0655983421338, 2.873484485346555], [-71.07752569599285, 2.8822324123184737], [-71.07793104491816, 4.899101334492937], [-71.05650919072724, 4.906405542786973], [-71.01311442656498, 4.97737751040482], [-71.00189356769721, 4.980725215234535], [-70.98678788559181, 5.04367065393403], [-70.96774585733465, 5.0582790992683355], [-70.97445859730658, 5.08008849326911], [-70.95590640908614, 5.096122986507216], [-70.94379013038912, 5.124293325561032], [-70.91457082324962, 5.140522911474791], [-70.8608510440539, 5.145032227825708], [-70.82410929083272, 5.18604900849906], [-70.81404655532515, 5.187072639581003], [-70.69378213735575, 5.283534200628707], [-70.67410880225827, 5.31547139157133], [-70.68185901007348, 5.357267483832509], [-70.6743900281669, 5.3675309992539155], [-70.65242405678828, 5.373181377249343], [-70.60321783938514, 5.4237400596945795], [-70.57057134621272, 5.435401494949213], [-70.5316420075801, 5.471468968586402], [-70.51123874402015, 5.476239942828561], [-70.496651447739, 5.497821602943579], [-70.44551768494853, 5.530778274748226], [-70.42057114240441, 5.5344683897893105], [-70.41330497599608, 5.5513111706961995], [-70.38641326759637, 5.563399085963431], [-70.36081441019394, 5.586876194635017], [-70.33705070188665, 5.5746955740548865], [-70.29835427503326, 5.577267676443495], [-70.26382741423322, 5.563574959168218], [-70.21546308870381, 5.583384089999873], [-70.19466896336064, 5.603156700692859], [-70.15979625808717, 5.599001526560257], [-70.14015863823715, 5.609920908781477], [-70.11441765466714, 5.632117397028103], [-70.0788501405952, 5.687052349834807], [-70.05675565343472, 5.703642751556438], [-70.04377798491521, 5.746221489954539], [-70.01126364031461, 5.767220328038638], [-69.97881541087332, 5.807338303129816], [-69.96628333763255, 5.829038603838933], [-69.96768745135466, 5.8594194147008345], [-69.93252810063211, 5.876453497389807], [-69.92433177920975, 5.9106996209639595], [-69.9027759348993, 5.929298685109328], [-69.88279431032697, 5.969788245918921], [-69.85457762175992, 5.98413288009853], [-69.84174657278464, 6.034264473472932], [-69.80418080866968, 6.055369718883923], [-69.78051851664554, 6.058183999181284], [-69.74385410304205, 6.042954264128352], [-69.70449497500073, 6.045654761026211], [-69.68257957791457, 6.038423382803474], [-69.54154856798743, 6.0436533902334695], [-69.45226164302943, 6.083469695540434], [-69.43530480114282, 6.105205817498342], [-69.40426835344903, 6.125582977791344], [-69.38441753536443, 6.125520677780124], [-69.34465521615283, 6.144379279790916], [-69.32925593473419, 6.131966523576605], [-69.30726691975354, 6.088953678463147], [-69.23860897192861, 6.079534202788989], [-69.21196956366231, 6.11788462886071], [-69.17769517098083, 6.14726523312867], [-69.15030421088767, 6.1508797494884515], [-69.12372812761117, 6.190909756086971], [-69.1017639870006, 6.194115753364331], [-69.08902417818484, 6.209959663473184], [-69.04617754129293, 6.221698220054726], [-69.03130905593406, 6.217230254087569], [-69.0141642522043, 6.1929285793630084], [-68.97331141509795, 6.196189311932533], [-68.9344378268546, 6.176976609924223], [-68.8822197382616, 6.1673542073605985], [-68.82961148587691, 6.179920720239768], [-68.8093269599292, 6.1704205721955345], [-68.79271185092375, 6.147409891649075], [-68.7518100555954, 6.156865556881623], [-68.70645452182856, 6.152071942381277], [-68.68688986140745, 6.131950613501974], [-68.64484501017313, 6.129152469654915], [-68.58846870305445, 6.166326281429861], [-68.54199567765835, 6.148979031410238], [-68.52268137790645, 6.15933030152502], [-68.51008480557687, 6.17906693376391], [-68.44856769201022, 6.187729279967179], [-68.42720354384255, 6.1821349901279135], [-68.37356968408068, 6.185884680587826], [-68.32837838763152, 6.163954455000207], [-68.30697303640386, 6.162989562106526], [-68.2573880629239, 6.197032943844337], [-68.18679322093703, 6.2101975357533155], [-68.14185391290562, 6.22867498498031], [-68.07768601165526, 6.22709629612004], [-68.04315238473907, 6.198946615639251], [-68.02753799436778, 6.196109169568912], [-68.00159993104711, 6.208168434843991], [-67.97830477538224, 6.208088455973858], [-67.92980708226617, 6.236351361101605], [-67.84566636263526, 6.312044431152203], [-67.80972446369225, 6.324317079714977]]]}}]}